# Blender 5.1.2
# www.blender.org
mtllib bike4.mtl
o Meshy_AI_Tron_Ares_Crimson_Vel_0604083827_texture
v 0.093448 -0.266550 -0.999493
v -0.051494 -0.219427 -0.997306
v -0.057705 -0.020116 -0.998905
v 0.075089 0.009085 -0.992593
v 0.078350 -0.304232 -0.985090
v 0.006028 -0.172388 -0.994985
v 0.053579 -0.136089 -0.995637
v 0.005843 0.054401 -0.979106
v -0.061164 -0.285842 -0.998004
v -0.031830 -0.274990 -0.986927
v 0.064341 -0.241421 -0.988072
v 0.071740 -0.091567 -0.997722
v -0.078487 -0.281521 -0.972876
v 0.168110 -0.220003 -0.963317
v -0.185975 -0.117427 -0.985936
v 0.188034 -0.113331 -0.968559
v -0.093837 0.021446 -0.979290
v 0.013198 -0.304966 -0.971768
v 0.085769 -0.279591 -0.971116
v 0.188514 -0.129497 -0.979505
v -0.165103 -0.101649 -0.971059
v 0.207023 -0.023308 -0.947402
v 0.058268 0.086767 -0.958130
v -0.202640 -0.107978 -0.959348
v 0.115530 0.101778 -0.929193
v -0.054537 -0.359005 -0.942334
v 0.186988 -0.225173 -0.962007
v -0.168699 -0.201591 -0.967315
v -0.086263 0.080262 -0.955864
v -0.183118 -0.224828 -0.966078
v 0.212790 -0.145697 -0.956499
v -0.204984 -0.024431 -0.938535
v 0.072877 -0.342566 -0.953497
v -0.040914 0.094989 -0.958987
v 0.053729 0.121495 -0.945137
v 0.091233 -0.360623 -0.923414
v -0.213376 -0.271913 -0.922275
v -0.138657 0.066782 -0.932839
v 0.091088 0.104273 -0.934820
v 0.221499 -0.203833 -0.923331
v -0.043698 -0.151317 -0.953561
v 0.211065 -0.271648 -0.932272
v -0.008996 -0.131530 -0.933271
v -0.195069 -0.333663 -0.911591
v -0.051110 -0.227328 -0.939946
v 0.218471 0.012714 -0.913076
v 0.005303 -0.041230 -0.929228
v -0.080308 0.157941 -0.920159
v -0.053816 -0.231413 -0.930855
v -0.040205 -0.227342 -0.935330
v -0.111040 -0.122407 -0.930861
v -0.216353 -0.050744 -0.912525
v -0.054642 -0.031178 -0.924652
v -0.094651 0.106619 -0.928904
v -0.049370 0.136483 -0.940417
v 0.068254 0.173826 -0.918536
v 0.060540 -0.402321 -0.908954
v -0.070218 -0.350670 -0.940315
v -0.050779 -0.230533 -0.928387
v -0.038249 -0.209558 -0.933036
v -0.065054 -0.224843 -0.922634
v -0.137825 -0.192054 -0.939403
v -0.153275 -0.208516 -0.927038
v -0.128881 -0.216740 -0.914497
v -0.116579 -0.213442 -0.929988
v -0.120781 -0.208264 -0.931150
v -0.113312 -0.199359 -0.936837
v -0.214954 -0.229124 -0.914905
v -0.113250 -0.100915 -0.938705
v -0.107107 -0.026137 -0.935745
v 0.215470 0.066568 -0.886506
v 0.047548 0.200685 -0.884783
v 0.084251 -0.448724 -0.870461
v -0.066083 -0.231633 -0.941646
v -0.138418 -0.253108 -0.921643
v -0.116660 -0.204770 -0.927542
v -0.021174 -0.097440 -0.905326
v -0.132377 -0.094187 -0.923287
v -0.149505 -0.043174 -0.927645
v -0.203431 0.036244 -0.913852
v 0.088271 0.182486 -0.889455
v -0.092591 -0.316631 -0.908233
v -0.098150 -0.135054 -0.898316
v -0.100883 -0.049462 -0.905729
v -0.106904 0.010799 -0.923780
v 0.091555 0.170572 -0.878384
v -0.073021 -0.437742 -0.885284
v -0.047517 -0.187670 -0.903464
v -0.154044 -0.025525 -0.910007
v -0.003057 0.005351 -0.907474
v 0.156111 0.109037 -0.898790
v 0.196005 -0.360625 -0.882514
v -0.013321 -0.262028 -0.923906
v -0.010084 -0.275217 -0.905806
v 0.214148 -0.345705 -0.872661
v -0.097533 -0.216436 -0.905216
v -0.050943 -0.223069 -0.891600
v 0.205643 -0.041019 -0.884171
v -0.064231 0.032981 -0.898389
v -0.131838 -0.263074 -0.907161
v -0.040695 -0.237240 -0.910308
v -0.095393 0.014665 -0.892601
v -0.054165 0.222196 -0.862785
v -0.047630 -0.436221 -0.873429
v -0.104187 -0.324905 -0.894064
v -0.134048 -0.291803 -0.909532
v -0.091503 -0.271498 -0.894267
v -0.054067 -0.129893 -0.890541
v -0.037231 0.004239 -0.880274
v -0.090744 -0.050523 -0.892532
v 0.210673 0.051040 -0.856006
v -0.082651 -0.437949 -0.856414
v -0.185210 -0.424106 -0.833140
v -0.027476 -0.291325 -0.905728
v -0.079587 -0.229245 -0.895195
v -0.217471 0.037389 -0.879018
v -0.046779 0.008039 -0.898910
v 0.187949 0.145437 -0.838299
v 0.065405 -0.453913 -0.864148
v -0.060570 -0.344072 -0.878551
v -0.127278 -0.314024 -0.885275
v -0.118990 -0.316641 -0.887419
v -0.111677 -0.313806 -0.888232
v -0.070531 -0.292551 -0.892012
v -0.128320 -0.307180 -0.885196
v -0.044205 -0.285076 -0.887500
v -0.045774 -0.061505 -0.886383
v -0.081813 0.012359 -0.880662
v -0.165330 0.162821 -0.850473
v -0.039079 0.210454 -0.869193
v -0.211492 -0.340232 -0.871513
v -0.113215 -0.319117 -0.887951
v -0.068597 -0.330283 -0.868277
v 0.212180 -0.346225 -0.848368
v -0.184581 -0.206171 -0.881086
v -0.209314 0.116624 -0.837392
v -0.138626 0.147106 -0.871224
v -0.073345 0.219688 -0.842555
v 0.069497 0.234684 -0.836200
v -0.091907 -0.339641 -0.876243
v -0.104940 -0.322104 -0.886001
v 0.051910 -0.237776 -0.891245
v 0.130356 -0.162494 -0.886996
v -0.042226 -0.144274 -0.877619
v -0.182074 -0.101536 -0.883574
v -0.106693 -0.323423 -0.884538
v -0.047418 -0.300769 -0.869370
v 0.101963 -0.231229 -0.885173
v -0.051778 -0.201788 -0.882774
v 0.044632 -0.187057 -0.866310
v 0.151233 -0.166003 -0.874628
v -0.122244 -0.169681 -0.891124
v 0.049134 -0.129285 -0.884184
v -0.147046 -0.136190 -0.885050
v 0.187633 -0.119323 -0.885457
v 0.127524 -0.055771 -0.882455
v -0.096842 -0.047270 -0.882234
v -0.199836 0.009811 -0.862858
v -0.084455 0.175995 -0.880224
v -0.060061 -0.462763 -0.851828
v 0.179709 -0.205003 -0.879728
v 0.050559 -0.241450 -0.872096
v 0.041021 -0.045488 -0.869999
v -0.029450 -0.089223 -0.859434
v -0.148826 -0.062250 -0.872497
v 0.105448 -0.022849 -0.867889
v -0.174780 0.159919 -0.836878
v 0.145722 -0.274717 -0.847924
v 0.152188 -0.093912 -0.874656
v 0.144396 0.159301 -0.854371
v -0.190513 -0.327734 -0.832379
v -0.108133 -0.267772 -0.859124
v -0.144709 -0.216580 -0.871951
v 0.037893 -0.107307 -0.858741
v -0.083524 0.030342 -0.840341
v 0.176252 -0.318004 -0.826404
v 0.122978 0.199561 -0.838417
v -0.027439 -0.160685 -0.837826
v 0.159257 -0.011042 -0.846158
v -0.140673 0.023909 -0.832372
v -0.123725 0.032806 -0.837641
v -0.153385 0.011455 -0.849535
v -0.050035 0.007374 -0.844957
v 0.189252 0.025458 -0.840150
v 0.217537 0.096589 -0.845703
v 0.089876 0.209113 -0.827000
v -0.056116 -0.477285 -0.853287
v 0.191139 -0.435966 -0.811614
v -0.042310 -0.268460 -0.854899
v -0.036396 -0.179742 -0.839668
v 0.026163 -0.142446 -0.838477
v 0.039906 0.014200 -0.844062
v 0.080899 -0.456475 -0.847885
v 0.048395 -0.295697 -0.835381
v 0.048965 -0.169269 -0.836885
v 0.181573 -0.329830 -0.809368
v -0.162137 -0.271101 -0.849555
v 0.041980 -0.190418 -0.837417
v -0.218667 0.098654 -0.811990
v -0.207700 0.149882 -0.796645
v 0.061125 -0.490672 -0.830880
v 0.157778 0.041115 -0.820033
v 0.120999 0.036859 -0.831489
v 0.183529 0.163742 -0.818860
v -0.081868 0.227193 -0.805024
v 0.039403 -0.145247 -0.823133
v -0.004424 0.004861 -0.815729
v -0.149579 0.176079 -0.830188
v -0.203478 -0.432576 -0.780957
v -0.058688 -0.152175 -0.831422
v -0.041723 0.067938 -0.786740
v 0.146717 -0.327501 -0.819541
v -0.041005 -0.341230 -0.804225
v -0.134241 -0.314012 -0.823584
v -0.018307 -0.286710 -0.815740
v 0.049237 -0.153696 -0.809337
v -0.006753 -0.148416 -0.832817
v 0.022348 -0.044982 -0.838574
v -0.004261 -0.059758 -0.833500
v 0.037496 0.020926 -0.824214
v 0.094915 -0.484876 -0.792743
v 0.005746 -0.223580 -0.805226
v -0.030335 -0.194887 -0.826164
v -0.164375 0.086935 -0.760267
v 0.219195 0.109799 -0.800517
v -0.119079 0.194725 -0.817608
v -0.071996 -0.491659 -0.790561
v 0.215230 -0.417525 -0.769301
v 0.049965 -0.330117 -0.814927
v -0.020892 -0.330283 -0.792282
v -0.022105 -0.151532 -0.812941
v -0.166761 -0.333636 -0.806279
v 0.041925 -0.186796 -0.813688
v 0.056207 -0.191102 -0.795178
v 0.082913 -0.165494 -0.802463
v -0.084787 -0.165165 -0.780639
v 0.185555 0.067653 -0.792694
v 0.170927 0.172624 -0.808614
v 0.015769 -0.508849 -0.785855
v 0.115990 -0.338371 -0.812941
v 0.023505 -0.161051 -0.811855
v 0.128437 0.084751 -0.779949
v -0.085193 0.251513 -0.759874
v 0.010194 -0.199571 -0.789808
v -0.134769 0.078073 -0.778946
v 0.054339 0.083784 -0.772588
v 0.098205 0.227871 -0.762038
v -0.138817 -0.358424 -0.773387
v 0.028167 -0.167162 -0.761479
v 0.216262 0.142960 -0.778294
v -0.175859 0.188566 -0.750779
v 0.016169 -0.306850 -0.798513
v 0.005779 0.035422 -0.762866
v -0.082008 0.090440 -0.772225
v -0.213038 -0.433633 -0.732303
v 0.182717 -0.380593 -0.758202
v 0.048831 -0.367979 -0.767002
v -0.063190 -0.144860 -0.783585
v -0.046171 -0.147353 -0.785069
v -0.010632 0.043056 -0.778285
v -0.044166 0.253621 -0.776686
v -0.060431 0.264064 -0.736611
v 0.202487 -0.452050 -0.729215
v 0.145219 -0.351478 -0.778286
v 0.162791 -0.372726 -0.769031
v 0.042566 -0.179797 -0.759235
v -0.216595 0.136482 -0.748518
v 0.128285 -0.380221 -0.744541
v 0.025703 -0.347305 -0.774677
v 0.095575 -0.139749 -0.761605
v 0.031785 0.067001 -0.761591
v -0.195511 0.099042 -0.758262
v -0.086931 0.229491 -0.763269
v 0.051055 -0.516361 -0.764067
v -0.001085 -0.312111 -0.779637
v 0.087058 -0.129122 -0.730305
v 0.167245 0.082899 -0.744250
v 0.058725 0.267280 -0.729182
v -0.203151 -0.406787 -0.732241
v -0.075841 -0.176262 -0.760385
v 0.052052 -0.155666 -0.756428
v -0.047439 -0.390963 -0.735852
v -0.048713 -0.173726 -0.765543
v -0.094648 -0.121883 -0.704361
v 0.007189 -0.139173 -0.766611
v -0.045433 -0.525498 -0.714956
v 0.149732 -0.388415 -0.698376
v 0.007335 -0.196791 -0.740627
v 0.206156 0.117897 -0.697000
v 0.076570 -0.508066 -0.737178
v -0.184486 -0.476532 -0.740757
v 0.196215 -0.480611 -0.673851
v 0.091975 -0.167484 -0.748484
v 0.200113 0.187608 -0.681255
v -0.002223 0.273754 -0.706155
v 0.144091 -0.480484 -0.752126
v -0.177568 -0.385926 -0.714067
v -0.035982 -0.384880 -0.705138
v 0.000358 -0.319178 -0.732271
v -0.052068 -0.186171 -0.723569
v -0.064764 -0.170834 -0.730182
v -0.053584 -0.144998 -0.740445
v 0.019829 -0.124200 -0.736696
v -0.007712 0.073686 -0.693930
v -0.139570 0.087579 -0.767390
v 0.225459 0.148240 -0.700712
v 0.102756 0.260268 -0.723648
v -0.058199 -0.519627 -0.705426
v -0.000140 -0.096380 -0.732850
v -0.027380 0.086950 -0.718302
v -0.102251 0.109892 -0.724583
v -0.202256 0.180972 -0.680282
v 0.034299 -0.383678 -0.723306
v -0.115522 -0.163942 -0.707511
v 0.004644 -0.336700 -0.693701
v 0.076666 -0.156486 -0.730969
v 0.046722 -0.128365 -0.735932
v 0.150490 0.104672 -0.691788
v 0.036997 -0.518111 -0.698711
v 0.223175 -0.447036 -0.630720
v -0.107079 -0.178363 -0.701771
v 0.115259 -0.125104 -0.703274
v 0.024681 0.084023 -0.691069
v 0.020538 -0.342705 -0.681893
v 0.066224 -0.143177 -0.705314
v -0.076176 0.108667 -0.674057
v 0.140160 0.228234 -0.687338
v 0.143920 0.243741 -0.676088
v -0.143397 -0.386678 -0.693771
v -0.032494 -0.364458 -0.688649
v 0.053037 -0.107147 -0.717157
v -0.053356 0.105685 -0.726959
v -0.135649 0.223728 -0.691222
v -0.122066 0.251932 -0.682081
v 0.036704 -0.188368 -0.691709
v 0.063854 -0.126359 -0.696987
v -0.075468 -0.123527 -0.696114
v 0.008761 -0.083118 -0.698899
v -0.165411 0.098303 -0.663870
v -0.090091 -0.154846 -0.688903
v 0.036133 -0.123818 -0.707283
v 0.186126 0.201119 -0.694784
v 0.132480 -0.396042 -0.684016
v -0.019645 -0.211638 -0.655788
v 0.081040 -0.168841 -0.679875
v 0.080929 -0.150442 -0.698226
v 0.117534 -0.150424 -0.699306
v -0.150625 0.105291 -0.668370
v -0.109076 0.110702 -0.659647
v 0.078700 0.265994 -0.690898
v 0.157404 -0.497400 -0.658912
v -0.035687 -0.390782 -0.654132
v 0.003712 -0.208652 -0.683149
v -0.054584 -0.180764 -0.684068
v 0.055417 -0.165259 -0.687387
v -0.080138 -0.151202 -0.678907
v -0.023917 0.091489 -0.662461
v 0.033427 -0.392534 -0.685590
v 0.129125 0.104311 -0.701202
v -0.215631 0.145242 -0.624223
v 0.179537 -0.392145 -0.620086
v 0.052907 -0.200423 -0.694022
v 0.140557 -0.152718 -0.693286
v 0.031856 -0.098705 -0.667569
v 0.053362 0.104455 -0.700737
v -0.137847 0.094748 -0.634084
v -0.210694 0.119899 -0.645793
v -0.180101 0.198318 -0.671847
v 0.138200 -0.106518 -0.671867
v -0.175453 -0.386846 -0.621755
v 0.035190 -0.365657 -0.664728
v 0.107150 -0.165782 -0.655943
v 0.043079 -0.117877 -0.674247
v 0.106214 -0.088642 -0.671367
v -0.192428 -0.485174 -0.657595
v -0.004599 -0.324008 -0.676090
v 0.029576 -0.203824 -0.663426
v -0.131773 -0.165383 -0.666325
v 0.099103 -0.113228 -0.644977
v -0.124128 -0.066873 -0.661979
v 0.007409 -0.084740 -0.662942
v 0.040070 -0.208081 -0.648821
v -0.058500 -0.190205 -0.670760
v 0.140875 -0.150311 -0.644363
v -0.071820 -0.118397 -0.659673
v 0.118305 -0.072093 -0.676143
v 0.068474 -0.082003 -0.674340
v 0.028977 0.084284 -0.655825
v 0.208335 -0.409411 -0.591041
v -0.146591 -0.386822 -0.627682
v 0.079859 -0.160285 -0.658602
v -0.094188 -0.149026 -0.647932
v -0.055413 0.094984 -0.618606
v -0.170692 0.220899 -0.637655
v 0.108971 0.245770 -0.649998
v -0.007952 -0.330840 -0.648361
v 0.079789 -0.182171 -0.647150
v -0.033396 -0.092133 -0.634730
v 0.062335 0.095634 -0.631258
v 0.141576 0.096291 -0.633273
v -0.098126 -0.502067 -0.569732
v -0.218310 -0.432989 -0.601227
v 0.054263 -0.117530 -0.642243
v 0.104284 -0.074603 -0.659468
v -0.035733 0.077904 -0.619188
v -0.145088 0.243551 -0.619679
v 0.010973 -0.332965 -0.649935
v -0.183679 -0.069579 -0.620242
v 0.144663 -0.046160 -0.653872
v -0.001901 0.044530 -0.635917
v 0.158479 0.240761 -0.633277
v -0.089737 0.256900 -0.661525
v 0.087882 0.252194 -0.649364
v 0.017788 -0.208948 -0.621353
v 0.149762 -0.153274 -0.612917
v -0.118209 0.232323 -0.623178
v -0.047994 0.264070 -0.608551
v 0.080187 0.255138 -0.649193
v 0.083930 0.253741 -0.649291
v -0.201990 -0.383039 -0.559650
v 0.132514 -0.385826 -0.585931
v -0.182201 -0.126767 -0.607075
v 0.070983 -0.119425 -0.638952
v -0.074982 -0.121588 -0.634208
v 0.028484 -0.085602 -0.640884
v 0.102544 -0.164702 -0.627466
v -0.119362 -0.148092 -0.604875
v 0.161692 0.093993 -0.643979
v -0.122503 0.077734 -0.604996
v -0.108701 0.088922 -0.601445
v -0.057913 0.250333 -0.595593
v 0.084272 0.246599 -0.590783
v 0.050898 -0.519084 -0.642465
v 0.199749 -0.469709 -0.603723
v -0.303531 -0.239568 -0.632871
v -0.098110 -0.133448 -0.604398
v 0.086994 -0.146021 -0.631064
v -0.005072 -0.059447 -0.602485
v -0.015943 0.030069 -0.566460
v -0.197577 -0.463377 -0.566284
v 0.049931 -0.388501 -0.627448
v -0.327211 -0.268855 -0.638643
v 0.302646 -0.263716 -0.632892
v 0.328414 -0.252733 -0.635913
v 0.341693 -0.210828 -0.619348
v 0.315331 -0.168988 -0.622113
v 0.029072 -0.101584 -0.594541
v 0.024544 -0.071862 -0.600299
v 0.149439 -0.383660 -0.605410
v -0.047275 -0.379804 -0.607021
v -0.320647 -0.288263 -0.610110
v 0.303594 -0.279475 -0.612133
v 0.324550 -0.281361 -0.610389
v -0.300841 -0.276402 -0.617248
v -0.006679 -0.223083 -0.583522
v 0.063685 -0.156753 -0.608620
v 0.103748 -0.089220 -0.613630
v -0.076475 0.090776 -0.621077
v 0.168102 0.221549 -0.600027
v -0.333963 -0.273773 -0.605593
v 0.293186 -0.181193 -0.619317
v -0.326028 -0.198149 -0.626681
v -0.125068 -0.051115 -0.578166
v 0.008208 0.014437 -0.601657
v -0.210946 0.131648 -0.565711
v -0.034731 -0.339231 -0.579057
v -0.284295 -0.138724 -0.614465
v 0.057249 -0.177346 -0.626972
v 0.323698 -0.137897 -0.602887
v -0.049361 -0.164751 -0.577976
v -0.155785 -0.045377 -0.615424
v 0.163006 0.073902 -0.593362
v -0.146963 0.075115 -0.594108
v 0.022167 0.261502 -0.583851
v -0.316261 -0.120648 -0.603604
v 0.057458 -0.140743 -0.607686
v -0.038813 -0.138157 -0.588438
v 0.118495 -0.121077 -0.600901
v 0.193463 -0.054503 -0.604956
v 0.163012 -0.369301 -0.557719
v -0.100035 -0.370904 -0.586727
v 0.331014 -0.237596 -0.579823
v 0.279036 -0.222202 -0.582572
v -0.272032 -0.201986 -0.594826
v 0.089401 -0.119492 -0.576955
v 0.181948 -0.108533 -0.619573
v 0.130892 -0.043366 -0.579111
v 0.152630 0.061506 -0.605033
v 0.212010 0.113194 -0.625941
v 0.224685 0.131298 -0.617779
v -0.133068 0.232407 -0.600347
v 0.083245 -0.498178 -0.535218
v -0.214598 -0.371541 -0.496425
v 0.016372 -0.211800 -0.572204
v -0.334963 -0.199479 -0.593186
v 0.242139 -0.174513 -0.563809
v 0.104366 -0.140897 -0.602784
v -0.104454 -0.118899 -0.604236
v 0.031058 0.056848 -0.585572
v 0.058305 0.052376 -0.563257
v 0.009407 -0.501465 -0.507627
v 0.062299 -0.376226 -0.577856
v 0.021496 -0.307026 -0.534648
v 0.222613 -0.132323 -0.581128
v 0.288970 -0.097859 -0.594474
v 0.255968 -0.123346 -0.584774
v -0.008960 -0.052239 -0.571840
v -0.141426 0.056710 -0.596766
v 0.201632 -0.444016 -0.555742
v 0.032000 -0.183153 -0.580477
v 0.155703 -0.034797 -0.572326
v 0.132245 0.076676 -0.597553
v -0.014895 -0.276525 -0.516112
v 0.294109 -0.245318 -0.562682
v 0.000814 -0.034719 -0.593145
v 0.144269 0.068221 -0.593617
v 0.144872 0.070133 -0.595825
v 0.221936 0.132640 -0.582073
v 0.176893 0.173116 -0.558195
v -0.154837 -0.357358 -0.543992
v 0.055340 -0.343587 -0.568216
v 0.006486 -0.299527 -0.569154
v -0.241405 -0.139481 -0.580934
v -0.290942 -0.077141 -0.590379
v -0.007564 -0.003691 -0.587830
v -0.162061 -0.044973 -0.574733
v -0.136768 -0.020831 -0.588462
v -0.048146 0.020083 -0.550486
v 0.145655 0.061340 -0.582345
v -0.063130 0.001472 -0.521558
v 0.144661 0.069385 -0.594544
v 0.085714 -0.149469 -0.575323
v 0.163649 -0.125582 -0.583698
v -0.178970 -0.115430 -0.576641
v 0.145271 -0.071168 -0.571174
v 0.242881 -0.054886 -0.576979
v 0.254540 -0.023014 -0.569143
v -0.253717 -0.038917 -0.574809
v 0.175068 -0.051315 -0.563211
v 0.192845 -0.444986 -0.505171
v -0.212880 -0.418779 -0.536570
v -0.285487 -0.221173 -0.517908
v 0.063479 -0.148819 -0.574838
v 0.040289 -0.143019 -0.567634
v -0.240424 -0.050522 -0.570383
v 0.293200 -0.040450 -0.550490
v -0.144988 -0.022475 -0.574882
v -0.136927 0.018750 -0.585534
v 0.140499 0.006599 -0.552450
v 0.303906 -0.099361 -0.527708
v 0.014199 -0.151504 -0.554221
v -0.059018 -0.126781 -0.517133
v -0.208005 -0.043818 -0.541463
v -0.000640 -0.018855 -0.573857
v 0.003157 -0.017998 -0.571364
v 0.209568 0.045508 -0.513064
v 0.057567 -0.146440 -0.551881
v 0.228024 -0.136001 -0.548299
v 0.077094 -0.118551 -0.522073
v -0.001173 -0.085918 -0.559476
v -0.158158 -0.084626 -0.577723
v 0.026100 -0.010177 -0.538741
v -0.136567 0.025702 -0.549826
v -0.210704 0.075654 -0.529421
v -0.165089 0.204656 -0.565445
v -0.082551 0.215966 -0.516169
v -0.053853 -0.330223 -0.519059
v -0.320238 -0.231358 -0.541687
v 0.010747 -0.238851 -0.561885
v -0.001248 -0.233570 -0.555329
v 0.262926 -0.224845 -0.556236
v 0.243196 -0.183430 -0.533627
v 0.060115 -0.165087 -0.541051
v 0.180589 -0.066333 -0.553545
v -0.136333 -0.078329 -0.562922
v -0.138624 0.005095 -0.561715
v -0.133963 0.011750 -0.544224
v -0.131259 0.038292 -0.562917
v 0.066919 -0.341359 -0.530883
v -0.250886 -0.200802 -0.540052
v -0.310443 -0.131168 -0.528457
v -0.023756 -0.152653 -0.553883
v -0.306430 -0.093729 -0.533707
v -0.253130 -0.014503 -0.548266
v 0.137590 0.022292 -0.532891
v 0.156835 0.027690 -0.535812
v -0.179077 -0.327178 -0.505833
v -0.015873 -0.190104 -0.520555
v 0.039681 -0.196806 -0.495606
v 0.076435 -0.159070 -0.530479
v 0.002862 -0.060706 -0.534120
v -0.278034 -0.013130 -0.536874
v 0.154010 -0.000087 -0.555786
v 0.156512 0.195453 -0.550838
v 0.269595 -0.001896 -0.539381
v -0.206180 -0.041285 -0.528062
v 0.157527 -0.047012 -0.529425
v 0.087134 0.216591 -0.538389
v 0.005187 0.223658 -0.516436
v -0.097174 -0.338677 -0.527405
v 0.001766 -0.277504 -0.536944
v 0.002118 -0.214768 -0.550199
v -0.149130 -0.031098 -0.540860
v -0.057769 -0.489043 -0.486243
v 0.217601 -0.399377 -0.506638
v 0.297125 -0.224266 -0.527171
v -0.144961 -0.035083 -0.502757
v -0.302380 -0.048739 -0.526601
v -0.136252 0.192277 -0.535249
v -0.194784 -0.423718 -0.487606
v 0.153933 -0.335002 -0.523822
v -0.041378 -0.191165 -0.491442
v -0.078261 -0.133768 -0.526473
v 0.006809 -0.148122 -0.513595
v -0.008781 -0.041030 -0.517512
v 0.226936 -0.000856 -0.521207
v 0.219307 0.080515 -0.527192
v 0.153823 0.205184 -0.541284
v 0.254317 -0.198092 -0.518607
v 0.201731 -0.054064 -0.541160
v -0.157468 -0.009513 -0.523128
v -0.239892 0.001715 -0.538817
v 0.063830 -0.305666 -0.486022
v 0.020045 -0.183604 -0.536755
v -0.015974 -0.158057 -0.509965
v -0.145819 -0.013769 -0.538780
v -0.145891 -0.011866 -0.536741
v 0.186687 0.033077 -0.532804
v 0.193676 -0.348764 -0.518089
v 0.135298 -0.305240 -0.494778
v 0.041217 -0.295737 -0.505058
v 0.006437 -0.217200 -0.508192
v -0.219993 -0.134376 -0.530568
v 0.207694 -0.111493 -0.520037
v -0.291405 -0.111673 -0.503657
v 0.169968 -0.031856 -0.507490
v -0.136242 -0.010240 -0.506553
v -0.149382 -0.019177 -0.534475
v -0.145957 -0.018079 -0.534555
v -0.172253 0.028641 -0.518305
v -0.162768 0.150201 -0.522653
v 0.030467 -0.265529 -0.507905
v 0.007393 -0.262168 -0.507214
v -0.263772 -0.208278 -0.515647
v 0.174389 0.006266 -0.522386
v 0.045476 -0.007260 -0.503515
v 0.133301 0.186969 -0.524320
v -0.029639 -0.122743 -0.499351
v 0.078797 -0.137274 -0.518031
v -0.216683 -0.095744 -0.482548
v 0.207584 -0.072197 -0.504293
v 0.188676 -0.008069 -0.377596
v 0.025809 -0.156363 -0.512831
v 0.184647 -0.407786 -0.455449
v 0.229797 -0.142359 -0.498743
v -0.156362 -0.031529 -0.499804
v -0.216065 0.036692 -0.501151
v 0.188909 -0.341479 -0.499052
v 0.275952 -0.190351 -0.502513
v 0.064241 -0.179264 -0.471964
v -0.056013 -0.153948 -0.486805
v 0.297388 -0.077331 -0.486635
v 0.025731 -0.022998 -0.486364
v -0.136768 0.157739 -0.502454
v 0.068330 0.211966 -0.502125
v 0.012491 0.200481 -0.473195
v 0.135172 -0.462585 -0.500662
v 0.220493 -0.346898 -0.468341
v 0.238908 -0.162901 -0.493590
v -0.244554 -0.139562 -0.498080
v 0.135181 0.155868 -0.496211
v -0.054165 0.178952 -0.461604
v -0.170966 -0.284201 -0.466594
v -0.017831 -0.239025 -0.499204
v -0.004232 -0.143335 -0.508441
v 0.201622 -0.048978 -0.455870
v 0.148704 -0.029024 -0.489336
v 0.285206 -0.031584 -0.450595
v 0.109649 0.188807 -0.512095
v 0.004542 0.232588 -0.490430
v 0.152509 -0.294853 -0.467367
v -0.086932 -0.267443 -0.472241
v 0.021754 -0.221971 -0.494412
v 0.271588 -0.201040 -0.457029
v 0.265292 -0.182885 -0.504709
v -0.276660 -0.136488 -0.492825
v 0.029194 -0.164317 -0.486833
v -0.065330 -0.144745 -0.499163
v 0.025314 -0.109482 -0.458851
v -0.037349 -0.120255 -0.470267
v -0.024713 -0.055543 -0.480774
v -0.214533 -0.013818 -0.456617
v -0.060786 -0.265649 -0.468520
v 0.075720 -0.145120 -0.464561
v -0.094256 -0.135404 -0.471685
v -0.067053 -0.144138 -0.497088
v -0.067553 -0.144457 -0.495889
v -0.066205 -0.143747 -0.496589
v -0.206830 -0.033449 -0.435148
v -0.155379 0.073873 -0.446995
v 0.120851 0.153621 -0.482838
v -0.133552 0.167909 -0.489189
v 0.097017 0.172469 -0.482421
v 0.068456 0.179489 -0.483376
v -0.015055 -0.193415 -0.489825
v -0.062279 -0.140625 -0.493810
v 0.267510 -0.100482 -0.472868
v -0.244258 -0.107613 -0.494526
v 0.093231 -0.091714 -0.493827
v -0.247563 -0.002535 -0.450943
v -0.228135 -0.127528 -0.452934
v 0.073169 -0.126757 -0.464957
v 0.221503 -0.101381 -0.475206
v -0.205844 0.037068 -0.465607
v -0.196472 0.063001 -0.460069
v -0.127409 -0.437796 -0.471824
v -0.201355 -0.363149 -0.445309
v -0.023773 -0.263713 -0.483952
v 0.054174 -0.266091 -0.462827
v -0.281899 -0.020997 -0.436059
v -0.179081 -0.025558 -0.453041
v 0.215586 -0.006652 -0.451937
v 0.068500 -0.429410 -0.402998
v 0.202315 -0.336403 -0.406741
v -0.058950 -0.212562 -0.470438
v 0.234895 -0.095199 -0.465653
v -0.285080 -0.070759 -0.448007
v 0.110046 -0.085947 -0.450762
v 0.165733 -0.066957 -0.455893
v 0.210439 0.038084 -0.449951
v 0.022418 0.282650 -0.476553
v -0.156119 -0.414618 -0.455707
v 0.203692 0.000374 -0.440831
v 0.157974 0.042153 -0.412669
v -0.074434 0.159378 -0.446340
v 0.048331 0.172937 -0.426200
v -0.044755 0.313377 -0.473854
v 0.011053 0.316279 -0.479072
v 0.119959 -0.244164 -0.454210
v -0.081224 -0.218223 -0.471554
v -0.087728 -0.181110 -0.468644
v 0.271209 -0.191422 -0.445983
v 0.226918 -0.174823 -0.454982
v -0.076313 -0.133160 -0.462344
v -0.104282 -0.062218 -0.472689
v 0.092189 -0.116608 -0.458152
v 0.114921 -0.117743 -0.438585
v 0.254409 -0.003264 -0.454575
v -0.215774 -0.321614 -0.439903
v 0.084155 -0.178492 -0.456868
v 0.088730 -0.083121 -0.458995
v 0.007785 0.261692 -0.448019
v -0.067398 0.274941 -0.456894
v 0.081430 0.356590 -0.433069
v -0.122357 -0.200533 -0.446805
v 0.265693 -0.197796 -0.443704
v -0.240567 -0.122739 -0.460571
v 0.104326 0.146534 -0.446685
v 0.098683 0.331533 -0.443514
v 0.167190 -0.254195 -0.459358
v 0.224183 -0.131702 -0.444086
v -0.099612 -0.122128 -0.449898
v -0.236723 -0.089183 -0.399979
v 0.178628 -0.082227 -0.414886
v -0.217433 -0.070227 -0.468616
v 0.196852 -0.017877 -0.440714
v -0.024345 0.175580 -0.432863
v 0.037090 0.355575 -0.451802
v -0.011501 0.350962 -0.449778
v -0.070447 -0.419494 -0.392787
v 0.214158 -0.178079 -0.432194
v -0.207657 -0.100894 -0.428998
v 0.221099 -0.085532 -0.441052
v 0.178927 -0.058288 -0.425229
v 0.067673 0.172060 -0.432719
v -0.154826 -0.231667 -0.440559
v 0.220349 -0.169974 -0.461224
v 0.284525 -0.072530 -0.427936
v 0.079138 0.278612 -0.438659
v -0.042588 0.343664 -0.444815
v 0.165062 -0.184720 -0.426943
v -0.176557 -0.205088 -0.439601
v -0.146628 -0.105146 -0.445779
v -0.215332 -0.150467 -0.441968
v -0.100401 0.290668 -0.418918
v -0.104090 0.327768 -0.439311
v 0.036704 0.351824 -0.434940
v 0.155115 -0.364258 -0.398552
v 0.142953 -0.202514 -0.430011
v 0.191737 -0.151793 -0.427410
v 0.232067 -0.136851 -0.425425
v 0.185876 -0.030768 -0.418736
v -0.124526 0.100540 -0.426512
v -0.176594 -0.317473 -0.373263
v -0.214257 -0.014001 -0.438419
v -0.201204 -0.014947 -0.406408
v 0.070616 0.383777 -0.420913
v 0.170539 -0.352657 -0.389466
v 0.208012 -0.298382 -0.413622
v 0.186539 -0.205243 -0.403603
v -0.198645 -0.153491 -0.425836
v -0.158400 -0.161878 -0.423258
v 0.210144 0.002943 -0.424062
v -0.137193 -0.348985 -0.388255
v 0.269060 -0.196792 -0.431702
v -0.228664 -0.124560 -0.416539
v -0.183671 -0.149755 -0.429232
v 0.198221 -0.136566 -0.400060
v 0.131643 0.368196 -0.392688
v 0.062352 0.375251 -0.411775
v 0.269151 -0.197480 -0.430411
v 0.210779 -0.163064 -0.414157
v -0.165951 -0.099769 -0.418396
v -0.185738 -0.078535 -0.410429
v 0.195307 -0.083822 -0.406205
v -0.248899 -0.087096 -0.380343
v -0.056146 0.274557 -0.414936
v 0.137504 0.332916 -0.394415
v -0.199037 -0.303730 -0.397792
v -0.212148 -0.249615 -0.398386
v 0.208364 -0.218757 -0.409240
v 0.269307 -0.197430 -0.428527
v 0.207354 -0.198240 -0.405706
v 0.173412 -0.147980 -0.418430
v -0.108863 0.370279 -0.405850
v -0.206088 -0.186677 -0.399765
v -0.140747 0.336742 -0.379679
v -0.025615 0.396777 -0.390206
v -0.210417 -0.222276 -0.408876
v -0.278506 -0.189267 -0.403424
v -0.204911 -0.086913 -0.401765
v 0.284849 -0.010747 -0.343333
v -0.194221 -0.014569 -0.381492
v -0.115674 -0.379755 -0.379668
v 0.201139 -0.255569 -0.399186
v 0.255277 -0.245314 -0.407505
v 0.289201 -0.180981 -0.403276
v -0.211938 0.014287 -0.329396
v -0.071897 0.153478 -0.356188
v 0.072250 0.288575 -0.382961
v 0.094372 0.401927 -0.385582
v 0.014941 -0.422314 -0.379931
v -0.261510 -0.238007 -0.397270
v 0.270791 -0.183291 -0.398789
v 0.197202 -0.167144 -0.397732
v 0.220458 -0.146941 -0.406185
v 0.188732 -0.120956 -0.393540
v -0.211099 -0.057522 -0.403986
v 0.171891 -0.019415 -0.358809
v 0.034360 0.281462 -0.372444
v -0.277422 -0.122958 -0.392626
v -0.251248 -0.190493 -0.395778
v 0.220897 -0.148996 -0.402679
v 0.223304 -0.150292 -0.401443
v -0.291452 -0.102318 -0.394721
v 0.292921 -0.137292 -0.397837
v 0.253302 -0.090021 -0.383958
v 0.287206 -0.063345 -0.325449
v 0.109992 0.123636 -0.358625
v 0.135777 0.318709 -0.354314
v -0.102673 0.387819 -0.358942
v 0.101956 0.375858 -0.384286
v 0.264474 -0.114261 -0.394266
v 0.222142 -0.101716 -0.391906
v -0.269540 0.008676 -0.340291
v 0.086768 0.396607 -0.365258
v 0.077095 -0.384918 -0.364017
v -0.182062 -0.307403 -0.376954
v 0.275706 -0.150449 -0.384142
v -0.272826 -0.114029 -0.373215
v -0.236562 -0.083072 -0.388877
v -0.205024 -0.073153 -0.369385
v -0.017745 0.154912 -0.358440
v -0.075540 0.301423 -0.374336
v 0.297025 -0.096264 -0.373837
v -0.162771 -0.012017 -0.373984
v -0.062568 0.293461 -0.362451
v -0.102292 0.305243 -0.351942
v -0.200929 -0.252618 -0.373770
v -0.255617 -0.256667 -0.202983
v -0.291913 -0.110485 -0.345365
v -0.287876 -0.057594 -0.330023
v 0.172468 -0.258857 -0.343219
v 0.193829 -0.087839 -0.360519
v -0.247911 -0.095831 -0.346293
v 0.168998 0.024038 -0.287930
v 0.012442 0.290820 -0.370391
v -0.140389 0.413691 -0.302013
v -0.057235 0.418837 -0.338704
v -0.011283 0.484724 -0.378346
v 0.293845 -0.120376 -0.331355
v -0.214570 -0.089035 -0.361838
v 0.250450 0.014485 -0.344426
v 0.108761 0.382837 -0.366065
v 0.102118 0.385430 -0.371127
v 0.024920 0.472053 -0.377176
v 0.147398 -0.329439 -0.359726
v 0.255149 -0.095444 -0.330926
v -0.176739 -0.036725 -0.335624
v -0.126633 0.334415 -0.252978
v 0.102527 0.381129 -0.371956
v 0.100844 0.382291 -0.369299
v 0.119496 -0.332614 -0.357659
v -0.168026 -0.306241 -0.371954
v 0.101013 0.384587 -0.359557
v 0.104938 0.384658 -0.341292
v 0.274718 -0.145914 -0.340094
v -0.134012 0.082343 -0.329443
v -0.091795 0.145752 -0.343243
v -0.057739 0.319155 -0.308224
v 0.095289 0.311504 -0.306289
v 0.088478 0.307738 -0.360840
v 0.157859 0.362551 -0.323096
v 0.104074 0.386419 -0.362675
v 0.031275 0.428584 -0.334211
v -0.012465 0.474529 -0.347098
v 0.023620 0.503581 -0.355767
v -0.230802 -0.263176 -0.305884
v 0.247918 -0.282324 -0.274211
v 0.107738 0.411594 -0.339704
v -0.013537 0.506020 -0.344731
v -0.008686 -0.349840 -0.333279
v 0.217529 -0.254220 -0.346327
v 0.152966 0.015406 -0.366750
v -0.043611 0.156254 -0.345201
v 0.039145 0.153729 -0.340317
v 0.119598 0.388237 -0.354956
v 0.037755 0.488684 -0.338222
v 0.043261 0.504859 -0.347995
v -0.058457 -0.346444 -0.340487
v -0.268569 -0.138086 -0.328795
v 0.183184 -0.008071 -0.341889
v -0.031667 0.181477 -0.336435
v -0.057252 0.456051 -0.356062
v 0.015141 0.467510 -0.348518
v 0.063514 -0.350078 -0.340339
v -0.117042 -0.260966 -0.317161
v 0.222766 0.027437 -0.342798
v -0.070713 0.295908 -0.304451
v -0.005063 0.456333 -0.342054
v 0.068224 0.460099 -0.346915
v 0.024934 0.469424 -0.328280
v 0.015957 0.468070 -0.347683
v 0.014360 0.468221 -0.348118
v 0.033950 0.496347 -0.331154
v -0.084534 -0.305320 -0.331198
v 0.171137 -0.000589 -0.334161
v 0.099936 0.399306 -0.329206
v 0.120925 0.407424 -0.296729
v -0.110274 0.439422 -0.285963
v 0.085554 0.415594 -0.317932
v 0.084279 -0.322211 -0.326074
v 0.119175 -0.296357 -0.332015
v -0.276947 -0.152063 -0.279233
v 0.273485 -0.141384 -0.317312
v -0.197942 -0.085710 -0.338705
v 0.307857 -0.025646 -0.331908
v 0.283972 0.013650 -0.342533
v -0.274257 0.019151 -0.332073
v 0.001360 0.165050 -0.324506
v 0.069167 0.318729 -0.293825
v 0.033548 0.447585 -0.332763
v -0.040311 0.461158 -0.329232
v -0.196873 -0.118921 -0.321477
v -0.230942 -0.098989 -0.327802
v 0.175995 -0.004458 -0.305459
v 0.097020 0.138273 -0.313895
v -0.162262 0.388034 -0.277792
v -0.053381 0.473321 -0.324356
v -0.031496 0.501821 -0.330382
v -0.034343 0.519597 -0.323910
v -0.092926 0.518627 -0.331850
v -0.103372 -0.325394 -0.320266
v -0.232942 -0.123074 -0.297812
v 0.289844 -0.066632 -0.304196
v 0.273618 0.026496 -0.315295
v 0.023986 0.183955 -0.317765
v 0.091401 0.439574 -0.311383
v 0.043124 0.490548 -0.313260
v -0.098857 0.506433 -0.335127
v 0.087738 0.514530 -0.341288
v 0.108604 -0.332510 -0.275380
v 0.129637 -0.321526 -0.294212
v -0.135121 -0.323971 -0.280044
v 0.124524 -0.306195 -0.299667
v 0.159984 -0.235809 -0.316574
v -0.297209 -0.015047 -0.328617
v -0.035112 0.140670 -0.318683
v 0.091973 0.328447 -0.297523
v 0.109064 0.333935 -0.305217
v 0.112078 0.401694 -0.315108
v -0.093957 0.424739 -0.261952
v 0.100256 0.429965 -0.303548
v -0.099653 0.447226 -0.298056
v 0.100340 0.499902 -0.287459
v 0.306287 -0.082105 -0.322549
v 0.279714 -0.089786 -0.293096
v -0.090818 0.331166 -0.305693
v 0.101495 0.402316 -0.270384
v 0.110406 0.395965 -0.319216
v 0.110758 0.401042 -0.318136
v -0.098346 0.408668 -0.298547
v 0.056043 0.429361 -0.309580
v 0.058851 0.442535 -0.310328
v 0.030291 0.503210 -0.312716
v -0.072637 0.492034 -0.268001
v -0.066393 -0.347281 -0.287664
v 0.230847 -0.099086 -0.325080
v 0.185085 -0.085537 -0.320865
v -0.302705 -0.078150 -0.321257
v -0.288189 -0.076588 -0.305554
v -0.310476 -0.037337 -0.287926
v 0.001229 0.138688 -0.324058
v 0.022883 0.140772 -0.317121
v 0.027589 0.461866 -0.290659
v 0.119428 0.436578 -0.287695
v -0.188434 -0.112875 -0.292509
v -0.188986 -0.090096 -0.294725
v -0.169678 -0.012323 -0.292121
v -0.174120 -0.001621 -0.295822
v 0.251857 0.031279 -0.288741
v -0.069170 0.342800 -0.256334
v 0.052527 0.434850 -0.313748
v 0.053817 0.434565 -0.313308
v 0.037843 0.447814 -0.311595
v 0.157547 -0.258461 -0.283294
v 0.210459 -0.260232 -0.287169
v -0.183186 -0.185726 -0.310011
v -0.170672 -0.116306 -0.304234
v 0.181086 -0.156057 -0.300095
v 0.282710 -0.116180 -0.295418
v 0.180869 -0.086510 -0.284597
v -0.025759 0.114288 -0.269711
v 0.100566 0.406329 -0.308017
v -0.035631 0.438567 -0.278224
v -0.144734 0.502676 -0.266737
v 0.062513 -0.352262 -0.281853
v -0.247883 -0.275577 -0.280214
v -0.222581 -0.259099 -0.282253
v -0.260007 -0.127575 -0.274999
v 0.220756 0.026641 -0.300005
v 0.101414 0.405795 -0.306317
v 0.103348 0.404107 -0.305214
v 0.012226 0.439040 -0.275907
v 0.020925 0.489684 -0.284856
v -0.131001 -0.284508 -0.270675
v 0.223336 -0.289635 -0.266753
v -0.259561 -0.165625 -0.305782
v 0.277839 -0.162110 -0.273374
v 0.301552 -0.030959 -0.267201
v -0.232624 0.032026 -0.267882
v -0.138298 0.118953 -0.227877
v 0.136536 0.120640 -0.223875
v 0.161958 0.366852 -0.217665
v 0.103330 0.413812 -0.289910
v -0.138080 0.440318 -0.285708
v 0.128843 0.426943 -0.298932
v 0.078008 0.482733 -0.270449
v 0.144395 0.496870 -0.253426
v -0.005687 0.502840 -0.272111
v 0.145020 0.515455 -0.255106
v -0.119995 -0.333871 -0.280018
v -0.140567 -0.305947 -0.280016
v 0.150906 -0.308091 -0.287638
v -0.172888 -0.202334 -0.282874
v -0.266130 -0.100287 -0.276199
v -0.111754 0.489114 -0.250148
v -0.209425 -0.121218 -0.280824
v -0.291755 -0.106814 -0.302498
v 0.194894 0.037848 -0.278796
v -0.150113 -0.311336 -0.253165
v -0.220328 -0.171943 -0.264814
v -0.221683 -0.159025 -0.288335
v -0.259471 -0.170904 -0.245541
v 0.176436 -0.146820 -0.285013
v -0.300079 -0.088230 -0.228842
v -0.208180 -0.098574 -0.273974
v -0.282738 -0.085646 -0.287942
v -0.282869 -0.085563 -0.289421
v -0.099546 0.346938 -0.253311
v -0.103141 0.406192 -0.270134
v 0.165776 0.414094 -0.259061
v -0.107790 0.434798 -0.287624
v -0.101628 0.438798 -0.288004
v -0.113674 0.429897 -0.272931
v 0.114914 0.430367 -0.258597
v 0.134062 -0.316636 -0.284143
v 0.134790 -0.313747 -0.286672
v 0.138342 -0.313767 -0.284574
v 0.270744 -0.164752 -0.295433
v -0.252301 -0.176203 -0.274666
v -0.211395 -0.123504 -0.286610
v -0.187782 -0.089644 -0.281596
v -0.185115 -0.087167 -0.271268
v 0.303278 -0.076466 -0.268211
v -0.195446 0.033614 -0.251226
v -0.079124 0.303132 -0.263739
v 0.045054 0.437948 -0.265976
v 0.133678 0.487528 -0.235535
v 0.019340 0.492739 -0.272691
v -0.098779 -0.363848 -0.224061
v 0.095963 -0.355806 -0.254002
v 0.160635 -0.307985 -0.252159
v 0.256240 -0.264724 -0.178913
v 0.162390 -0.123805 -0.232072
v 0.175710 -0.144479 -0.282186
v 0.175078 -0.141483 -0.279911
v -0.156341 -0.103160 -0.258251
v -0.203508 -0.118065 -0.275717
v -0.282874 -0.085648 -0.286476
v -0.251263 0.026446 -0.246743
v 0.081093 0.331571 -0.276747
v 0.044198 0.520323 -0.347037
v 0.182287 -0.208674 -0.281192
v 0.254220 -0.201303 -0.280481
v 0.272968 -0.118766 -0.266793
v -0.188961 -0.100650 -0.268851
v 0.118367 0.308659 -0.227077
v 0.111045 0.413286 -0.266066
v -0.084080 0.438024 -0.266835
v 0.021594 0.498802 -0.262184
v -0.176596 -0.084334 -0.267022
v 0.277118 0.000346 -0.264404
v 0.162573 0.043255 -0.251651
v -0.066193 0.123917 -0.291922
v -0.160727 0.370692 -0.196030
v 0.092866 0.416917 -0.272598
v 0.042670 0.477472 -0.239876
v -0.028409 0.497351 -0.234696
v 0.031080 0.496145 -0.266762
v 0.233263 -0.305428 -0.249671
v -0.244283 -0.206690 -0.249673
v 0.209501 -0.124799 -0.246021
v 0.152845 0.075963 -0.241870
v 0.019772 0.122590 -0.267241
v 0.138345 0.334963 -0.220422
v 0.131273 0.429333 -0.268305
v 0.034767 0.487195 -0.272317
v -0.018560 0.489344 -0.245528
v 0.125798 -0.364250 -0.258254
v -0.041554 -0.380830 -0.176196
v -0.211760 -0.204292 -0.257290
v 0.191878 0.027305 -0.256562
v 0.250714 0.033071 -0.249090
v 0.002488 0.121243 -0.202235
v -0.087818 0.119898 -0.215901
v 0.101561 0.357127 -0.227874
v 0.148070 0.353718 -0.223615
v 0.164433 0.403953 -0.247825
v 0.133542 0.419792 -0.252296
v 0.130176 0.429169 -0.266057
v 0.129707 0.428732 -0.263741
v -0.145872 -0.325492 -0.235674
v 0.142532 -0.331174 -0.236716
v -0.205702 -0.277893 -0.254330
v 0.231881 -0.232045 -0.240394
v -0.233919 -0.117713 -0.256645
v 0.172155 -0.089254 -0.249246
v -0.155239 0.073898 -0.246603
v 0.064718 0.462585 -0.245034
v -0.135462 -0.369648 -0.245404
v 0.144789 -0.363348 -0.237873
v -0.164467 0.030935 -0.249415
v 0.250686 0.083540 -0.240665
v 0.116766 0.299017 -0.206665
v 0.110514 0.311185 -0.224395
v -0.153735 0.396652 -0.264419
v -0.112627 -0.374433 -0.234864
v -0.243617 -0.123054 -0.247536
v 0.172467 -0.114963 -0.236495
v -0.232199 0.053525 -0.246297
v -0.179612 0.114652 -0.248431
v 0.202144 0.157985 -0.245765
v 0.113247 0.126040 -0.213350
v 0.012245 0.370601 -0.228473
v -0.032868 -0.358077 -0.217011
v -0.245431 -0.123898 -0.247416
v -0.247339 -0.124760 -0.247456
v -0.243194 0.152229 -0.230848
v 0.154561 0.164909 -0.235904
v -0.091841 0.294994 -0.210549
v 0.083637 0.437123 -0.237660
v -0.005696 0.498479 -0.219303
v -0.225676 -0.301589 -0.259431
v 0.143171 -0.148614 -0.126639
v 0.256887 -0.122291 -0.214083
v -0.191273 -0.113945 -0.231725
v -0.259628 -0.124589 -0.214298
v 0.292388 -0.098723 -0.234661
v 0.264680 0.039911 -0.220356
v -0.065440 0.369878 -0.224171
v -0.121759 0.421477 -0.263723
v -0.022487 0.518942 -0.213379
v -0.182142 -0.229720 -0.090745
v -0.151393 -0.214191 -0.132521
v -0.251789 0.030498 -0.183823
v -0.259176 0.052801 -0.229741
v -0.261580 0.100348 -0.217898
v 0.195836 0.238148 -0.216308
v -0.156071 0.483079 -0.199013
v 0.084425 -0.387000 -0.162883
v 0.192471 -0.108981 -0.222994
v 0.166684 -0.082225 -0.242424
v 0.281982 -0.074942 -0.227826
v 0.281956 -0.061373 -0.193130
v -0.148110 0.261252 -0.204445
v 0.154710 0.400610 -0.211390
v 0.020227 0.493578 -0.219028
v 0.041387 -0.363454 -0.213861
v 0.076446 -0.366462 -0.230926
v -0.131835 -0.356739 -0.170172
v 0.163494 -0.219614 -0.164743
v -0.161998 -0.091041 -0.223550
v -0.285541 -0.032122 -0.240551
v -0.106927 0.128383 -0.221249
v 0.240795 0.248955 -0.188030
v 0.139177 0.443174 -0.244893
v -0.174383 0.510179 -0.221769
v 0.078860 -0.368006 -0.224710
v 0.077933 -0.367237 -0.227683
v 0.160255 -0.070350 -0.221926
v -0.103367 0.287865 -0.173506
v -0.112055 0.298468 -0.172335
v -0.083430 0.321290 -0.188990
v 0.176304 0.518840 -0.084308
v -0.256478 -0.195745 -0.181911
v 0.225659 -0.122526 -0.207593
v -0.282465 -0.085211 -0.221785
v -0.153576 -0.066984 -0.228149
v 0.120066 0.337359 -0.175785
v -0.170709 0.489515 -0.220845
v -0.020884 0.498522 -0.214971
v 0.199144 -0.323560 -0.211970
v 0.260431 -0.191133 -0.184154
v 0.188156 -0.099404 -0.195823
v -0.150818 -0.039343 -0.219788
v -0.125582 0.130161 -0.207637
v -0.108745 0.327811 -0.167677
v -0.089934 0.365532 -0.190110
v -0.102547 0.355827 -0.206947
v -0.011878 0.499708 -0.215133
v -0.001169 0.499289 -0.214289
v 0.019913 0.520020 -0.214350
v -0.185215 -0.073757 -0.210793
v 0.123599 0.274539 -0.193811
v 0.131869 0.303228 -0.183076
v -0.011154 0.497169 -0.214740
v -0.006866 0.496724 -0.214190
v -0.005589 0.496716 -0.214276
v -0.003104 0.496493 -0.214382
v 0.200771 -0.324304 -0.210225
v 0.202010 -0.325034 -0.208529
v -0.008171 0.496870 -0.214154
v -0.004377 0.496743 -0.214288
v 0.155497 0.518551 -0.204652
v 0.055042 -0.372480 -0.214541
v 0.199229 -0.365859 -0.114280
v 0.159615 -0.052057 -0.201481
v 0.271704 0.116974 -0.165586
v -0.107533 0.170511 -0.187412
v -0.188370 0.299417 -0.175601
v -0.134055 0.351030 -0.183755
v 0.153478 0.519060 -0.203399
v -0.252972 -0.113490 -0.201058
v 0.255438 -0.103986 -0.201340
v 0.284592 -0.082891 -0.181592
v 0.168779 -0.039419 -0.197878
v -0.274768 -0.064434 -0.181811
v -0.085553 0.109552 -0.188245
v 0.260000 0.230052 -0.169136
v 0.159798 0.374493 -0.176800
v -0.053776 0.368466 -0.181501
v 0.154515 0.518839 -0.203858
v 0.244219 -0.232528 -0.194961
v 0.226518 -0.244158 -0.143801
v 0.198433 -0.081310 -0.195646
v -0.209714 -0.058676 -0.160286
v -0.141004 -0.055790 -0.170687
v -0.169111 -0.054696 -0.190770
v 0.259798 0.018079 -0.190864
v -0.267702 0.105585 -0.160922
v -0.244452 0.273825 -0.152482
v 0.112172 0.322577 -0.179036
v 0.081488 0.343496 -0.197972
v 0.092070 0.354331 -0.180084
v -0.187148 0.397927 -0.205552
v -0.169945 0.347094 -0.177452
v -0.159892 0.395173 -0.195489
v 0.125884 -0.384046 -0.117010
v -0.184145 -0.228442 -0.072689
v -0.261039 0.203478 -0.156511
v 0.180855 0.305579 -0.172737
v -0.173312 0.458802 -0.154051
v -0.196440 0.476178 -0.150870
v -0.212520 0.486033 -0.149101
v 0.260787 0.084727 -0.137883
v 0.110658 0.126020 -0.175335
v 0.078754 0.330516 -0.183682
v 0.201424 0.476188 -0.142668
v 0.211276 -0.371645 -0.071033
v 0.260207 -0.031589 -0.168514
v 0.022916 0.108595 -0.186063
v 0.122151 0.298992 -0.181904
v 0.095266 0.314157 -0.177073
v 0.134791 0.335030 -0.169439
v 0.190287 0.351590 -0.186783
v -0.199493 0.310457 -0.161065
v 0.215600 0.354672 -0.170660
v 0.205386 0.406380 -0.165968
v 0.173569 0.406491 -0.183806
v -0.075764 -0.433301 -0.091841
v -0.078856 -0.402308 -0.137431
v -0.132582 -0.100405 -0.120160
v 0.219154 -0.084609 -0.168506
v -0.172711 -0.060969 -0.151334
v -0.146981 0.306918 -0.174936
v 0.118931 0.302733 -0.181268
v 0.121183 0.301826 -0.180930
v -0.117584 0.357346 -0.179180
v 0.074857 0.351083 -0.175198
v 0.181182 0.442133 -0.160372
v 0.188225 0.515469 -0.142169
v -0.249058 -0.055944 -0.150559
v 0.034566 0.093623 -0.141610
v 0.106568 0.124596 -0.132459
v -0.249747 -0.217858 -0.140507
v 0.245129 -0.217834 -0.100914
v 0.104438 0.309539 -0.152541
v -0.091580 0.309646 -0.144109
v -0.155896 0.420970 -0.160289
v 0.230846 -0.249907 -0.084480
v 0.186812 -0.025042 -0.163918
v 0.082097 0.108150 -0.151597
v 0.205384 0.309588 -0.161426
v -0.199650 0.388714 -0.146465
v -0.176328 0.424819 -0.149363
v -0.249493 0.488039 -0.034455
v 0.136337 -0.048095 -0.115665
v 0.234374 0.038069 -0.142508
v -0.231954 0.010697 -0.156239
v -0.096077 0.114178 -0.127241
v 0.157654 0.349579 -0.161255
v -0.187327 0.414191 -0.161502
v -0.194171 0.448235 -0.153357
v 0.102916 -0.420103 -0.128674
v -0.097079 -0.419361 -0.087168
v -0.084802 0.245563 -0.121420
v 0.091864 0.322572 -0.157631
v -0.068964 0.346331 -0.142662
v 0.177584 0.471507 -0.164768
v -0.038792 -0.426713 -0.087743
v -0.197815 -0.378051 -0.064306
v 0.214912 -0.034556 -0.145241
v 0.158344 -0.043049 -0.145117
v 0.205921 0.336961 -0.139454
v -0.032187 -0.411251 -0.091947
v -0.235497 0.103319 -0.085107
v 0.020011 0.354136 -0.131833
v -0.166660 0.383730 -0.159054
v 0.232292 0.387883 -0.142083
v -0.217220 0.395343 -0.149070
v 0.106260 0.509459 -0.005048
v -0.225927 -0.030276 -0.143930
v 0.233332 -0.014022 -0.149435
v 0.259212 0.267274 -0.116781
v 0.094236 0.261458 -0.137501
v -0.170391 0.340032 -0.145311
v -0.145782 0.382204 -0.145303
v 0.208584 0.380961 -0.147523
v 0.208810 0.384479 -0.145776
v -0.245972 0.388348 -0.138945
v -0.216741 0.429385 -0.142451
v 0.099691 -0.440622 -0.081749
v -0.237000 -0.011024 -0.138331
v -0.264852 0.166931 -0.103252
v 0.241483 0.296372 -0.135338
v 0.094778 0.323827 -0.143913
v 0.094043 0.325417 -0.142476
v 0.076956 0.351430 -0.133952
v 0.094583 0.324723 -0.143419
v -0.202561 0.335757 -0.141330
v -0.195442 0.359790 -0.141908
v 0.203455 0.393179 -0.135774
v 0.212430 0.386085 -0.143661
v 0.257467 0.410916 -0.125470
v 0.071108 0.123701 -0.108722
v 0.103373 0.176665 -0.106256
v -0.224983 0.326257 -0.113200
v 0.092175 0.366414 -0.108400
v -0.088129 0.352296 -0.132641
v -0.132508 -0.391128 -0.063749
v -0.158750 -0.047991 -0.140048
v -0.222207 0.066296 -0.097315
v -0.246359 0.301940 -0.118324
v 0.195036 0.358764 -0.127429
v -0.247977 0.398977 -0.117909
v 0.235890 0.409191 -0.129780
v -0.127896 -0.048516 -0.021502
v 0.187584 -0.048243 -0.117290
v -0.085559 0.197267 -0.090089
v 0.264889 0.172632 -0.113704
v -0.190024 0.355032 -0.129836
v -0.172344 0.394381 -0.122599
v 0.051458 -0.419085 -0.097851
v 0.210579 -0.223408 -0.023828
v 0.215059 -0.014817 -0.121651
v -0.211729 0.034790 -0.109185
v -0.081496 0.123298 -0.097979
v -0.052192 0.369641 -0.088786
v -0.033131 0.368118 -0.122575
v -0.286333 0.385173 -0.099373
v 0.138609 -0.376328 -0.080344
v -0.183565 -0.035622 -0.085921
v -0.209570 -0.014344 -0.097155
v -0.090815 0.364392 -0.101441
v 0.257824 0.353754 -0.102088
v 0.233846 0.483194 -0.086924
v -0.072049 -0.453106 -0.043995
v 0.178441 -0.048642 -0.075902
v 0.209273 -0.037217 -0.079593
v -0.076471 0.310993 -0.092125
v 0.238097 0.373812 -0.087337
v 0.216309 0.403667 -0.098816
v 0.145976 -0.218192 -0.030688
v 0.220065 0.020737 -0.108695
v 0.205105 0.074141 -0.076818
v 0.084528 0.167441 -0.092281
v 0.229178 0.026755 -0.085559
v 0.246443 0.224003 -0.059027
v 0.080860 0.308599 -0.077973
v -0.217180 0.372931 -0.096755
v 0.270622 0.371829 -0.100805
v 0.307264 0.413539 -0.056837
v -0.239029 0.475172 -0.087241
v -0.176459 0.521540 -0.139734
v -0.114707 -0.387302 -0.112126
v 0.215947 0.039264 -0.092628
v -0.251123 0.233902 -0.078115
v -0.244598 0.363912 -0.080833
v -0.267310 0.377222 -0.087310
v 0.218163 0.020937 -0.060075
v -0.010542 0.117236 -0.094701
v 0.044353 0.121649 -0.067334
v -0.236464 0.366669 -0.096270
v 0.236203 0.495120 -0.066025
v -0.239308 -0.297814 -0.042868
v 0.134939 -0.163040 -0.027573
v -0.239256 0.219253 -0.056450
v 0.090177 0.189999 -0.074453
v -0.234734 0.363364 -0.093570
v -0.233375 0.360810 -0.094590
v -0.169416 -0.032530 -0.051359
v 0.253979 0.343321 -0.079257
v 0.317135 0.340415 -0.061749
v -0.287208 0.334084 -0.072573
v 0.083720 0.227459 -0.046808
v -0.250675 0.337032 -0.062506
v -0.310666 0.351321 -0.070582
v -0.139374 -0.230214 -0.032160
v 0.131801 -0.047377 -0.027904
v 0.201139 -0.011092 -0.052040
v 0.280187 0.349084 -0.075915
v -0.084522 0.362842 -0.067445
v -0.168986 -0.044719 -0.015454
v -0.168707 -0.026063 -0.056185
v -0.218776 -0.015449 -0.053815
v -0.196454 0.083495 -0.063697
v 0.209329 0.179802 -0.055066
v 0.010632 0.116127 -0.051652
v 0.000932 0.386149 -0.061325
v 0.173546 -0.420114 0.011411
v -0.157582 -0.022745 -0.072824
v -0.157882 -0.022573 -0.070823
v 0.190391 0.075100 -0.069839
v -0.077455 0.298807 -0.051818
v -0.277830 0.333226 -0.059862
v -0.045627 0.382153 -0.049011
v -0.239824 -0.240351 -0.019411
v -0.196462 -0.230897 -0.029545
v -0.158360 -0.022888 -0.069003
v -0.161643 -0.019599 -0.057997
v -0.155906 -0.020484 -0.057822
v 0.104453 0.184558 -0.034563
v 0.254131 0.273628 -0.021469
v 0.064202 0.376067 -0.067672
v -0.303869 0.413907 -0.044765
v -0.206830 0.126907 -0.058666
v -0.214482 0.046470 -0.024873
v 0.140191 0.179513 -0.055127
v 0.069781 0.321120 -0.048941
v -0.306311 0.315511 -0.040098
v 0.343926 0.303646 -0.025886
v -0.053817 0.350481 -0.052770
v -0.214259 0.505706 0.019056
v 0.080810 -0.455967 -0.046606
v -0.099543 -0.409317 -0.049955
v -0.159769 -0.413931 -0.002074
v -0.173044 -0.234678 -0.028770
v -0.186490 -0.017763 -0.041293
v -0.218253 0.023018 -0.022151
v 0.230576 0.014713 -0.034382
v 0.164427 0.115586 -0.054440
v 0.143488 0.135465 -0.057779
v -0.268796 0.302768 -0.040239
v 0.235493 -0.228694 -0.039383
v -0.164036 -0.018515 -0.051992
v -0.155608 -0.013771 -0.036470
v 0.163506 0.158684 -0.054591
v -0.191582 0.197178 -0.040292
v -0.250330 0.302301 -0.035959
v -0.089564 0.512424 -0.056111
v -0.166014 0.007398 -0.028328
v -0.153724 -0.019986 -0.043289
v -0.143402 0.110203 -0.044252
v 0.041835 0.380992 -0.027723
v -0.128796 -0.106756 -0.021944
v 0.191909 -0.003332 -0.021898
v 0.182549 0.034330 -0.030048
v -0.158136 0.065864 -0.052664
v -0.136709 0.176063 -0.048260
v -0.159531 0.057385 0.002809
v -0.085850 0.250326 -0.010043
v -0.345859 0.314791 -0.026886
v 0.369479 0.313531 0.009892
v -0.176713 -0.207480 -0.023795
v 0.142670 0.094688 -0.008345
v 0.100690 0.153292 0.004446
v -0.215284 -0.232613 -0.017941
v 0.136715 0.130508 0.006372
v 0.122503 0.247805 0.009629
v -0.081762 0.291437 -0.001056
v -0.249406 0.421435 -0.031381
v 0.170011 -0.049569 -0.018940
v -0.207245 0.021254 -0.015382
v 0.058696 0.106144 0.008705
v -0.240643 0.269460 -0.014369
v -0.346164 0.278922 0.002497
v -0.370999 0.307305 0.000011
v -0.257593 0.387204 -0.008178
v -0.274783 0.404950 -0.022805
v -0.196750 0.458414 -0.032406
v -0.079776 -0.427007 0.006904
v 0.131564 -0.415949 0.006059
v 0.223388 -0.224621 -0.021504
v 0.145160 0.211249 -0.022568
v -0.207711 0.244018 0.002085
v 0.088003 0.315286 -0.009280
v 0.292271 0.356578 -0.032806
v 0.014616 0.392031 0.015674
v -0.161459 0.442587 -0.017652
v -0.171485 0.482620 -0.011703
v 0.254987 0.484463 0.134833
v 0.098685 -0.429274 -0.002464
v 0.199106 -0.392145 0.014680
v -0.203957 -0.185863 -0.015335
v -0.187264 -0.103735 -0.013633
v -0.086431 0.128533 -0.007399
v 0.164142 0.235624 -0.002724
v -0.143234 0.227877 -0.009728
v 0.205714 0.241558 -0.006003
v 0.267991 0.415113 -0.020047
v -0.230906 0.425590 -0.015490
v -0.193165 0.431524 -0.028498
v -0.033183 -0.433174 0.001033
v 0.188561 0.032401 -0.007968
v -0.112298 0.126486 -0.008387
v 0.143090 0.173883 0.038583
v -0.074073 0.372724 -0.015220
v 0.260995 0.378710 -0.009322
v -0.283168 0.372807 -0.028283
v 0.082595 0.381003 0.012772
v -0.141468 0.506363 0.046191
v 0.228266 -0.225145 0.037351
v -0.117807 0.075421 -0.004797
v -0.104506 0.205275 0.009163
v 0.349911 0.274333 0.015053
v -0.364590 0.292815 0.008264
v 0.273853 0.309645 -0.010361
v 0.306774 0.318913 -0.021651
v 0.334270 0.326772 0.006515
v 0.244902 -0.313074 0.035919
v -0.325150 0.326434 -0.011660
v 0.225113 0.435621 0.003633
v -0.236454 -0.311401 0.032661
v 0.200398 -0.110796 0.027980
v 0.182564 -0.048651 0.015201
v -0.174255 -0.017403 0.007028
v 0.207672 0.025030 0.005148
v -0.168634 0.019264 0.024505
v 0.181760 0.060084 0.001266
v -0.187725 0.022561 0.067739
v -0.031161 0.100405 0.066690
v 0.275008 0.274188 0.020748
v 0.338434 0.288999 0.026862
v -0.227176 0.438646 0.019373
v 0.248802 0.464770 0.014215
v 0.268586 0.483958 0.070878
v -0.196037 -0.395223 0.024699
v -0.134801 0.104377 -0.025899
v -0.288432 0.321704 0.006926
v 0.297971 0.464685 0.102610
v 0.178485 0.501121 0.100043
v -0.145624 0.049143 0.028930
v 0.100941 0.351821 0.006779
v -0.105780 0.393176 0.015071
v -0.159997 -0.429288 0.013612
v 0.211364 0.001470 0.044161
v -0.099556 0.117694 0.069260
v 0.109377 0.186644 0.036214
v -0.347760 0.309180 0.023846
v 0.303092 0.307317 0.062635
v -0.047385 -0.465929 0.062019
v -0.194015 -0.015108 0.021726
v -0.194431 0.029794 0.024214
v -0.070134 0.108619 0.050387
v -0.130896 0.176632 0.078376
v 0.254949 0.216079 0.065606
v -0.133174 0.276396 0.019805
v 0.320352 0.247909 0.031782
v 0.167690 0.478657 0.013494
v -0.208385 0.014690 0.023046
v -0.326186 0.352373 0.053070
v 0.295054 0.356710 0.047051
v -0.291756 0.364114 0.038043
v -0.325480 0.419505 0.068658
v -0.265510 0.450792 0.065639
v -0.196760 -0.090953 0.037066
v -0.213676 -0.033636 0.018794
v 0.208132 0.024281 0.029288
v 0.249232 0.015949 0.020177
v -0.229109 0.031709 0.011003
v -0.153736 0.207241 0.029230
v 0.178738 0.208939 0.055585
v 0.131317 0.227699 0.036563
v 0.171954 0.293751 0.012989
v 0.341022 0.337389 0.043743
v 0.171472 0.372736 0.021515
v 0.326068 0.408050 0.062132
v 0.163870 0.402781 0.030737
v 0.221809 0.438067 0.070182
v -0.159500 0.449786 0.032084
v 0.181303 0.451254 0.017021
v -0.214999 -0.226894 0.040518
v -0.259202 0.028095 0.034673
v -0.105307 0.186723 0.059129
v -0.210131 0.183660 0.098383
v 0.158517 0.253837 0.044348
v -0.198718 0.393253 0.047317
v 0.113244 0.409215 0.052825
v -0.162078 0.496090 0.086165
v -0.278333 0.287793 0.036034
v -0.220740 0.361959 0.047862
v -0.165486 0.481276 0.075449
v 0.158969 -0.456948 0.069320
v -0.224551 -0.230437 0.045830
v -0.260882 0.003243 0.047900
v 0.272370 0.027849 0.054766
v 0.214103 0.037628 0.045615
v -0.205718 0.025000 0.070144
v 0.106006 0.050414 0.114571
v 0.118100 0.118423 0.066227
v 0.291758 0.239820 0.066610
v 0.286767 0.260210 0.064210
v -0.190899 0.484401 0.105305
v -0.218161 -0.084200 0.046313
v 0.222135 -0.079596 0.033089
v -0.306372 0.246090 0.034904
v 0.201276 0.290714 0.049991
v -0.221599 0.308937 0.049778
v -0.175337 0.406810 0.089995
v 0.166388 0.488091 0.083336
v 0.232341 -0.021414 0.058018
v -0.230831 -0.015051 0.063088
v 0.031660 0.113247 0.066077
v 0.122840 0.146726 0.089449
v -0.050603 0.397960 0.047619
v -0.156848 -0.467724 0.104192
v 0.129879 0.021452 0.117276
v 0.118855 0.233936 0.114348
v -0.293131 0.257693 0.056502
v -0.298176 0.398282 0.086433
v 0.019524 0.430820 0.086726
v 0.258566 0.461305 0.086074
v 0.240712 0.421337 0.084462
v 0.266196 -0.012747 0.091244
v 0.108174 0.092648 0.068960
v -0.093795 0.181831 0.081447
v -0.144181 0.241707 0.051573
v -0.271776 0.268263 0.061647
v 0.231800 0.310203 0.053400
v 0.217504 0.378373 0.062022
v -0.268053 -0.011762 0.104153
v -0.153883 0.197326 0.066140
v -0.291488 0.224045 0.086718
v -0.164330 0.448518 0.090156
v 0.158110 0.456232 0.048387
v 0.163450 0.495380 0.080274
v 0.199325 0.010910 0.082545
v 0.238988 0.005546 0.086219
v -0.107296 0.069188 0.039325
v -0.065740 0.086682 0.089409
v 0.156041 0.299693 0.061720
v -0.294540 0.372430 0.112367
v 0.293363 0.435913 0.103610
v 0.183783 0.395352 0.079733
v -0.186442 0.408658 0.066779
v 0.223568 0.017336 0.086310
v 0.127420 0.317177 0.067703
v 0.101738 0.350456 0.069074
v 0.265163 0.416244 0.126105
v -0.262863 0.460302 0.126776
v -0.287195 0.474538 0.113802
v -0.194451 -0.460332 0.207097
v -0.230694 -0.405497 0.211193
v 0.225670 -0.021496 0.097373
v -0.045046 0.168335 0.104670
v 0.099218 0.261527 0.070521
v 0.091199 0.291623 0.089375
v 0.123393 0.289934 0.067572
v -0.301878 0.308902 0.081414
v 0.310234 0.326061 0.112209
v -0.045373 0.498814 0.105141
v -0.192241 -0.334996 0.066551
v -0.181671 -0.311391 0.075749
v 0.219448 0.186147 0.094760
v 0.292976 0.254262 0.103869
v 0.175893 0.274413 0.077677
v 0.196076 0.290081 0.072536
v 0.119994 0.308939 0.089703
v 0.257963 0.341232 0.104483
v 0.144850 0.347693 0.076354
v 0.068571 0.347444 0.077386
v 0.157942 0.445929 0.117239
v -0.199563 -0.301272 0.079632
v -0.249479 -0.342334 0.224686
v 0.310538 0.212140 0.117938
v -0.162653 0.251764 0.118523
v 0.064129 0.347922 0.079039
v 0.066075 0.347748 0.078782
v 0.066099 0.347675 0.079830
v 0.179056 0.362291 0.080705
v 0.115981 0.412900 0.099940
v -0.189287 -0.251197 0.078048
v 0.190195 0.207008 0.103225
v 0.083854 0.261593 0.097453
v 0.150729 0.258164 0.100561
v 0.152433 0.329017 0.091302
v 0.075044 0.357575 0.093768
v 0.147825 0.398470 0.099707
v -0.047304 0.411240 0.121725
v -0.008298 0.436226 0.114210
v -0.170479 -0.335349 0.126886
v -0.261195 0.001242 0.092994
v 0.260798 0.002636 0.099474
v -0.211120 -0.007765 0.109314
v -0.132877 -0.002981 0.171727
v 0.083863 0.126665 0.113603
v 0.007895 0.164581 0.112199
v -0.245602 0.160288 0.133400
v 0.132043 0.246584 0.103382
v 0.207185 0.310651 0.094171
v -0.252969 0.318988 0.081647
v 0.260865 0.311640 0.114888
v 0.054210 0.342329 0.094198
v 0.148927 0.365736 0.094726
v 0.195392 0.377712 0.095738
v -0.229103 0.387621 0.119264
v 0.253977 -0.323712 0.211874
v 0.090189 0.215258 0.120648
v 0.039497 0.273321 0.094418
v 0.212166 0.279927 0.101013
v -0.225824 0.293378 0.102507
v 0.207434 0.388242 0.100350
v -0.241234 0.431991 0.078972
v 0.103223 -0.488698 0.143505
v -0.195885 -0.244196 0.116364
v -0.187192 0.000821 0.126734
v -0.072511 0.124390 0.105177
v -0.172325 0.212590 0.105315
v -0.119166 0.220377 0.123552
v 0.105005 0.175340 0.129521
v -0.128562 0.188437 0.135122
v 0.306207 0.282780 0.132693
v 0.212398 0.331941 0.120693
v 0.217844 0.399765 0.158424
v 0.251264 0.467784 0.129968
v -0.184831 0.501096 0.103993
v 0.192268 -0.204746 0.099032
v 0.119911 0.336069 0.103004
v -0.302607 0.316055 0.135608
v 0.155439 0.475772 0.119341
v -0.193661 -0.334909 0.131229
v 0.224481 -0.033731 0.158481
v 0.348325 0.167313 0.182681
v -0.278111 0.247109 0.088526
v -0.257927 0.304999 0.099281
v -0.122854 -0.498371 0.204923
v -0.240786 -0.331971 0.111915
v -0.241406 -0.330548 0.117212
v 0.187613 -0.112514 0.107242
v 0.202613 -0.007661 0.130096
v 0.055521 0.089884 0.109827
v 0.042351 0.118024 0.126382
v -0.071382 0.154421 0.124714
v 0.146945 0.265102 0.108160
v 0.118592 0.281103 0.111127
v 0.208570 0.289383 0.130926
v -0.267226 0.347597 0.135638
v 0.111954 0.356302 0.106473
v 0.237236 0.355922 0.162038
v -0.080387 0.399513 0.131518
v 0.085928 0.414637 0.128088
v -0.143213 0.435142 0.134631
v 0.205111 -0.431766 0.152412
v -0.241272 -0.330902 0.114500
v -0.056492 0.064622 0.113624
v -0.216913 0.190964 0.122371
v -0.297910 0.224066 0.126578
v -0.211492 0.235344 0.114004
v 0.129512 0.265345 0.126794
v 0.106677 0.317337 0.119622
v 0.151934 0.349182 0.120045
v 0.193475 0.374607 0.130066
v 0.119697 0.398080 0.130287
v -0.252460 0.408515 0.149099
v 0.075165 0.481387 0.140091
v 0.192381 -0.290694 0.099422
v -0.160926 -0.293558 0.155892
v -0.172188 -0.234931 0.143324
v 0.292190 -0.014593 0.189359
v 0.123082 0.004629 0.173072
v 0.274392 0.135761 0.170663
v 0.193443 0.193995 0.144574
v 0.236331 0.196711 0.132355
v -0.165691 0.230211 0.143075
v -0.072146 0.212815 0.137326
v -0.205489 0.211269 0.109592
v -0.307332 0.275448 0.176788
v 0.133693 0.289863 0.133995
v 0.209125 0.319786 0.142827
v 0.197587 0.381732 0.117894
v -0.004456 0.484391 0.153298
v 0.015242 -0.398144 0.111779
v 0.042960 -0.401513 0.118529
v 0.179651 -0.342383 0.122078
v 0.221867 -0.292644 0.230514
v 0.168880 -0.209244 0.134183
v -0.236202 -0.015639 0.157298
v -0.004937 0.174923 0.150062
v -0.169267 0.260709 0.147656
v 0.233707 0.282444 0.127468
v -0.268203 0.296330 0.141034
v 0.261360 0.351927 0.132516
v -0.262400 0.385958 0.187568
v 0.197098 0.382845 0.122088
v 0.203776 0.381207 0.133195
v -0.174773 0.377369 0.142417
v -0.149119 0.471014 0.138542
v -0.243101 0.477159 0.132596
v 0.058345 -0.448956 0.140004
v 0.169066 -0.311155 0.135596
v 0.174809 -0.109776 0.139730
v -0.238547 -0.094722 0.204032
v -0.240463 0.210435 0.152404
v -0.195698 0.280631 0.148928
v 0.147671 0.319786 0.129550
v 0.110431 0.344223 0.131096
v 0.194601 0.336569 0.146735
v 0.020516 0.437540 0.163929
v 0.011009 -0.456542 0.151069
v -0.006119 -0.379053 0.131902
v -0.109798 -0.365187 0.122449
v -0.174537 -0.309099 0.176653
v 0.159254 -0.256428 0.149409
v 0.195567 -0.099731 0.151183
v 0.234683 -0.092630 0.131232
v 0.017904 0.148650 0.132323
v -0.293662 0.124082 0.196412
v 0.135558 0.173089 0.147714
v -0.333260 0.193322 0.194072
v 0.217448 0.324680 0.136747
v -0.228928 0.374806 0.149955
v -0.117940 -0.313058 0.140222
v 0.153642 -0.302709 0.136293
v 0.201009 -0.320518 0.174595
v -0.192040 -0.203174 0.139062
v -0.191304 -0.105512 0.130289
v 0.051473 0.155374 0.147546
v -0.241758 0.186081 0.142458
v -0.171638 0.190971 0.156887
v -0.126097 0.262806 0.138127
v 0.280394 0.290119 0.145841
v 0.261873 0.386842 0.194239
v 0.146281 0.438364 0.134656
v 0.117061 0.453171 0.129267
v -0.060946 -0.391455 0.129768
v 0.186279 -0.367416 0.138065
v -0.152316 -0.356120 0.135954
v -0.161330 -0.229500 0.165664
v 0.136770 -0.197023 0.137349
v 0.135660 -0.138139 0.137399
v -0.194013 -0.156472 0.134861
v -0.170944 -0.106585 0.145954
v -0.243582 -0.036593 0.181886
v -0.220650 -0.034689 0.176028
v -0.317524 0.187768 0.147781
v 0.254505 0.267057 0.142726
v 0.157680 0.380929 0.132025
v -0.230515 0.394985 0.159197
v 0.153707 0.433297 0.137521
v 0.149963 0.435915 0.136043
v -0.057330 -0.453753 0.141985
v -0.079896 -0.443318 0.156070
v -0.005988 -0.434246 0.147515
v -0.006183 -0.419399 0.138296
v 0.175816 -0.388447 0.141941
v 0.192449 -0.380705 0.145461
v 0.153145 -0.366757 0.125456
v 0.183633 -0.308370 0.160276
v -0.202562 -0.262120 0.176391
v 0.108726 -0.094060 0.141286
v -0.203118 -0.097233 0.168114
v -0.007808 0.156928 0.157888
v -0.122966 0.161553 0.161522
v -0.068021 0.186997 0.149881
v 0.230948 0.205025 0.156439
v 0.011685 0.262876 0.150698
v 0.200846 0.272799 0.157263
v 0.196565 0.299033 0.155303
v 0.054820 0.348073 0.180336
v -0.116304 0.371963 0.152527
v -0.088588 0.299461 0.151756
v -0.065513 -0.419742 0.135600
v -0.099159 -0.384454 0.152588
v 0.172632 -0.355557 0.175342
v -0.116475 -0.294610 0.169811
v 0.156598 -0.212245 0.148575
v 0.106267 -0.180875 0.140662
v 0.137474 -0.100029 0.141847
v 0.217698 -0.020512 0.182836
v -0.267670 0.158661 0.176679
v 0.255842 0.181716 0.160356
v -0.167144 0.211254 0.151008
v -0.228035 0.236445 0.159605
v 0.232136 0.234992 0.146093
v 0.188993 0.316529 0.157639
v 0.198275 0.335012 0.165290
v -0.091053 0.479696 0.147115
v 0.077209 -0.466342 0.175536
v 0.000141 -0.415042 0.177845
v 0.153182 -0.388260 0.144732
v -0.073107 -0.309212 0.147684
v -0.152560 -0.307320 0.169665
v -0.130729 -0.235046 0.149309
v 0.032767 -0.179737 0.150187
v 0.127465 -0.201412 0.161855
v 0.101765 -0.193721 0.162285
v -0.104142 -0.099211 0.153416
v -0.286682 -0.014452 0.190316
v 0.020870 0.022928 0.174160
v -0.147676 0.199287 0.153880
v -0.270171 0.257579 0.151234
v -0.223491 0.257292 0.143097
v -0.235977 0.249082 0.163779
v -0.244236 0.269426 0.160185
v -0.219375 0.265536 0.159543
v -0.240201 0.282930 0.157978
v 0.236816 0.275540 0.165162
v 0.079482 0.393726 0.161936
v -0.018216 0.427316 0.170091
v -0.049789 0.463730 0.165884
v 0.177180 -0.480984 0.205408
v -0.055762 -0.434550 0.186985
v 0.153822 -0.405724 0.165139
v 0.118283 -0.396024 0.170995
v 0.191565 -0.362232 0.158095
v -0.052692 -0.344837 0.146975
v -0.008264 -0.305071 0.157114
v -0.195447 -0.267839 0.206503
v 0.242296 -0.177598 0.197121
v -0.009627 -0.184433 0.158372
v 0.148934 -0.098625 0.173452
v 0.067567 0.169141 0.164393
v -0.222990 0.196439 0.180670
v -0.194693 0.275195 0.164208
v -0.026655 0.340986 0.193363
v -0.177032 0.346876 0.156431
v 0.200428 0.323161 0.158315
v 0.206940 0.323925 0.155777
v 0.205146 0.324352 0.155693
v 0.291009 0.355779 0.176263
v 0.118830 0.399418 0.184998
v 0.048118 0.469389 0.151800
v 0.000932 -0.462519 0.173774
v 0.176626 -0.429524 0.164917
v -0.096084 -0.412147 0.197204
v 0.188681 -0.360968 0.160149
v 0.191299 -0.360445 0.158426
v 0.002193 -0.323506 0.158403
v -0.085372 -0.305582 0.176356
v 0.167625 -0.302208 0.162280
v 0.060481 -0.254968 0.156078
v 0.081597 -0.220258 0.155539
v 0.004190 -0.215217 0.148426
v -0.105662 -0.229427 0.149679
v -0.197034 -0.190154 0.174794
v -0.095883 -0.120899 0.182420
v 0.227089 -0.193068 0.207982
v 0.267665 0.149780 0.186366
v -0.076792 0.166269 0.171960
v -0.161229 0.206827 0.159868
v -0.244495 0.210734 0.177169
v -0.209812 0.288011 0.178671
v 0.267352 0.315181 0.183441
v -0.266769 0.301354 0.189961
v 0.206539 0.324049 0.158234
v -0.287330 0.349512 0.191483
v -0.067981 0.381267 0.170080
v 0.029304 0.473557 0.169950
v 0.195151 -0.358502 0.172089
v -0.060766 -0.348410 0.173626
v -0.006189 -0.333966 0.175231
v 0.063863 -0.302080 0.167737
v 0.040146 -0.295703 0.173497
v -0.129396 -0.252516 0.159426
v 0.042000 -0.277052 0.156953
v 0.139646 -0.258118 0.157040
v 0.046916 -0.218624 0.176672
v -0.000261 -0.213870 0.174993
v 0.087664 -0.178404 0.182135
v 0.091675 -0.093826 0.203554
v -0.145187 0.229441 0.177852
v -0.273183 0.252152 0.187700
v -0.231661 0.267792 0.193391
v 0.214037 0.304867 0.169672
v 0.203174 0.325165 0.163237
v 0.207159 0.324174 0.164565
v 0.256156 0.329787 0.168552
v 0.053519 0.445096 0.196311
v 0.005056 0.480318 0.173805
v 0.051378 0.493223 0.166291
v 0.161480 -0.442385 0.171614
v 0.181066 -0.424070 0.170375
v 0.059738 -0.397483 0.210657
v -0.001325 -0.382318 0.181679
v -0.132250 -0.383519 0.191586
v -0.195267 -0.340186 0.173453
v -0.118181 -0.288056 0.181708
v 0.109773 -0.267360 0.169892
v 0.225939 -0.210245 0.218681
v -0.044556 -0.183486 0.166086
v 0.239014 -0.095830 0.186504
v 0.252984 -0.072924 0.183008
v -0.172646 -0.007712 0.251071
v -0.043105 -0.003094 0.185026
v 0.148188 0.211725 0.169416
v -0.209386 0.235411 0.169270
v -0.225702 0.326756 0.183937
v -0.080575 0.404240 0.227699
v -0.070600 -0.465977 0.204061
v 0.223117 -0.429874 0.210622
v 0.182886 -0.425207 0.171705
v 0.195355 -0.407330 0.174697
v 0.186393 -0.418970 0.171207
v 0.017089 -0.390963 0.171868
v -0.090593 -0.318892 0.182676
v 0.005289 -0.269473 0.171420
v 0.115259 -0.242840 0.178627
v 0.136226 -0.213307 0.178188
v 0.147411 -0.200370 0.243170
v -0.247579 -0.029195 0.196243
v 0.082812 0.177946 0.182899
v 0.355218 0.187185 0.233045
v -0.240782 0.292798 0.196869
v 0.237673 0.303625 0.187266
v -0.207796 0.379395 0.186187
v -0.115684 0.390769 0.202769
v 0.085200 -0.397359 0.213959
v -0.103198 -0.256050 0.172864
v 0.140696 -0.236436 0.174858
v 0.127362 -0.207483 0.180894
v 0.033001 -0.181485 0.192174
v 0.223075 -0.101379 0.202430
v 0.201123 -0.082790 0.196322
v 0.019538 0.173581 0.196062
v -0.234144 0.182333 0.183232
v 0.203199 0.243641 0.174542
v 0.188737 0.223957 0.190343
v 0.054092 0.408696 0.180886
v 0.004238 -0.494172 0.208680
v 0.128992 -0.460402 0.182450
v 0.064971 -0.332875 0.178870
v 0.000612 -0.359419 0.178405
v -0.096692 -0.235645 0.180431
v -0.048199 -0.216087 0.176632
v -0.210031 -0.189879 0.178563
v -0.005884 -0.186779 0.204073
v -0.268331 0.094292 0.261329
v -0.067411 0.231763 0.194167
v -0.213363 0.235812 0.189003
v 0.341327 0.214763 0.245521
v 0.164277 -0.476802 0.208931
v 0.215352 -0.381462 0.190599
v -0.081351 -0.398027 0.202438
v -0.199134 -0.392445 0.201364
v 0.093039 -0.345255 0.205653
v 0.099317 -0.280892 0.229867
v 0.152975 -0.256545 0.256614
v -0.052284 -0.182358 0.202412
v -0.215951 -0.082910 0.197973
v -0.142281 -0.087907 0.227950
v -0.188009 -0.071448 0.188600
v 0.239898 -0.040400 0.201945
v 0.054338 0.009151 0.179701
v 0.184560 0.236595 0.205725
v -0.197030 0.214598 0.208010
v 0.307831 0.290807 0.195295
v -0.298780 0.291016 0.208349
v -0.048445 0.456638 0.194837
v -0.050032 0.488574 0.212757
v 0.110364 -0.494971 0.214137
v -0.061290 -0.409577 0.208163
v 0.199758 -0.391461 0.214197
v -0.203933 -0.333649 0.201353
v 0.062202 -0.349565 0.198832
v 0.098377 -0.304798 0.182292
v -0.060202 -0.206543 0.201822
v 0.139254 -0.198887 0.221230
v 0.147093 -0.209198 0.244009
v 0.125676 -0.206842 0.189142
v 0.135398 -0.111686 0.207728
v -0.093094 0.001956 0.216024
v -0.365902 0.151164 0.210494
v 0.386360 0.122666 0.238305
v -0.057487 0.187562 0.194669
v 0.015330 -0.469722 0.210380
v -0.062074 -0.445074 0.202998
v -0.089104 -0.427048 0.199870
v 0.213932 -0.342229 0.211462
v 0.245415 -0.373816 0.218522
v -0.078774 -0.330564 0.206616
v -0.081352 -0.304243 0.224018
v -0.133677 -0.253690 0.254146
v 0.120119 -0.203977 0.223948
v 0.129705 -0.204037 0.190494
v 0.210185 0.205344 0.213022
v -0.238797 0.190893 0.225739
v 0.051512 0.489682 0.217788
v 0.066264 -0.468313 0.199014
v 0.075432 -0.473087 0.208497
v 0.060911 -0.467953 0.196921
v 0.111326 -0.451990 0.205755
v -0.005852 -0.387783 0.205665
v 0.052623 -0.330194 0.256959
v 0.126551 -0.252769 0.240185
v 0.159050 -0.247279 0.265611
v 0.115044 -0.244264 0.267157
v 0.090581 -0.129801 0.218339
v 0.145222 0.002320 0.250347
v 0.201492 0.379598 0.176142
v 0.014528 0.359190 0.206447
v -0.028100 0.392903 0.207921
v 0.101691 -0.469752 0.196232
v 0.069068 -0.463061 0.200958
v 0.093007 -0.214192 0.197965
v -0.085408 -0.206382 0.237287
v -0.226596 -0.089730 0.227427
v 0.129842 -0.088853 0.207091
v 0.001200 0.236675 0.212823
v -0.327257 0.232872 0.230311
v 0.182346 0.270307 0.200803
v 0.243407 0.356067 0.223296
v 0.016187 0.495495 0.201623
v 0.166926 -0.443046 0.209604
v -0.133332 -0.409612 0.211300
v -0.216985 -0.318704 0.207852
v -0.239409 -0.223008 0.212430
v 0.179181 -0.065617 0.216106
v -0.183617 -0.042504 0.224917
v 0.202450 -0.011438 0.290244
v -0.420808 0.040197 0.208057
v 0.282053 0.104936 0.249373
v -0.346112 0.096396 0.230485
v -0.237014 0.249168 0.209758
v -0.084981 0.274523 0.217948
v 0.092525 0.400059 0.218698
v 0.070302 -0.461232 0.211429
v -0.045572 -0.385355 0.206382
v -0.052787 -0.371546 0.219470
v 0.052735 -0.329883 0.286449
v -0.114293 -0.244121 0.273704
v 0.136856 -0.237475 0.266398
v -0.057604 -0.185303 0.242169
v -0.031473 -0.174686 0.223427
v 0.088943 -0.154199 0.246466
v 0.185148 -0.089070 0.210059
v -0.225469 -0.029431 0.246133
v -0.033434 0.010054 0.246389
v -0.378657 0.070730 0.227579
v -0.217297 0.191052 0.227229
v 0.106922 0.283309 0.207803
v -0.185270 0.332880 0.205355
v 0.086843 0.473777 0.255429
v -0.235938 -0.361329 0.218957
v -0.217243 -0.278612 0.225741
v 0.030359 -0.196292 0.239258
v 0.454460 0.038981 0.214194
v 0.299859 0.091090 0.230642
v 0.276333 0.306750 0.222939
v 0.149732 -0.399772 0.212778
v -0.086733 -0.307440 0.240197
v -0.095590 -0.237223 0.243678
v 0.053982 -0.216937 0.266556
v -0.229114 -0.233522 0.226406
v 0.091977 -0.182586 0.246729
v -0.096475 -0.142209 0.274024
v -0.194834 -0.031251 0.286492
v 0.391905 0.071543 0.223632
v 0.355935 0.094849 0.235422
v -0.181529 0.283664 0.208209
v 0.231261 0.288014 0.235283
v 0.090363 0.382289 0.211202
v -0.101868 -0.231766 0.265235
v 0.082504 -0.213701 0.251947
v 0.111275 -0.117422 0.229336
v 0.013113 0.014187 0.238925
v -0.454276 0.014333 0.238223
v -0.413517 0.012034 0.254191
v -0.385593 0.025293 0.250937
v -0.342698 0.072579 0.223442
v -0.285487 0.097053 0.227167
v -0.379969 0.165118 0.258549
v 0.006329 0.252604 0.237162
v 0.062908 0.274873 0.219628
v -0.085914 0.366667 0.230987
v 0.083627 0.437667 0.233162
v -0.183664 -0.042468 0.278958
v -0.038831 0.263921 0.237137
v 0.084038 0.337388 0.220376
v 0.104995 0.371919 0.240381
v 0.240253 -0.273526 0.243057
v -0.238366 -0.291299 0.245296
v -0.118279 -0.282618 0.252819
v 0.386350 0.038542 0.240476
v -0.287404 0.027377 0.252206
v -0.364207 0.054850 0.240883
v 0.326270 0.067035 0.227599
v 0.272761 0.083681 0.238588
v 0.374989 0.070720 0.239254
v -0.230740 0.156275 0.256796
v -0.065899 0.293833 0.231184
v -0.246434 0.347658 0.231586
v -0.078697 0.337598 0.231419
v 0.083318 0.336052 0.260217
v -0.090240 0.417086 0.241953
v 0.103698 0.418171 0.265014
v -0.080017 0.477009 0.267720
v -0.110738 -0.280792 0.273913
v 0.096896 -0.120020 0.272965
v 0.109255 -0.101610 0.245529
v -0.104553 -0.101692 0.274966
v 0.304190 0.029125 0.250945
v -0.300257 0.240279 0.256707
v -0.072656 -0.245341 0.242254
v -0.036683 -0.193290 0.247517
v -0.152883 -0.049654 0.270756
v -0.272972 0.055519 0.259558
v 0.387479 0.148416 0.249231
v 0.244290 0.170901 0.253367
v -0.239509 0.205837 0.255141
v 0.309943 0.225045 0.265091
v 0.062611 0.310805 0.252415
v -0.016849 0.524352 0.297362
v 0.092155 -0.270607 0.277977
v 0.382404 0.007300 0.279518
v -0.310292 0.026894 0.267029
v -0.351912 0.056442 0.258343
v 0.376249 0.094225 0.257896
v -0.385948 0.131369 0.255011
v -0.125701 -0.239306 0.255000
v 0.126403 -0.187345 0.256722
v 0.213580 -0.080295 0.258619
v 0.259920 0.132380 0.242158
v -0.254917 0.285863 0.243989
v 0.043896 0.282496 0.255861
v -0.064317 -0.238383 0.271846
v -0.132023 -0.184758 0.260790
v 0.156644 -0.195386 0.274122
v 0.101071 -0.156138 0.273251
v -0.209617 -0.079685 0.276171
v 0.443178 0.020739 0.242696
v 0.351387 0.049764 0.276141
v -0.365814 0.055711 0.256117
v 0.267663 0.208476 0.271449
v 0.058822 0.290611 0.251474
v 0.058072 0.291016 0.252101
v 0.058603 0.292124 0.251880
v -0.073529 0.318601 0.277563
v 0.102370 0.428598 0.296041
v -0.097087 0.444308 0.289077
v 0.038428 0.517082 0.298589
v -0.100592 -0.307445 0.286463
v 0.103664 -0.273161 0.271963
v 0.129902 -0.205366 0.253906
v -0.011179 -0.191462 0.268471
v 0.008334 -0.220689 0.271707
v -0.161004 -0.109066 0.259640
v 0.155640 -0.091015 0.256786
v 0.022013 0.061550 0.266261
v 0.366182 0.055855 0.269722
v 0.385507 0.160663 0.283622
v 0.072234 0.274082 0.255161
v 0.102169 0.370302 0.291116
v -0.095633 0.349229 0.263116
v -0.102211 0.388050 0.281739
v -0.087527 -0.306354 0.273986
v 0.128667 -0.287987 0.262036
v -0.148205 -0.274508 0.259703
v -0.103101 -0.201704 0.268089
v -0.052055 -0.207439 0.268009
v -0.162290 -0.142049 0.265950
v -0.142577 -0.087150 0.277716
v 0.140506 -0.114830 0.271540
v -0.173463 -0.065043 0.311834
v 0.204633 -0.019002 0.316203
v -0.208131 -0.025567 0.305807
v 0.157964 0.013976 0.276669
v -0.361800 0.022387 0.273500
v 0.044227 0.267102 0.267887
v -0.171804 -0.244551 0.262464
v 0.271000 0.060645 0.348823
v -0.352134 0.067170 0.276248
v 0.264218 0.136866 0.300128
v -0.068057 0.503714 0.315856
v -0.157256 -0.310290 0.305763
v 0.175120 -0.302298 0.312990
v -0.188943 -0.280893 0.278969
v 0.176075 -0.205556 0.281008
v 0.160156 -0.155909 0.267458
v -0.151568 -0.082081 0.284557
v -0.299366 0.092313 0.279012
v -0.257120 0.156660 0.284667
v -0.275433 0.216564 0.273951
v -0.006079 -0.344803 0.276471
v 0.044071 -0.326503 0.279574
v -0.191477 -0.229669 0.284540
v -0.175500 -0.223485 0.289031
v -0.158598 -0.180577 0.294721
v -0.297534 0.033809 0.313187
v 0.056735 0.136939 0.324915
v -0.354577 0.093903 0.276023
v 0.169961 -0.251765 0.285115
v 0.163915 -0.082093 0.290829
v -0.375000 -0.001888 0.284041
v -0.349720 0.042118 0.323383
v -0.325651 0.041063 0.315683
v 0.345167 0.199132 0.307106
v 0.067735 0.291836 0.288734
v -0.093399 0.398702 0.300331
v -0.001911 -0.352458 0.290742
v -0.185180 -0.083020 0.290221
v 0.191192 -0.076081 0.288963
v 0.131439 0.111302 0.331709
v -0.001360 0.172673 0.352588
v 0.095086 0.323521 0.311771
v 0.117910 -0.296101 0.285955
v 0.196131 -0.230019 0.285041
v -0.194524 -0.102072 0.290140
v 0.166590 -0.165291 0.288198
v 0.311749 0.025152 0.332592
v -0.354187 0.048376 0.327867
v 0.277447 0.093318 0.313630
v 0.277093 0.193939 0.301308
v -0.374362 0.160421 0.329459
v -0.323311 0.213954 0.295153
v 0.037647 0.256644 0.298157
v -0.065859 0.278778 0.310473
v 0.002477 -0.397551 0.310197
v 0.186936 -0.287011 0.297468
v 0.194810 -0.136398 0.285395
v -0.154010 -0.113559 0.310546
v -0.153701 0.011160 0.286168
v 0.358697 0.018331 0.298475
v -0.269614 0.104534 0.364548
v -0.294244 0.191869 0.339634
v -0.027406 0.242792 0.327113
v 0.082045 0.281818 0.301960
v -0.173312 -0.174162 0.306044
v 0.202424 -0.056475 0.342547
v 0.363222 -0.031471 0.301572
v 0.361699 0.073525 0.288864
v -0.280839 0.069668 0.333223
v -0.359320 0.065209 0.335182
v -0.276349 0.096124 0.319158
v -0.062674 -0.380180 0.304406
v -0.193583 -0.090751 0.324356
v -0.155072 -0.078073 0.316273
v 0.069375 -0.402579 0.327389
v 0.190952 -0.261106 0.312295
v -0.141863 -0.216719 0.294563
v -0.369601 -0.021377 0.337362
v -0.175739 0.054048 0.330494
v 0.341961 0.057792 0.321878
v 0.359566 0.054011 0.337238
v -0.124764 0.098594 0.325554
v 0.317222 0.188907 0.349606
v -0.087428 0.331547 0.339450
v -0.014253 -0.425895 0.328182
v -0.161798 -0.219993 0.319376
v -0.131309 -0.187932 0.336229
v -0.118571 -0.145604 0.318730
v 0.189166 -0.087007 0.315963
v -0.359842 -0.024212 0.330455
v -0.200286 -0.148042 0.328732
v -0.149962 -0.114363 0.324255
v 0.181875 0.058256 0.342133
v 0.096966 0.362747 0.336199
v -0.099278 0.368275 0.344165
v 0.372705 -0.004662 0.350694
v 0.211972 0.003495 0.338139
v 0.202102 0.026437 0.346888
v 0.159982 0.081736 0.338070
v 0.099315 0.472040 0.347025
v -0.196361 0.018707 0.336953
v -0.286190 0.041644 0.350181
v 0.356457 0.030496 0.405669
v 0.034615 0.194270 0.327927
v 0.050319 0.235497 0.326872
v -0.096690 0.416853 0.329115
v 0.207112 -0.184586 0.333092
v 0.194737 -0.022913 0.363559
v 0.363855 -0.011029 0.332122
v 0.356141 0.108876 0.388747
v -0.001087 0.188812 0.320294
v 0.205168 -0.063131 0.351245
v -0.356959 0.042428 0.341408
v -0.348291 0.044618 0.342604
v -0.352189 0.046824 0.340942
v -0.038933 0.512313 0.347568
v -0.182895 -0.390887 0.378273
v -0.309649 0.022508 0.353580
v -0.181579 0.055969 0.351641
v 0.101255 0.396680 0.344382
v -0.093747 0.455129 0.363305
v -0.198482 -0.320668 0.341237
v -0.200264 -0.065966 0.350859
v -0.268675 0.077354 0.346652
v 0.069819 0.164653 0.358888
v -0.043356 0.200095 0.360328
v 0.070285 0.248501 0.353687
v 0.140085 -0.366468 0.340418
v 0.214346 -0.305639 0.358204
v -0.207439 -0.203303 0.346271
v -0.360149 0.016901 0.394975
v -0.209952 0.011438 0.370219
v 0.000496 -0.472110 0.402213
v 0.253112 0.058142 0.343727
v 0.256805 0.052951 0.350972
v 0.257578 0.078892 0.353218
v -0.147942 0.088333 0.375933
v -0.151545 0.090836 0.356482
v -0.030254 0.185971 0.372938
v -0.331145 0.162710 0.373038
v 0.055629 0.204067 0.345797
v -0.049482 0.237666 0.349451
v 0.101332 0.405744 0.384104
v -0.086023 -0.457806 0.397195
v -0.126382 -0.399592 0.351952
v 0.444905 -0.019890 0.351751
v 0.444646 -0.009840 0.354913
v 0.338421 0.012158 0.368320
v -0.227982 0.036435 0.350049
v 0.247842 0.043218 0.352678
v 0.073227 0.313132 0.405766
v -0.084937 0.377278 0.372221
v 0.186268 -0.119544 0.367612
v -0.449430 -0.008124 0.351316
v -0.168459 0.018100 0.364932
v 0.276023 0.028473 0.357720
v 0.352086 0.028373 0.376132
v 0.256945 0.047937 0.355205
v 0.244853 0.049635 0.356589
v 0.264534 0.072155 0.359385
v -0.214305 -0.316671 0.380513
v -0.364210 -0.019806 0.404652
v -0.478701 -0.019336 0.358919
v -0.487866 -0.009009 0.366317
v -0.153677 0.047867 0.373184
v -0.268196 0.066420 0.378492
v 0.257400 0.046692 0.357007
v 0.256449 0.047118 0.355919
v 0.328464 -0.032112 0.361698
v -0.385766 -0.012207 0.378078
v 0.333533 0.031955 0.367934
v 0.190300 0.039233 0.374124
v 0.284569 0.036848 0.358216
v -0.357222 0.041576 0.411650
v 0.174353 0.089311 0.396350
v 0.071177 0.194463 0.362665
v 0.061981 0.259530 0.369369
v 0.187939 -0.363359 0.355457
v 0.178309 -0.231179 0.392671
v 0.322132 -0.075285 0.364581
v 0.494659 -0.017606 0.378862
v 0.367414 -0.004290 0.413504
v -0.066928 0.158726 0.379987
v -0.169592 -0.177817 0.383332
v 0.334813 -0.082501 0.378538
v 0.264531 0.053398 0.384808
v 0.046991 0.219087 0.382664
v -0.085780 0.425782 0.414493
v 0.130175 -0.139095 0.367384
v 0.126095 -0.061844 0.378891
v -0.329047 -0.069213 0.369965
v -0.490513 -0.020680 0.396491
v -0.351053 0.008798 0.405977
v -0.328342 0.023705 0.385876
v -0.188299 0.088222 0.406225
v 0.310403 0.115331 0.424603
v 0.023521 0.516315 0.355428
v 0.189133 -0.301436 0.418013
v 0.053489 -0.127080 0.367228
v 0.058608 -0.042519 0.390972
v -0.350658 -0.086132 0.393552
v -0.158315 -0.066080 0.391377
v -0.175968 0.084635 0.442246
v -0.159002 0.078387 0.405263
v 0.060251 0.172749 0.378942
v 0.070104 0.476993 0.390832
v -0.112748 -0.129664 0.372824
v 0.034984 -0.109974 0.378124
v -0.025244 -0.082130 0.378949
v 0.396995 -0.061953 0.401870
v 0.368723 -0.018932 0.394722
v 0.374243 -0.019780 0.404695
v 0.253392 0.018354 0.380754
v 0.329531 0.021572 0.399530
v -0.268129 0.073712 0.406855
v 0.142452 -0.230341 0.399678
v -0.038376 -0.144428 0.378056
v -0.114330 -0.027733 0.392815
v -0.385306 -0.082264 0.399313
v -0.371552 -0.052645 0.384269
v 0.327028 -0.024162 0.427553
v -0.384275 -0.013058 0.416680
v -0.196587 0.012800 0.393006
v 0.181681 0.058196 0.397267
v 0.335098 0.094572 0.432552
v -0.157006 0.103960 0.423528
v 0.123950 -0.451549 0.418136
v 0.180265 -0.439714 0.441452
v 0.129675 -0.250092 0.396722
v 0.046534 -0.174193 0.378301
v 0.140572 -0.048652 0.402709
v -0.130236 -0.077494 0.387747
v -0.025756 -0.018976 0.406295
v -0.379571 -0.025517 0.397007
v 0.196737 0.014541 0.404859
v 0.276899 0.038279 0.402188
v -0.254356 0.080306 0.401089
v -0.127298 -0.257911 0.402287
v 0.035207 -0.155809 0.411723
v 0.152701 -0.135078 0.393858
v 0.026555 -0.039168 0.396324
v -0.305917 -0.067027 0.439575
v 0.306127 -0.059895 0.440693
v 0.406067 -0.039953 0.418796
v -0.051274 0.193942 0.441108
v -0.017401 0.211450 0.400674
v 0.092758 0.416654 0.394346
v -0.005775 0.463112 0.442652
v 0.203408 -0.420921 0.453982
v 0.217523 -0.372400 0.435078
v -0.176383 -0.297074 0.428808
v 0.041667 -0.260740 0.404162
v -0.035116 -0.232805 0.391937
v -0.026844 -0.163855 0.426065
v 0.010393 -0.132194 0.423837
v 0.156108 -0.063695 0.400484
v -0.400211 -0.041746 0.420379
v -0.329841 -0.032613 0.393123
v 0.363915 -0.019382 0.402381
v 0.360454 -0.003321 0.424529
v 0.466388 -0.020606 0.410361
v -0.363548 0.010735 0.435496
v 0.260547 0.079441 0.407296
v -0.028925 0.239138 0.409317
v -0.135812 -0.170755 0.391198
v 0.346459 -0.060529 0.426166
v 0.258342 0.041942 0.404368
v 0.026818 0.200206 0.396251
v -0.016700 0.214874 0.405545
v -0.146964 -0.225738 0.391326
v -0.019872 -0.120514 0.397597
v -0.145569 -0.016157 0.423927
v 0.384388 -0.014877 0.423841
v -0.193479 0.019340 0.428547
v 0.178633 0.084841 0.413132
v 0.273661 0.110019 0.406331
v -0.302721 0.115600 0.431863
v 0.002693 0.213766 0.407516
v -0.061482 0.323560 0.401838
v 0.069992 0.341582 0.435768
v -0.052545 0.461318 0.418931
v -0.340502 -0.081531 0.416726
v -0.389331 -0.065120 0.427356
v -0.006885 -0.016417 0.436078
v 0.496824 -0.038450 0.412565
v -0.495813 -0.038082 0.409902
v -0.416823 -0.026602 0.414378
v 0.374453 -0.024504 0.408512
v -0.489556 -0.031637 0.423339
v 0.128600 0.009710 0.429704
v -0.283298 0.033530 0.427066
v 0.269181 0.056548 0.411884
v -0.015263 0.214051 0.408937
v -0.037475 0.234608 0.463242
v -0.174989 -0.469660 0.494598
v -0.163345 -0.272484 0.419611
v -0.019070 -0.256679 0.429300
v -0.001948 -0.145725 0.430436
v 0.013174 -0.036029 0.428260
v -0.425040 -0.026181 0.430845
v -0.323319 -0.029050 0.422118
v 0.367665 -0.021421 0.438408
v 0.035351 0.013380 0.426672
v -0.274568 0.019570 0.418708
v 0.275057 0.020091 0.429940
v -0.367206 0.042330 0.452625
v 0.001628 0.207647 0.413720
v 0.024351 0.441004 0.455797
v -0.214773 -0.405963 0.473892
v -0.036186 -0.335075 0.459691
v 0.132983 -0.300077 0.433884
v -0.426211 -0.046237 0.433928
v -0.302996 0.017173 0.416998
v -0.110574 0.053569 0.457463
v -0.269340 0.092001 0.410559
v 0.168148 0.160789 0.522906
v 0.038000 0.296258 0.449497
v -0.063585 0.353126 0.429674
v 0.081600 0.421979 0.427843
v -0.015199 -0.178350 0.431757
v 0.010656 -0.234623 0.430044
v 0.359676 -0.014427 0.437696
v -0.119550 0.052821 0.472677
v 0.368976 -0.000324 0.442885
v -0.079943 0.042692 0.447328
v 0.180814 0.087873 0.444198
v -0.163052 0.152709 0.506988
v 0.075685 -0.497659 0.473578
v 0.375591 -0.070416 0.433142
v -0.378735 -0.025850 0.438124
v -0.249453 0.029182 0.434273
v 0.268920 0.100609 0.448516
v 0.036783 0.214725 0.441520
v -0.012549 0.266672 0.439858
v -0.135537 -0.306703 0.432778
v 0.033088 -0.154335 0.450819
v 0.292683 -0.044194 0.442595
v 0.422352 -0.022841 0.441494
v -0.017412 0.033469 0.458725
v 0.379963 -0.005429 0.443856
v 0.240400 0.012107 0.429907
v 0.220986 0.026353 0.465731
v 0.181677 0.077233 0.485904
v -0.246316 0.049978 0.494808
v 0.345007 0.061994 0.463547
v 0.009032 0.285904 0.459646
v 0.009602 -0.513138 0.501688
v 0.213454 -0.426881 0.516780
v 0.028472 -0.333304 0.483979
v 0.014675 -0.178120 0.431997
v -0.356947 -0.059167 0.475458
v 0.321715 -0.069362 0.467550
v -0.368059 -0.047313 0.450362
v 0.443890 -0.042116 0.447229
v 0.155809 0.008356 0.440475
v -0.227462 0.012095 0.453475
v -0.331646 0.078913 0.454947
v 0.176422 0.121116 0.470714
v -0.039502 0.290218 0.440537
v 0.182167 -0.365422 0.486420
v 0.042139 -0.342346 0.463365
v 0.159259 -0.310578 0.443775
v 0.281772 -0.011949 0.456887
v 0.044176 0.061565 0.492844
v 0.122192 0.069243 0.494439
v -0.276808 0.033948 0.440780
v 0.360206 0.044683 0.463159
v 0.375492 -0.050871 0.474147
v 0.399411 -0.056187 0.436440
v -0.146094 0.049157 0.476987
v -0.095136 0.114142 0.437928
v -0.119577 0.119141 0.463699
v -0.028448 0.412410 0.460121
v 0.202969 -0.455673 0.552648
v 0.001922 -0.282317 0.451732
v -0.431846 -0.023730 0.458152
v -0.262875 0.004095 0.467767
v -0.269893 0.036407 0.448437
v -0.268486 0.037090 0.447827
v 0.078513 0.214996 0.498301
v -0.033400 0.330373 0.464090
v -0.082765 -0.508325 0.515804
v -0.303959 -0.049707 0.457439
v -0.376382 -0.010861 0.490340
v 0.006091 0.035314 0.490522
v -0.289974 0.103830 0.467839
v -0.065191 0.123795 0.468824
v -0.096697 0.152929 0.471136
v 0.197921 -0.463078 0.511083
v -0.427522 -0.051554 0.457945
v -0.277616 -0.035409 0.466458
v -0.365595 0.023740 0.490672
v -0.177528 0.071797 0.468015
v -0.064319 0.105112 0.479105
v -0.068283 0.225390 0.486367
v 0.048775 0.236039 0.476076
v 0.131907 -0.360379 0.486271
v 0.397514 -0.057496 0.513351
v 0.374693 -0.011002 0.470464
v 0.253453 0.025687 0.460589
v 0.148722 0.061905 0.503671
v -0.084245 0.207500 0.527083
v 0.042135 0.349088 0.463093
v -0.149337 -0.342552 0.475345
v -0.396236 -0.056122 0.481038
v 0.248468 0.007503 0.472730
v -0.265240 0.032872 0.470279
v 0.157050 -0.356952 0.486899
v -0.031350 -0.148644 0.553761
v -0.214650 0.025304 0.480330
v 0.360731 0.026068 0.486743
v 0.394792 0.017898 0.497906
v -0.108463 0.093824 0.477123
v -0.078424 0.170685 0.505185
v 0.074201 0.235728 0.501288
v -0.186038 -0.367662 0.491421
v -0.132510 -0.369183 0.503527
v 0.236423 0.050537 0.484780
v 0.028148 -0.140153 0.502469
v -0.358278 -0.037942 0.498235
v -0.297487 -0.040529 0.489859
v 0.360042 0.002038 0.485837
v -0.370141 0.034015 0.502811
v -0.043005 -0.375376 0.510804
v 0.408935 -0.031768 0.512341
v -0.244872 -0.034517 0.521405
v -0.400327 0.021891 0.482722
v -0.400895 0.039672 0.504102
v -0.346929 0.042718 0.504473
v -0.039168 0.075953 0.500254
v -0.058755 0.120490 0.480993
v -0.411666 -0.022325 0.497540
v -0.363734 -0.003696 0.523360
v -0.217711 0.030542 0.495187
v 0.283548 0.086139 0.497049
v -0.105196 0.121496 0.513915
v -0.062565 0.143179 0.507250
v -0.059390 0.122311 0.484920
v -0.058527 0.121397 0.482783
v -0.028165 0.249688 0.557804
v 0.127999 -0.399805 0.537104
v 0.040158 -0.162671 0.565962
v -0.331605 -0.073238 0.516105
v 0.335805 -0.070079 0.489078
v 0.299662 -0.052302 0.492808
v 0.218178 0.038526 0.505309
v 0.398787 0.036733 0.491599
v -0.207645 0.062537 0.501376
v 0.358249 0.036316 0.510489
v -0.071174 0.090074 0.526022
v -0.096071 0.110278 0.513331
v 0.183941 0.112618 0.531046
v -0.087936 0.162027 0.520356
v -0.310620 -0.058607 0.511157
v -0.398980 -0.052682 0.539616
v 0.275659 -0.026565 0.496759
v -0.216738 -0.014729 0.525565
v 0.440939 0.001104 0.530362
v -0.427475 0.021489 0.528643
v 0.382744 0.038661 0.502972
v -0.018518 0.064142 0.526763
v 0.207129 0.066249 0.504453
v -0.181022 0.158251 0.592024
v 0.199301 -0.393433 0.510166
v 0.042364 -0.391770 0.517084
v -0.000187 -0.344923 0.529173
v 0.049049 -0.139481 0.563512
v 0.335678 -0.065795 0.537486
v -0.363158 -0.056348 0.537078
v 0.387763 -0.013061 0.511650
v 0.338922 0.019344 0.517669
v 0.229294 0.062436 0.515546
v -0.253693 0.069447 0.511702
v 0.030848 -0.379798 0.578349
v 0.101948 -0.394133 0.548519
v 0.350809 -0.055203 0.516364
v 0.020039 0.071040 0.545295
v 0.347030 0.023727 0.521762
v 0.318053 0.054506 0.519432
v -0.277963 0.071385 0.526423
v -0.185326 0.133327 0.583917
v 0.074622 -0.396197 0.539929
v -0.242156 -0.049118 0.554542
v 0.215318 0.015419 0.516621
v -0.107109 0.098506 0.557009
v 0.418413 0.022956 0.529992
v -0.093457 0.124631 0.532439
v 0.104783 -0.510434 0.559259
v -0.211583 -0.433163 0.582705
v -0.181777 -0.390367 0.577338
v 0.321421 -0.063772 0.522309
v 0.263820 -0.044415 0.536089
v 0.331875 -0.008141 0.533296
v -0.409774 0.018744 0.517819
v -0.235414 0.049723 0.546673
v 0.249969 0.062276 0.512062
v -0.175199 0.101235 0.549449
v 0.192374 0.081917 0.540795
v 0.182954 0.138211 0.567516
v -0.414401 -0.028450 0.532265
v -0.209635 0.029023 0.536495
v -0.434744 0.021010 0.538968
v 0.008774 0.049089 0.562059
v 0.079668 0.094890 0.551555
v -0.007864 -0.519769 0.582074
v 0.142374 -0.381949 0.549420
v -0.289574 -0.054108 0.540713
v 0.218873 -0.021450 0.548976
v -0.371913 0.007965 0.534952
v 0.355212 -0.010421 0.553049
v -0.185071 0.009803 0.550311
v 0.393765 0.010604 0.534139
v 0.379702 0.031656 0.528177
v 0.397942 0.021641 0.525633
v -0.241352 0.076271 0.531668
v 0.292484 0.037045 0.546546
v -0.004272 -0.180983 0.578153
v -0.315611 -0.055956 0.551353
v 0.449473 0.010362 0.547939
v 0.398552 0.019685 0.527621
v 0.346741 0.021667 0.540412
v -0.199317 0.060429 0.525403
v -0.145547 0.085825 0.559379
v 0.392784 -0.045248 0.541718
v 0.414096 0.010194 0.550034
v -0.413736 0.006861 0.538050
v -0.370707 0.021976 0.537654
v -0.344944 -0.020779 0.562976
v -0.265579 0.051425 0.549845
v 0.265911 0.067303 0.561258
v -0.064215 0.232681 0.588871
v -0.183758 -0.478373 0.617871
v 0.023198 -0.120484 0.555370
v -0.426957 -0.057636 0.573565
v -0.171141 -0.009877 0.546586
v -0.394967 0.009975 0.548751
v -0.472568 0.001897 0.544425
v -0.438672 0.000721 0.550975
v -0.047122 0.097401 0.581135
v 0.172342 0.099004 0.574823
v 0.196881 -0.401963 0.644223
v -0.129448 -0.394660 0.597506
v -0.092747 -0.391402 0.557841
v -0.255190 -0.065950 0.564571
v -0.003575 0.058094 0.608610
v 0.251216 0.065528 0.565974
v 0.141439 0.085068 0.568024
v 0.119946 0.098503 0.589137
v -0.144185 0.194616 0.574679
v 0.050065 -0.404191 0.564017
v -0.039212 -0.163214 0.576639
v 0.344963 -0.069248 0.547941
v 0.437786 -0.058140 0.561246
v -0.427711 -0.021414 0.561235
v 0.437319 -0.020298 0.563702
v 0.372897 -0.025904 0.554056
v 0.226036 0.032851 0.559213
v 0.237749 0.051990 0.546737
v 0.040604 0.089583 0.563827
v -0.074657 0.104026 0.597046
v 0.155310 -0.385748 0.587671
v 0.373535 -0.065825 0.554636
v -0.382070 -0.019883 0.551578
v 0.208838 0.005876 0.542029
v 0.364612 0.024475 0.550478
v -0.214061 0.034620 0.555307
v 0.154616 0.190417 0.601407
v -0.017662 -0.371168 0.583661
v -0.030723 -0.125008 0.553083
v -0.354736 -0.061828 0.570178
v 0.294451 0.009793 0.576965
v -0.269635 0.035673 0.548737
v 0.336993 0.031210 0.565240
v 0.260609 0.050541 0.554369
v 0.011125 -0.523914 0.588604
v -0.294638 -0.064376 0.570780
v -0.239704 -0.072710 0.586700
v -0.193275 -0.035354 0.569363
v 0.319546 0.004435 0.572158
v -0.172469 0.065683 0.576741
v 0.193253 -0.480153 0.647262
v -0.009928 -0.365221 0.612862
v 0.263363 -0.064135 0.567837
v -0.339934 0.005040 0.589199
v -0.300887 0.011300 0.592945
v 0.305333 0.014498 0.587337
v -0.282670 0.019132 0.560532
v -0.312045 0.016470 0.604191
v -0.129052 0.090542 0.604143
v -0.162930 0.192024 0.631015
v 0.072595 0.230529 0.569867
v 0.024476 0.257006 0.628893
v -0.038510 -0.402766 0.586721
v 0.017190 -0.037412 0.594097
v 0.360639 -0.068796 0.581890
v 0.324405 -0.020319 0.572979
v 0.193994 0.056515 0.584289
v -0.059744 0.250547 0.629215
v 0.043756 -0.395975 0.601489
v 0.171955 -0.386477 0.650302
v 0.303922 -0.060289 0.563758
v 0.334008 -0.059781 0.584488
v 0.157067 -0.049015 0.568443
v 0.437768 -0.049586 0.577321
v 0.162626 -0.022596 0.571461
v 0.191963 -0.037271 0.574731
v -0.427231 -0.033600 0.581612
v -0.147822 -0.024450 0.584242
v -0.210974 0.018346 0.578521
v -0.251799 0.022643 0.567689
v -0.074069 -0.154220 0.596328
v 0.057784 -0.120468 0.573706
v -0.161848 -0.083904 0.581846
v -0.150173 -0.114170 0.600185
v 0.287027 -0.066534 0.599459
v 0.210188 -0.058610 0.572176
v -0.318098 -0.019670 0.614013
v -0.308360 -0.031879 0.597006
v 0.343905 -0.020188 0.595556
v -0.175876 -0.002200 0.599350
v -0.285815 0.027403 0.568298
v 0.271311 0.031340 0.584691
v 0.189499 0.161226 0.676759
v -0.095112 0.223537 0.581885
v 0.127894 -0.089963 0.586012
v -0.337410 -0.077656 0.587636
v 0.165155 -0.064047 0.589563
v 0.142625 -0.043022 0.583233
v 0.210237 0.022838 0.577289
v -0.026380 0.255212 0.620417
v -0.089531 -0.507267 0.669932
v 0.067773 -0.159201 0.592605
v -0.070819 -0.119198 0.580416
v 0.062724 -0.097073 0.589112
v -0.055003 -0.060083 0.591037
v 0.277034 -0.057362 0.586353
v -0.130073 -0.056580 0.583085
v -0.268367 0.038796 0.591738
v -0.288643 0.011587 0.600994
v -0.030563 0.078670 0.666118
v -0.167863 0.088619 0.628283
v -0.083807 0.112279 0.637503
v 0.217468 -0.419119 0.709193
v 0.016705 -0.194168 0.606334
v -0.055547 -0.077794 0.589570
v 0.170171 -0.078799 0.583460
v 0.104846 -0.073062 0.597072
v 0.092516 -0.059796 0.585711
v 0.042639 -0.048314 0.601881
v -0.330778 -0.062077 0.606136
v 0.309157 0.011952 0.598425
v -0.135959 0.238922 0.621440
v 0.103351 -0.128373 0.595126
v -0.134984 -0.070358 0.596581
v -0.335281 -0.063171 0.591118
v -0.299950 -0.051940 0.596080
v -0.001906 -0.040998 0.601612
v 0.202644 -0.083248 0.598389
v -0.328141 -0.061515 0.592798
v -0.362916 -0.035798 0.613882
v -0.327313 -0.060465 0.593294
v 0.152327 -0.023723 0.600911
v -0.126016 -0.023030 0.609611
v 0.228105 0.024223 0.581881
v 0.304859 0.013601 0.595343
v -0.015207 -0.194878 0.603445
v -0.054343 -0.163357 0.618116
v -0.272414 0.001514 0.584906
v 0.262778 -0.020057 0.616233
v -0.099782 0.121877 0.600844
v -0.198622 0.131946 0.681626
v 0.232853 -0.067636 0.603974
v -0.292423 -0.061837 0.619991
v 0.356473 -0.054173 0.622102
v -0.060104 -0.040431 0.623882
v 0.288113 -0.034962 0.632918
v 0.276727 0.008812 0.595272
v -0.322980 -0.000541 0.607681
v -0.204708 0.002844 0.604299
v 0.175130 0.000298 0.593669
v 0.227941 -0.006583 0.605997
v 0.283383 0.037074 0.608845
v 0.293505 0.039146 0.599365
v -0.107684 0.097019 0.666899
v 0.090319 -0.512019 0.589475
v -0.163044 -0.098267 0.624043
v -0.226570 -0.064957 0.611049
v 0.356711 -0.027659 0.618629
v 0.025444 0.072045 0.670521
v 0.056600 0.243803 0.639817
v -0.172745 -0.383205 0.659915
v 0.145381 -0.379062 0.641416
v 0.059649 -0.162135 0.625572
v 0.095621 -0.142338 0.617392
v 0.248065 -0.056715 0.617442
v 0.300400 -0.052823 0.614836
v -0.177541 -0.023598 0.625693
v -0.299868 0.025196 0.612301
v 0.148949 0.077741 0.659483
v 0.140718 0.228515 0.635662
v -0.164937 0.206090 0.645870
v 0.051907 -0.385563 0.659012
v -0.089741 -0.388167 0.641418
v 0.149554 -0.023838 0.629116
v 0.184966 -0.016803 0.620178
v -0.325652 -0.014325 0.621026
v 0.319922 -0.010775 0.639948
v 0.061857 0.099896 0.602067
v 0.041124 -0.375074 0.641662
v -0.062383 -0.141229 0.642166
v -0.238236 -0.033469 0.614162
v 0.178096 0.084150 0.675355
v 0.144244 0.210859 0.652821
v 0.109914 0.230055 0.610476
v 0.074733 -0.390870 0.646930
v -0.246844 -0.047128 0.618086
v -0.019773 -0.042778 0.638537
v 0.126652 -0.396844 0.654719
v -0.197594 -0.383220 0.703279
v 0.065920 -0.087041 0.617262
v 0.218208 -0.047173 0.626258
v 0.103519 -0.089698 0.625137
v -0.170129 -0.066029 0.627631
v 0.332445 -0.066150 0.648981
v -0.245799 -0.042557 0.635792
v 0.215636 -0.036240 0.634027
v -0.248331 -0.027354 0.630301
v 0.199969 0.121384 0.732018
v -0.212550 -0.408648 0.716732
v 0.051727 -0.071691 0.625610
v 0.161460 -0.063280 0.629310
v 0.115709 -0.050869 0.625798
v 0.129802 -0.067264 0.630166
v 0.127146 -0.064365 0.632068
v 0.127267 -0.068638 0.629977
v -0.176229 -0.061626 0.641255
v 0.231646 -0.048385 0.639955
v 0.026473 -0.042938 0.627258
v 0.229067 -0.036012 0.648012
v -0.159844 -0.038526 0.653493
v 0.189190 0.141159 0.694525
v 0.078535 0.248184 0.656901
v -0.133998 -0.385508 0.657646
v -0.044262 -0.377123 0.673849
v 0.037782 -0.175305 0.650462
v -0.047529 -0.157128 0.675167
v 0.058011 -0.113143 0.637841
v 0.123652 -0.104798 0.630029
v -0.322033 -0.067506 0.661630
v 0.103256 -0.060968 0.641711
v -0.284543 -0.036921 0.643464
v -0.317124 0.008209 0.657237
v -0.129270 0.070049 0.683873
v 0.031291 -0.358773 0.685619
v -0.096500 -0.076056 0.639670
v -0.316734 -0.012532 0.648224
v 0.334948 -0.011692 0.654086
v 0.010032 -0.355040 0.646785
v 0.304334 -0.054580 0.669667
v 0.156209 -0.045546 0.646998
v 0.312472 -0.001588 0.658055
v 0.326319 0.010486 0.657118
v -0.071886 0.239480 0.664182
v 0.202657 -0.443461 0.694694
v 0.106135 -0.375035 0.667424
v -0.058151 -0.099588 0.647011
v 0.017241 -0.127291 0.667880
v -0.057701 -0.065166 0.646354
v -0.188365 -0.470374 0.694965
v 0.003687 -0.188594 0.660949
v 0.037012 -0.146155 0.673033
v -0.307823 -0.038033 0.675336
v 0.303620 -0.014251 0.676033
v -0.006055 0.055435 0.676939
v 0.129322 0.073028 0.700597
v 0.086944 0.224442 0.661717
v 0.000978 -0.508492 0.702178
v 0.157128 -0.357786 0.686011
v -0.347456 -0.037710 0.657522
v -0.195112 0.059751 0.728665
v -0.033305 0.241531 0.705036
v 0.031183 -0.508109 0.709117
v 0.147586 -0.340319 0.710433
v 0.340295 -0.050220 0.675185
v -0.148007 0.212562 0.662883
v 0.193943 -0.464876 0.716375
v 0.050881 -0.347919 0.713381
v -0.040299 -0.344397 0.722254
v 0.146070 0.204323 0.686638
v -0.106976 0.213770 0.658778
v 0.030674 0.243527 0.689884
v 0.005747 -0.315515 0.731799
v -0.001916 -0.175997 0.684558
v 0.010585 -0.156810 0.691114
v 0.045893 0.071431 0.697659
v -0.022410 -0.164940 0.679682
v -0.072122 0.061029 0.713671
v 0.197140 0.079476 0.711180
v 0.052567 0.205064 0.731091
v -0.129371 -0.370726 0.685029
v 0.096579 0.204665 0.714450
v -0.064106 0.217833 0.704239
v -0.168573 -0.352173 0.691328
v -0.017338 -0.147087 0.683521
v 0.153919 0.050041 0.711440
v -0.184369 0.170710 0.724519
v 0.127062 -0.485322 0.736013
v 0.070932 -0.346988 0.726481
v 0.185973 -0.360842 0.706451
v -0.139847 0.197590 0.693254
v 0.128247 -0.352667 0.727008
v 0.059826 0.037528 0.747991
v 0.003756 0.005549 0.744271
v 0.047913 0.225211 0.721199
v -0.164469 -0.350353 0.709537
v -0.012682 -0.187031 0.776974
v -0.114529 0.040916 0.740830
v 0.219469 -0.383426 0.745504
v -0.116436 -0.338283 0.736726
v -0.074721 -0.324942 0.754472
v -0.031608 0.037305 0.734439
v -0.215208 0.087395 0.755476
v -0.171139 0.173068 0.744275
v 0.140907 0.187435 0.712156
v -0.197365 -0.417266 0.784850
v -0.140127 -0.310327 0.755051
v -0.154290 0.043558 0.717651
v -0.139109 -0.468185 0.774145
v 0.071695 -0.311018 0.763600
v -0.078636 -0.495438 0.735845
v -0.039411 -0.299902 0.776883
v 0.014709 -0.295323 0.762464
v -0.017974 -0.150145 0.757129
v -0.108516 0.192665 0.759600
v -0.022023 -0.498867 0.728096
v -0.099453 -0.291180 0.783204
v 0.172932 -0.289585 0.770586
v -0.030411 -0.167410 0.769699
v 0.154118 -0.015834 0.770107
v -0.182314 -0.297665 0.769105
v 0.115577 -0.293825 0.776985
v 0.148460 -0.302973 0.747990
v 0.013267 -0.158739 0.752874
v 0.108486 0.196655 0.759406
v -0.030114 0.247290 0.830717
v 0.067118 -0.496929 0.770862
v 0.202447 -0.403449 0.769402
v 0.030879 -0.008758 0.771754
v 0.183792 0.145656 0.780537
v -0.160074 0.151570 0.766397
v -0.051180 0.212078 0.752720
v -0.039127 0.205839 0.784968
v 0.195141 -0.291115 0.782590
v 0.223178 0.039865 0.805314
v 0.163044 0.137108 0.785955
v -0.076799 0.214649 0.780401
v 0.010854 -0.478318 0.771243
v 0.139534 -0.301514 0.774761
v -0.039931 -0.022019 0.797261
v 0.103294 0.176273 0.780370
v 0.028816 0.239952 0.883259
v -0.091016 -0.482518 0.757562
v 0.151400 -0.299265 0.754673
v 0.021922 -0.480582 0.824590
v -0.134773 -0.292046 0.781721
v 0.154972 -0.258571 0.785337
v 0.153566 -0.295656 0.758768
v 0.152617 -0.297344 0.756664
v 0.209600 0.003317 0.785920
v 0.045667 0.200814 0.778426
v 0.071895 0.213466 0.791662
v 0.099518 -0.479949 0.809493
v 0.042553 -0.167830 0.765593
v -0.219435 0.043608 0.794150
v 0.208534 0.057993 0.823931
v -0.005245 -0.261786 0.775552
v 0.028819 -0.137840 0.785023
v -0.079275 -0.480721 0.815615
v -0.016773 -0.133286 0.789454
v -0.019490 -0.045606 0.785366
v -0.152524 -0.005121 0.765543
v -0.203028 -0.008522 0.797365
v 0.136094 -0.468233 0.799077
v 0.137160 -0.453865 0.796975
v -0.214468 -0.320674 0.816484
v 0.219173 -0.314595 0.817177
v -0.032160 -0.229861 0.801341
v 0.035159 -0.236179 0.790824
v 0.009780 -0.179849 0.776866
v 0.041149 -0.147723 0.796340
v 0.182673 -0.013444 0.773089
v -0.087577 -0.021764 0.799720
v 0.062728 -0.055936 0.821213
v -0.192143 0.113127 0.810669
v 0.087488 -0.246385 0.796842
v -0.161243 -0.219449 0.799918
v -0.035710 -0.185049 0.806901
v 0.046507 -0.180920 0.803418
v 0.136040 -0.010890 0.789484
v -0.208414 -0.273761 0.814068
v 0.023952 -0.092524 0.792896
v -0.113727 -0.040224 0.805972
v 0.104449 0.180375 0.802594
v -0.150639 -0.457094 0.790299
v 0.187182 -0.401023 0.818514
v -0.202428 -0.356385 0.830988
v 0.206228 -0.359403 0.808850
v -0.035865 -0.129006 0.809304
v 0.149183 -0.118822 0.809545
v -0.129032 -0.014067 0.783495
v 0.164937 -0.155267 0.811744
v 0.213489 0.003543 0.823824
v 0.189609 0.094535 0.834634
v 0.164336 -0.461795 0.805035
v 0.132105 -0.192611 0.827631
v -0.094698 -0.224184 0.808339
v -0.122743 -0.213728 0.815438
v 0.102516 -0.157554 0.829913
v -0.059992 -0.214511 0.809873
v 0.030887 -0.063311 0.815610
v 0.217032 0.038240 0.830323
v 0.108711 0.155420 0.813365
v -0.111636 0.153982 0.816596
v -0.002816 -0.475080 0.823664
v -0.126337 -0.142132 0.825552
v -0.151292 -0.127117 0.811764
v -0.127467 0.114440 0.851500
v -0.114741 -0.455269 0.825013
v 0.202418 -0.188434 0.828458
v 0.054728 -0.168874 0.824657
v -0.178087 -0.109091 0.807961
v -0.133229 -0.096094 0.810900
v -0.171996 -0.476250 0.853138
v 0.113036 -0.454829 0.834424
v 0.039083 -0.118624 0.831806
v -0.029821 -0.076932 0.822123
v 0.215452 -0.094889 0.845710
v 0.118579 0.158638 0.848296
v 0.039999 0.164834 0.845728
v 0.120085 -0.413082 0.862820
v -0.072973 -0.178980 0.832685
v -0.208792 0.020482 0.830675
v -0.207027 0.036086 0.849323
v -0.158469 0.073080 0.861072
v -0.113792 0.170786 0.827105
v 0.171947 -0.473224 0.854865
v 0.209488 -0.314028 0.853420
v 0.127808 -0.092806 0.827815
v -0.207917 -0.138597 0.845243
v -0.177797 -0.464974 0.908380
v -0.136491 -0.386401 0.870107
v -0.087058 -0.105890 0.836087
v -0.040697 -0.128852 0.835522
v 0.129706 0.116611 0.851801
v -0.079408 0.189103 0.829763
v -0.085990 -0.455015 0.830879
v -0.001191 -0.448673 0.838967
v 0.222697 -0.246647 0.852831
v -0.111067 -0.395895 0.891201
v 0.136356 0.123549 0.866854
v -0.033138 0.159292 0.859250
v 0.084972 0.159893 0.855680
v 0.178595 -0.344278 0.878140
v -0.207780 -0.281622 0.870632
v -0.215864 -0.144850 0.872381
v -0.129525 0.128376 0.863414
v 0.089733 -0.444650 0.846395
v 0.059424 0.157236 0.844052
v 0.014470 0.249502 0.889063
v 0.172626 -0.468676 0.917492
v 0.096398 -0.454329 0.860181
v 0.218985 -0.093233 0.879981
v -0.062967 0.156531 0.842646
v 0.168793 -0.484284 0.912303
v -0.003204 -0.454682 0.849842
v 0.118086 -0.420710 0.881468
v -0.172848 -0.316416 0.897797
v -0.104433 0.125690 0.860672
v -0.089165 -0.387270 0.899532
v 0.218167 -0.187052 0.877086
v -0.036726 0.098174 0.910170
v -0.079071 -0.356046 0.912285
v 0.109525 0.119522 0.863948
v -0.033460 -0.484912 0.898608
v -0.208845 -0.029861 0.875633
v 0.155229 0.071548 0.869877
v -0.023194 0.246528 0.927132
v -0.115572 -0.348731 0.912905
v 0.196561 -0.244824 0.910303
v -0.131005 -0.462306 0.906890
v 0.204628 -0.006413 0.886887
v 0.005009 -0.466182 0.902549
v 0.132233 -0.361718 0.892973
v -0.200013 -0.203934 0.917395
v -0.174742 -0.481868 0.915677
v 0.175239 0.032990 0.895250
v 0.095348 -0.355718 0.921725
v -0.108394 0.026790 0.931567
v 0.050689 0.079991 0.917003
v -0.197951 -0.051404 0.905745
v -0.139762 0.022700 0.942479
v 0.193694 -0.128468 0.925873
v 0.089434 -0.349475 0.914488
v -0.125002 -0.310696 0.930188
v -0.012791 0.256183 0.999303
v 0.132030 -0.325456 0.923000
v -0.016265 -0.335425 0.940403
v -0.172851 0.041924 0.892351
v 0.130530 0.043794 0.918613
v -0.051133 0.043980 0.940154
v -0.140490 -0.079072 0.949762
v 0.141027 -0.239799 0.945028
v -0.069566 -0.272285 0.971072
v -0.119822 -0.018471 0.970904
v 0.141687 -0.015515 0.966198
v 0.086439 0.030808 0.936519
v 0.054412 0.047500 0.957033
v -0.132212 -0.215135 0.948367
v 0.140105 -0.046295 0.951018
v -0.161477 -0.126518 0.938311
v -0.156209 -0.122458 0.940620
v -0.158890 -0.124469 0.939472
v 0.026998 0.150571 0.985974
v 0.077619 -0.288933 0.958250
v 0.126639 -0.225397 0.966791
v 0.132382 0.003979 0.960141
v -0.035370 0.063070 0.975607
v -0.125446 -0.205386 0.970041
v -0.069842 0.025490 0.965013
v 0.134344 -0.116527 0.968242
v 0.022363 0.254588 0.998315
v -0.130814 -0.129957 0.969690
v 0.040087 -0.295926 0.967123
v 0.088251 -0.036823 0.975928
v 0.103358 -0.155469 0.977508
v -0.019623 -0.188113 0.996421
v 0.014097 0.053093 0.978702
v -0.029749 0.136479 0.979547
v -0.087250 -0.125719 0.991959
v 0.089561 -0.135387 0.990027
v -0.032889 0.039590 0.977957
v -0.003908 0.166488 0.989411
v 0.043192 -0.121900 1.000410
v -0.080899 -0.045902 0.988714
v 0.039341 0.025172 0.980767
vn 0.1316 -0.1449 -0.9807
vn 0.1372 -0.0096 -0.9905
vn 0.0373 -0.0734 -0.9966
vn -0.1035 -0.1385 -0.9849
vn -0.1404 0.1406 -0.9801
vn 0.1985 0.2493 -0.9479
vn 0.1154 -0.0140 -0.9932
vn -0.0016 -0.2198 -0.9755
vn 0.3712 0.0461 -0.9274
vn -0.0205 0.4316 -0.9018
vn 0.4926 -0.4970 -0.7144
vn 0.0050 -0.3703 -0.9289
vn 0.7289 0.2537 -0.6358
vn -0.3434 0.1834 -0.9211
vn -0.4981 -0.1802 -0.8482
vn 0.0262 -0.0250 -0.9993
vn 0.1063 -0.0782 -0.9913
vn 0.7904 -0.2842 -0.5427
vn -0.2984 0.3078 -0.9034
vn 0.1394 -0.6300 -0.7640
vn -0.2197 0.2455 -0.9442
vn -0.1641 0.1455 -0.9757
vn 0.1890 0.4024 -0.8957
vn -0.8021 0.1385 -0.5810
vn 0.1903 0.4206 -0.8871
vn -0.5681 -0.4575 -0.6841
vn 0.3688 -0.2049 -0.9067
vn 0.6704 0.2124 -0.7109
vn 0.3616 0.5397 -0.7602
vn -0.1503 -0.5809 -0.7999
vn -0.3784 -0.5319 -0.7576
vn -0.7405 0.2074 -0.6393
vn -0.3297 0.4184 -0.8463
vn 0.3687 -0.5122 -0.7757
vn 0.7628 -0.0149 -0.6465
vn -0.0473 0.1398 -0.9890
vn -0.8425 -0.1922 -0.5032
vn -0.0926 0.5183 -0.8502
vn 0.7182 -0.3129 -0.6216
vn -0.4473 0.4722 -0.7595
vn 0.1709 0.4328 -0.8851
vn 0.4972 -0.4907 -0.7155
vn -0.7108 0.3432 -0.6140
vn 0.0030 0.2402 0.9707
vn -0.2092 0.0636 0.9758
vn 0.6810 -0.2051 0.7030
vn -0.3377 0.5650 0.7528
vn 0.9679 0.1238 -0.2185
vn 0.3434 0.5172 -0.7840
vn 0.9919 0.0096 0.1269
vn -0.9469 0.3146 0.0662
vn -0.9553 0.2462 0.1639
vn 0.4511 0.1047 0.8863
vn -0.8751 -0.1806 0.4489
vn -0.6100 0.4633 -0.6428
vn -0.5650 0.5444 -0.6200
vn 0.1383 0.5902 -0.7953
vn -0.7974 -0.5849 -0.1485
vn -0.7241 -0.0339 0.6889
vn 0.7727 0.3445 0.5332
vn 0.9404 0.0814 -0.3303
vn -0.9931 -0.0391 0.1106
vn 0.0478 -0.2312 0.9717
vn -0.1314 -0.3447 0.9295
vn 0.7217 -0.4597 -0.5175
vn 0.3238 -0.9000 -0.2919
vn -0.9822 0.1666 0.0869
vn -0.9381 -0.1963 -0.2855
vn 0.2408 -0.8390 0.4879
vn 0.9350 -0.3540 -0.0233
vn 0.6472 -0.6057 -0.4629
vn 0.1767 -0.5413 -0.8221
vn 0.1856 0.8284 0.5285
vn -0.9857 0.0673 0.1544
vn 0.1322 -0.5230 -0.8420
vn 0.7827 0.5594 -0.2728
vn 0.8072 0.0086 0.5902
vn -0.0121 0.7564 -0.6541
vn 0.0236 -0.6275 -0.7783
vn 0.6932 -0.6015 -0.3972
vn -0.4108 -0.6318 -0.6573
vn -0.7118 -0.6145 -0.3402
vn -0.6782 0.1538 -0.7186
vn 0.8771 0.2885 -0.3839
vn 0.6814 0.4720 -0.5594
vn 0.8195 0.3317 0.4673
vn 0.0753 0.6038 0.7936
vn -0.8437 -0.0783 0.5311
vn 0.6288 0.0506 -0.7759
vn 0.2816 -0.7463 0.6031
vn 0.6580 -0.1384 -0.7402
vn 0.4014 -0.2454 -0.8824
vn 0.8849 0.1306 0.4470
vn -0.5437 0.2082 -0.8130
vn 0.8981 -0.2690 -0.3478
vn 0.1369 -0.6578 -0.7407
vn 0.5119 -0.5749 -0.6384
vn -0.9398 0.1744 -0.2940
vn 0.9138 -0.3008 -0.2730
vn -0.7280 -0.6808 0.0810
vn 0.6748 -0.0282 -0.7375
vn -0.0525 0.8480 -0.5274
vn 0.0246 -0.8671 -0.4975
vn -0.6846 0.7049 0.1854
vn -0.5585 -0.3272 -0.7622
vn 0.5421 -0.5819 -0.6063
vn -0.2225 -0.9749 -0.0078
vn 0.4342 0.5999 -0.6720
vn 0.1198 -0.1549 -0.9806
vn 0.5473 -0.0566 0.8350
vn 0.9265 -0.2364 0.2927
vn 0.8698 -0.2333 0.4348
vn -0.4464 -0.6952 0.5634
vn -0.6519 0.5499 -0.5221
vn -0.4111 0.9071 -0.0907
vn -0.3117 -0.3857 -0.8684
vn 0.2491 -0.1848 -0.9507
vn -0.8343 0.5207 -0.1811
vn -0.8837 -0.1563 -0.4411
vn -0.3509 -0.4362 -0.8286
vn 0.1202 0.7805 -0.6135
vn -0.5343 -0.6562 -0.5329
vn -0.5586 -0.6383 -0.5297
vn 0.5838 -0.0417 -0.8108
vn 0.2106 -0.3131 -0.9261
vn -0.4889 0.1733 0.8550
vn 0.2711 -0.5935 0.7578
vn -0.9995 -0.0127 -0.0304
vn 0.6214 0.6097 -0.4921
vn -0.6181 0.6000 -0.5079
vn 0.3906 0.8238 -0.4108
vn -0.9883 -0.1371 -0.0662
vn 0.2336 0.3660 -0.9008
vn 0.4931 0.6929 -0.5261
vn 0.6467 0.5742 0.5021
vn 0.3474 0.9061 0.2414
vn -0.3844 -0.0849 0.9192
vn 0.1232 -0.8527 -0.5077
vn 0.1943 -0.6084 -0.7695
vn 0.3335 0.3495 -0.8756
vn -0.0104 0.2051 -0.9787
vn -0.3305 -0.2639 -0.9062
vn 0.9184 0.2632 0.2953
vn 0.5428 0.1770 0.8210
vn -0.6249 -0.4057 0.6670
vn -0.8324 0.4011 -0.3824
vn -0.1764 0.6927 -0.6993
vn -0.5275 0.7464 -0.4058
vn -0.0895 0.9844 -0.1517
vn 0.5255 0.7522 -0.3975
vn 0.3911 0.8754 -0.2841
vn -0.8317 -0.2569 -0.4922
vn -0.4436 0.8894 0.1100
vn -0.2084 0.3499 0.9133
vn -0.2805 0.0473 0.9587
vn 0.4734 0.5647 0.6760
vn -0.5326 0.2041 0.8214
vn 0.2040 0.1965 0.9591
vn 0.1387 -0.0257 0.9900
vn -0.6212 0.6713 -0.4044
vn 0.4918 0.5759 -0.6530
vn 0.6857 -0.5951 -0.4191
vn -0.7146 0.4707 0.5174
vn -0.1389 0.0926 0.9860
vn 0.5667 -0.0311 0.8234
vn 0.9851 0.0620 0.1604
vn -0.7365 0.1155 0.6665
vn -0.2273 -0.2460 0.9422
vn 0.0422 -0.2434 0.9690
vn 0.3737 -0.7423 -0.5561
vn 0.7488 0.4990 0.4362
vn 0.1050 0.4709 0.8759
vn 0.0015 0.3143 0.9493
vn -0.1768 -0.1581 0.9715
vn -0.7941 -0.0332 0.6069
vn -0.5092 0.3297 0.7950
vn -0.0986 0.4418 0.8917
vn 0.6797 -0.1988 0.7060
vn -0.0135 -0.4446 0.8956
vn 0.8840 0.0205 0.4671
vn 0.1759 -0.2319 -0.9567
vn 0.3542 0.6072 0.7112
vn 0.0070 -0.4140 0.9103
vn -0.1130 -0.6281 0.7699
vn -0.7075 0.7039 -0.0627
vn 0.2443 -0.6203 0.7453
vn 0.0911 -0.6214 0.7781
vn -0.3923 -0.4894 0.7788
vn -0.4228 -0.4833 0.7666
vn 0.5577 -0.4365 0.7060
vn 0.9534 0.2174 -0.2091
vn 0.4290 0.8712 -0.2388
vn 0.5991 0.7556 -0.2648
vn -0.0543 0.7217 0.6901
vn -0.3198 0.4672 0.8243
vn -0.9803 -0.0338 -0.1944
vn 0.5828 0.5016 0.6394
vn 0.5756 -0.4891 0.6553
vn -0.0615 -0.6227 0.7800
vn -0.2428 -0.5142 -0.8226
vn 0.0429 0.6224 0.7815
vn 0.9003 0.1566 -0.4060
vn -0.9774 -0.1491 0.1500
vn 0.2703 -0.7507 -0.6028
vn -0.8470 -0.4635 -0.2601
vn 0.9200 -0.2261 0.3201
vn 0.6104 0.7072 -0.3567
vn -0.3500 -0.8662 -0.3566
vn -0.2285 0.7441 0.6277
vn 0.4801 -0.1446 0.8652
vn -0.0301 -0.6797 0.7329
vn -0.8205 0.5247 -0.2270
vn -0.0278 0.6559 0.7544
vn 0.4549 0.4042 0.7935
vn 0.3474 0.8963 0.2758
vn -0.1498 -0.5587 0.8157
vn 0.4102 -0.8403 -0.3544
vn -0.3273 0.6872 0.6486
vn -0.5486 0.4854 -0.6808
vn -0.2153 -0.1363 0.9670
vn -0.4473 -0.7215 0.5285
vn -0.4830 0.8497 -0.2118
vn 0.1297 0.9886 -0.0764
vn 0.9738 -0.1654 -0.1559
vn 0.3639 0.7396 0.5662
vn -0.7609 0.2348 0.6049
vn 0.7428 -0.5028 0.4420
vn 0.3484 0.6183 0.7045
vn -0.2623 0.7259 0.6358
vn -0.7027 0.5565 0.4432
vn 0.0795 -0.1197 0.9896
vn -0.8092 -0.5112 0.2897
vn -0.4239 -0.9056 0.0120
vn -0.1338 0.9741 -0.1825
vn 0.6493 0.5473 0.5281
vn -0.4265 0.8993 -0.0969
vn -0.1605 -0.9184 0.3617
vn 0.5638 -0.7151 0.4132
vn -0.2494 0.9462 -0.2062
vn -0.0773 0.9435 -0.3223
vn 0.1764 -0.9823 -0.0627
vn -0.8977 -0.1341 -0.4196
vn 0.0548 -0.8732 0.4842
vn 0.4851 0.8582 -0.1682
vn 0.6597 0.3415 0.6694
vn 0.3652 0.8200 -0.4408
vn 0.9765 -0.2024 0.0737
vn -0.5418 0.8137 -0.2105
vn -0.6128 0.7084 0.3502
vn -0.6121 0.6992 -0.3694
vn -0.0365 -0.9562 -0.2904
vn 0.1626 -0.9731 -0.1629
vn 0.0843 0.8475 0.5241
vn 0.4304 -0.8123 0.3936
vn 0.8328 -0.0911 -0.5460
vn 0.7070 0.5577 -0.4349
vn 0.1484 -0.7630 0.6292
vn 0.3603 -0.8178 0.4488
vn -0.1561 -0.8609 0.4843
vn 0.8690 0.4527 -0.1997
vn -0.1938 -0.9785 0.0703
vn 0.6516 0.0444 -0.7572
vn -0.2050 -0.9787 -0.0051
vn -0.1716 0.9717 -0.1624
vn -0.7447 -0.6670 0.0237
vn 0.0396 -0.8709 0.4898
vn 0.6878 -0.6422 0.3385
vn 0.2993 0.8158 0.4948
vn 0.2558 0.8235 0.5064
vn 0.0413 0.9965 -0.0732
vn -0.6491 -0.6442 0.4046
vn -0.8000 0.5036 -0.3263
vn 0.8157 -0.5452 -0.1933
vn 0.4964 0.7900 0.3600
vn 0.1743 0.8466 0.5029
vn -0.0671 0.7395 0.6698
vn -0.0824 -0.9223 -0.3777
vn -0.0608 -0.8613 0.5044
vn -0.5756 -0.7788 -0.2494
vn -0.2289 0.8889 0.3968
vn 0.5587 0.6309 0.5383
vn -0.5847 -0.7941 0.1656
vn -0.9992 0.0373 0.0153
vn 0.5592 -0.8290 0.0013
vn 0.7355 0.5841 -0.3433
vn -0.2075 -0.9720 -0.1102
vn 0.3677 -0.8861 -0.2821
vn 0.0095 -0.9359 0.3522
vn 0.3111 -0.9424 -0.1225
vn -0.8456 0.5167 0.1341
vn -0.4168 0.9074 0.0534
vn -0.3701 0.7138 -0.5946
vn -0.2581 -0.9484 0.1843
vn 0.7139 -0.6985 0.0495
vn -0.0168 0.9979 -0.0623
vn -0.3842 0.8688 0.3124
vn -0.1328 0.9802 0.1469
vn -0.8226 0.5657 0.0571
vn 0.1685 -0.9800 -0.1057
vn -0.4403 0.8082 -0.3910
vn 0.5003 0.8230 -0.2691
vn 0.7199 -0.6902 -0.0733
vn 0.8338 0.5497 0.0519
vn -0.3873 0.9092 0.1528
vn 0.1829 0.9591 0.2160
vn -0.5007 -0.8650 -0.0309
vn 0.0336 0.9314 -0.3625
vn -0.9242 -0.0678 -0.3759
vn -0.3600 -0.9289 0.0866
vn 0.9956 0.0927 -0.0160
vn -0.3760 -0.9223 -0.0898
vn -0.6758 -0.5306 0.5117
vn -0.4594 -0.8857 0.0666
vn 0.5340 0.6518 -0.5385
vn 0.0745 0.8194 -0.5684
vn -0.6560 -0.7337 0.1769
vn 0.0367 -0.9819 0.1858
vn 0.0960 0.9795 -0.1771
vn 0.5954 0.7687 0.2335
vn 0.4085 0.6953 -0.5913
vn -0.8155 0.5763 -0.0531
vn 0.0692 0.9895 -0.1268
vn -0.3585 -0.9331 0.0269
vn -0.0179 -0.9962 0.0851
vn -0.0904 -0.9954 0.0325
vn 0.2027 0.7256 -0.6576
vn -0.8381 -0.5401 -0.0764
vn -0.6558 0.6777 -0.3326
vn 0.9720 -0.2338 -0.0225
vn -0.9065 0.4082 -0.1080
vn 0.3103 -0.9470 0.0831
vn 0.1288 -0.9899 -0.0600
vn 0.8675 0.1941 -0.4581
vn -0.1821 -0.9789 -0.0926
vn 0.5904 0.5521 -0.5887
vn 0.5902 0.7401 -0.3223
vn -0.6386 -0.7695 -0.0096
vn 0.0212 0.9923 0.1220
vn 0.7658 0.6386 -0.0756
vn -0.5785 -0.7614 -0.2925
vn 0.3351 -0.8309 -0.4441
vn 0.0432 0.9332 -0.3567
vn 0.2040 0.9444 -0.2578
vn -0.1173 -0.9920 -0.0458
vn 0.5423 0.7804 -0.3113
vn 0.2124 0.9618 -0.1730
vn 0.5494 -0.8339 0.0533
vn -0.5154 0.8362 -0.1876
vn 0.4107 -0.8684 0.2778
vn 0.2732 0.9481 -0.1625
vn -0.0497 -0.9913 -0.1220
vn 0.6653 0.7059 -0.2433
vn 0.1121 -0.9919 0.0595
vn 0.3604 -0.8736 -0.3269
vn 0.5284 -0.6708 -0.5204
vn -0.6802 0.3865 -0.6228
vn 0.1806 0.9804 0.0790
vn 0.3175 -0.9483 0.0010
vn 0.6374 0.7700 -0.0298
vn -0.2262 -0.9620 -0.1531
vn -0.6517 0.7517 -0.1006
vn -0.1896 0.9809 0.0427
vn 0.6159 -0.5471 -0.5668
vn -0.3563 -0.9231 0.1448
vn 0.0308 0.7283 -0.6846
vn -0.0387 -0.9472 -0.3182
vn 0.1462 -0.9707 -0.1905
vn 0.6968 -0.4743 -0.5381
vn 0.5594 0.7974 -0.2264
vn -0.0906 -0.9871 -0.1319
vn 0.1322 -0.9121 -0.3882
vn 0.1588 -0.9740 -0.1618
vn -0.9626 0.2573 0.0854
vn -0.5325 0.7991 -0.2792
vn 0.3520 0.9307 -0.0990
vn 0.2070 -0.6401 -0.7399
vn -0.5939 -0.7853 -0.1749
vn 0.7133 0.1487 -0.6849
vn -0.6659 0.7460 0.0079
vn -0.2119 0.9683 0.1320
vn 0.8936 0.3640 -0.2627
vn 0.0799 -0.9943 0.0709
vn 0.1270 0.9809 -0.1476
vn 0.6873 0.6864 -0.2375
vn 0.9931 -0.1071 -0.0485
vn -0.1966 0.9548 -0.2230
vn 0.4158 -0.7714 -0.4818
vn -0.7555 0.6544 -0.0305
vn -0.6238 -0.2073 -0.7536
vn 0.0075 0.9915 -0.1301
vn 0.3801 -0.9215 0.0799
vn 0.4674 -0.8336 0.2945
vn 0.7875 -0.6011 -0.1357
vn 0.1155 0.9903 0.0775
vn -0.0556 0.4654 -0.8833
vn -0.2067 -0.8938 -0.3979
vn -0.2745 0.9182 0.2856
vn -0.0116 0.9859 -0.1671
vn 0.6159 -0.7566 -0.2197
vn 0.7204 -0.6642 -0.1995
vn 0.6190 -0.7650 0.1776
vn -0.9945 -0.1040 0.0094
vn -0.6486 -0.7199 -0.2470
vn 0.8497 -0.4276 0.3086
vn 0.5448 -0.6850 0.4836
vn -0.9869 -0.0721 -0.1444
vn -0.2329 -0.8645 -0.4454
vn 0.8113 0.5583 -0.1735
vn -0.4152 0.9002 -0.1314
vn -0.8024 0.5935 0.0632
vn 0.1788 0.7776 -0.6028
vn 0.2532 -0.9025 -0.3484
vn 0.4409 0.8612 0.2528
vn -0.2785 0.9213 0.2714
vn -0.2265 -0.9558 0.1873
vn -0.7809 0.5658 -0.2647
vn 0.5122 0.8533 0.0978
vn -0.5529 -0.7253 -0.4101
vn -0.7474 0.6641 -0.0179
vn 0.1247 0.9401 0.3172
vn 0.5982 0.7628 -0.2455
vn -0.5613 0.2837 -0.7774
vn 0.5261 0.8415 -0.1231
vn -0.1455 0.9787 0.1452
vn -0.2782 -0.7789 -0.5621
vn 0.3205 0.9314 0.1726
vn 0.3935 -0.9193 0.0005
vn -0.0011 -0.8803 -0.4744
vn 0.0402 0.9445 0.3260
vn 0.8914 0.4508 0.0467
vn 0.3525 0.9278 0.1223
vn -0.1661 -0.3812 -0.9094
vn 0.3569 0.9262 0.1218
vn -0.0180 -0.9606 0.2775
vn 0.3783 -0.9168 0.1281
vn -0.4954 -0.8130 -0.3061
vn 0.6267 0.7638 -0.1546
vn 0.6018 -0.2184 -0.7682
vn 0.1585 -0.7810 0.6040
vn -0.3257 -0.9033 0.2794
vn -0.3367 0.8621 0.3787
vn 0.2872 0.9076 0.3061
vn -0.0426 0.9781 -0.2038
vn -0.3933 -0.3706 -0.8414
vn -0.4718 0.2028 -0.8581
vn 0.5081 0.0402 -0.8603
vn -0.4853 -0.4017 -0.7766
vn 0.1668 0.2918 -0.9418
vn 0.5254 -0.2277 -0.8198
vn 0.7191 -0.5466 0.4291
vn 0.5243 0.6729 -0.5218
vn 0.8837 0.4450 -0.1449
vn -0.6260 -0.5686 -0.5336
vn 0.5390 -0.6683 -0.5127
vn 0.7476 -0.5860 -0.3126
vn 0.9075 0.3535 0.2268
vn -0.1996 0.9017 -0.3834
vn 0.9292 0.1266 -0.3474
vn -0.4183 -0.7484 0.5147
vn 0.8912 0.3235 0.3179
vn -0.3294 0.7395 -0.5870
vn -0.6317 -0.6922 -0.3489
vn 0.1903 -0.8302 -0.5239
vn 0.6857 -0.6560 -0.3156
vn -0.1207 -0.9923 0.0273
vn 0.4996 -0.8661 0.0137
vn -0.5270 0.0526 -0.8482
vn 0.6031 -0.7741 0.1925
vn -0.9256 0.0789 0.3702
vn 0.6204 -0.5653 -0.5437
vn -0.4412 0.8148 -0.3761
vn -0.8938 -0.4283 0.1334
vn -0.5007 -0.8625 -0.0736
vn -0.3289 -0.9310 -0.1581
vn -0.6346 -0.7728 0.0091
vn 0.2444 0.9625 0.1176
vn -0.2954 0.9046 0.3073
vn -0.8799 0.3835 0.2804
vn -0.8194 0.5011 -0.2783
vn 0.8267 0.3763 -0.4184
vn -0.7255 0.4038 -0.5573
vn 0.2789 0.1294 -0.9516
vn 0.0899 0.9325 0.3498
vn -0.6524 -0.7172 0.2451
vn 0.7834 -0.1664 -0.5989
vn 0.2283 -0.7234 0.6516
vn 0.0695 0.3788 -0.9229
vn -0.3889 0.1725 0.9050
vn 0.7667 0.6253 0.1453
vn 0.8418 0.5340 0.0782
vn 0.0785 0.9439 0.3208
vn 0.3328 0.8297 -0.4482
vn 0.8394 -0.2960 0.4559
vn -0.9961 0.0873 0.0139
vn -0.8503 -0.3757 -0.3686
vn -0.0629 0.9301 -0.3619
vn -0.7264 -0.4083 -0.5528
vn -0.2413 -0.8237 -0.5131
vn -0.7368 -0.5000 -0.4551
vn -0.1090 0.9364 0.3335
vn 0.2287 -0.9232 0.3090
vn -0.9993 -0.0162 0.0325
vn -0.5207 0.5175 -0.6790
vn 0.3034 0.8512 0.4283
vn 0.4664 0.2663 0.8435
vn -0.6442 0.5663 0.5142
vn 0.2408 -0.7427 -0.6248
vn 0.5840 -0.6919 -0.4246
vn 0.0531 -0.9398 0.3375
vn 0.8649 -0.4552 0.2115
vn 0.6707 0.5926 -0.4460
vn 0.4554 0.8240 -0.3371
vn 0.8175 -0.5676 0.0978
vn 0.5819 -0.4009 -0.7076
vn -0.1006 -0.8623 -0.4963
vn -0.9867 0.1339 0.0921
vn -0.9227 -0.1811 -0.3403
vn -0.9498 -0.2664 -0.1643
vn 0.0960 0.8598 -0.5016
vn -0.8404 -0.3923 -0.3739
vn -0.2098 -0.0624 -0.9757
vn -0.2837 -0.5342 0.7963
vn 0.4228 -0.6120 0.6683
vn 0.1088 0.5860 -0.8030
vn 0.5404 0.3186 -0.7788
vn -0.2639 0.9609 -0.0840
vn 0.5249 0.7237 -0.4480
vn -0.0409 0.9087 -0.4154
vn 0.7697 0.5501 -0.3239
vn -0.2532 -0.8789 0.4043
vn 0.7987 -0.5709 0.1901
vn 0.6681 -0.7312 0.1377
vn 0.2367 0.5498 -0.8011
vn -0.6305 -0.7362 -0.2460
vn -0.6131 -0.6477 -0.4524
vn -0.6030 0.6208 -0.5010
vn 0.4152 -0.5389 0.7329
vn -0.1048 0.4660 -0.8786
vn -0.1066 0.9293 0.3536
vn 0.0172 -0.3716 -0.9283
vn -0.2145 -0.6772 -0.7038
vn -0.6777 -0.5383 -0.5009
vn -0.6546 -0.5439 -0.5251
vn 0.9316 -0.3590 -0.0566
vn -0.6197 -0.6024 -0.5030
vn 0.7010 0.5363 0.4701
vn 0.9319 -0.2132 -0.2933
vn -0.5880 -0.2179 0.7790
vn 0.6226 0.7804 -0.0577
vn 0.0053 -0.6073 0.7945
vn 0.8507 -0.5253 0.0219
vn 0.3524 -0.9312 -0.0927
vn 0.2182 0.8849 0.4116
vn 0.8375 0.4521 -0.3070
vn -0.0562 0.6044 -0.7947
vn -0.0798 -0.8589 -0.5060
vn -0.3517 -0.6381 -0.6849
vn -0.7825 0.4981 0.3735
vn 0.7441 -0.5508 0.3780
vn -0.3728 0.7105 -0.5969
vn -0.9432 0.0692 0.3250
vn 0.3967 0.9171 -0.0397
vn -0.7470 -0.6634 -0.0435
vn 0.1063 -0.7570 -0.6447
vn 0.8548 -0.4400 -0.2750
vn 0.5456 -0.5483 -0.6338
vn -0.4109 0.9115 -0.0196
vn 0.5533 0.7311 0.3991
vn -0.1471 -0.3432 0.9277
vn -0.8650 0.4911 0.1031
vn 0.8556 -0.4178 -0.3056
vn 0.8958 0.1224 -0.4272
vn -0.1474 -0.5533 -0.8198
vn -0.6892 -0.3700 0.6230
vn -0.7747 -0.6268 -0.0832
vn -0.8929 -0.4502 -0.0023
vn 0.5571 -0.8050 -0.2038
vn -0.8657 -0.5002 0.0183
vn -0.2330 0.9697 0.0738
vn -0.2260 -0.3236 0.9188
vn -0.9807 0.0115 0.1952
vn -0.5759 -0.7644 -0.2900
vn 0.1557 0.5118 -0.8449
vn 0.1764 -0.3285 -0.9279
vn 0.9944 0.0823 0.0660
vn -0.5464 -0.6411 -0.5390
vn -0.3306 0.7960 0.5070
vn 0.2245 0.7604 -0.6094
vn 0.3872 -0.9149 -0.1138
vn 0.9541 0.0456 0.2961
vn -0.8974 0.0552 0.4378
vn -0.3349 0.8843 0.3255
vn -0.8815 0.2706 0.3870
vn -0.9803 0.1665 0.1062
vn 0.9842 -0.1709 0.0463
vn 0.0522 0.6096 -0.7910
vn 0.7376 -0.3228 -0.5931
vn -0.4544 0.6986 -0.5527
vn 0.4620 0.6818 -0.5672
vn -0.1373 0.5604 -0.8167
vn -0.6634 0.0114 0.7482
vn -0.5710 -0.8204 -0.0296
vn 0.6959 -0.4893 -0.5256
vn 0.4134 0.8596 -0.3004
vn 0.2231 0.9147 0.3368
vn 0.6698 0.5664 0.4802
vn 0.5794 0.7161 -0.3892
vn -0.5673 0.4848 -0.6657
vn 0.7043 -0.4778 0.5251
vn 0.8400 -0.4894 0.2343
vn -0.5973 0.7324 -0.3267
vn -0.6347 0.5579 0.5347
vn 0.1391 0.9599 0.2434
vn -0.0738 0.7698 -0.6340
vn 0.8051 -0.5922 -0.0320
vn -0.8133 0.3750 -0.4449
vn 0.2611 0.9634 -0.0605
vn 0.4232 -0.7811 -0.4592
vn -0.6722 -0.6323 0.3851
vn 0.2798 0.7704 -0.5729
vn 0.3220 -0.5989 0.7333
vn -0.9180 0.2653 -0.2948
vn 0.9211 0.3653 -0.1345
vn -0.2015 -0.8809 0.4283
vn 0.9752 -0.1929 0.1086
vn 0.5023 -0.6302 0.5920
vn -0.6259 -0.6670 0.4042
vn -0.4705 -0.7231 -0.5057
vn -0.8539 -0.3455 -0.3892
vn -0.5057 0.8332 -0.2238
vn 0.8534 -0.2072 -0.4783
vn 0.9957 -0.0802 0.0453
vn 0.7824 0.6117 0.1175
vn 0.8690 0.4848 -0.0992
vn -0.8274 -0.5061 -0.2433
vn 0.2549 0.8207 -0.5113
vn -0.8884 -0.1470 -0.4349
vn -0.9319 -0.3034 0.1989
vn -0.0587 0.9856 0.1584
vn -0.1374 0.7275 -0.6722
vn -0.9949 -0.0762 -0.0664
vn -0.0574 -0.9737 0.2204
vn 0.5157 -0.5803 -0.6303
vn -0.5859 -0.4976 -0.6396
vn -0.5007 0.5552 0.6641
vn 0.3064 0.8161 0.4900
vn 0.2231 0.6872 -0.6914
vn -0.0208 -0.7267 -0.6866
vn 0.0334 0.9121 -0.4086
vn -0.9588 -0.2762 0.0666
vn -0.6769 -0.2404 0.6957
vn 0.5245 0.4820 -0.7018
vn -0.3599 0.4993 -0.7882
vn -0.6863 0.3114 -0.6573
vn -0.3209 0.3558 -0.8777
vn 0.4418 0.3701 -0.8173
vn -0.5805 -0.7559 -0.3028
vn 0.2442 -0.7422 -0.6240
vn -0.6529 -0.5958 0.4677
vn 0.7084 0.3152 -0.6315
vn 0.7915 -0.5758 0.2049
vn 0.5423 0.4155 0.7303
vn 0.5214 -0.6434 0.5606
vn -0.2006 0.7595 -0.6189
vn 0.9958 -0.0892 0.0198
vn 0.7454 0.3444 -0.5708
vn 0.9707 -0.2401 0.0060
vn -0.3341 -0.7238 -0.6038
vn -0.7143 0.4959 0.4938
vn -0.5071 -0.6211 -0.5976
vn 0.7904 -0.3198 -0.5225
vn -0.9440 -0.3299 -0.0046
vn -0.9636 -0.2399 0.1177
vn 0.5110 -0.5752 -0.6388
vn 0.2957 -0.8113 0.5043
vn 0.4635 0.7885 -0.4042
vn -0.4489 0.4718 -0.7589
vn 0.0978 -0.1580 -0.9826
vn 0.9921 0.0842 -0.0933
vn -0.2183 0.0585 0.9741
vn -0.7909 -0.4515 -0.4131
vn -0.9207 -0.2047 -0.3323
vn 0.4189 0.5273 0.7392
vn -0.4274 -0.7252 0.5399
vn 0.3585 -0.4369 0.8250
vn 0.9213 0.2475 0.2999
vn 0.6253 -0.6025 0.4960
vn -0.5933 0.5647 0.5737
vn -0.3270 0.8195 0.4705
vn 0.9644 0.2414 -0.1083
vn -0.6883 0.2584 -0.6778
vn -0.6808 0.1598 -0.7149
vn 0.4369 -0.6060 0.6647
vn 0.1215 0.9328 -0.3392
vn 0.9500 -0.2134 0.2281
vn -0.9258 0.0853 -0.3682
vn -0.5288 -0.3281 -0.7828
vn 0.9088 0.4157 0.0367
vn 0.0919 0.8058 0.5851
vn 0.4285 0.8541 0.2949
vn 0.1348 0.5318 -0.8361
vn -0.0503 0.4163 -0.9078
vn 0.3099 -0.9505 0.0228
vn -0.1161 -0.0211 0.9930
vn -0.5071 -0.3633 0.7816
vn -0.8795 -0.4301 0.2038
vn -0.1295 0.2935 -0.9471
vn 0.8608 -0.2676 -0.4329
vn -0.6703 0.0888 -0.7368
vn -0.7471 -0.0333 -0.6638
vn -0.3531 -0.8672 -0.3512
vn -0.8850 -0.4492 0.1225
vn -0.6103 -0.7735 0.1712
vn -0.3351 -0.8545 -0.3969
vn -0.8520 0.2891 -0.4365
vn 0.9537 -0.2992 0.0308
vn 0.5345 0.0775 -0.8416
vn 0.3634 0.6152 -0.6996
vn -0.9753 -0.2154 0.0490
vn -0.5860 0.4651 -0.6636
vn -0.6041 0.4134 -0.6814
vn 0.4294 -0.2124 -0.8778
vn 0.1493 0.7513 -0.6429
vn -0.1818 0.8346 -0.5200
vn -0.0762 0.9960 -0.0469
vn -0.5470 0.5944 0.5895
vn 0.6249 0.6045 0.4941
vn 0.3386 0.7725 0.5372
vn -0.4752 -0.0484 -0.8785
vn 0.5781 -0.7963 -0.1782
vn -0.6425 -0.4557 0.6160
vn -0.0315 -0.4461 -0.8944
vn 0.3321 0.9423 -0.0422
vn -0.9293 0.2588 0.2636
vn 0.5890 0.6092 0.5311
vn -0.8415 0.5175 0.1551
vn -0.0128 0.3351 -0.9421
vn 0.4857 0.2850 -0.8264
vn -0.3316 0.6976 -0.6351
vn -0.9536 -0.2144 -0.2112
vn 0.9966 -0.0818 -0.0119
vn -0.3625 -0.6833 0.6338
vn -0.8166 -0.3878 0.4276
vn -0.9155 -0.2432 0.3205
vn -0.8559 0.5170 -0.0082
vn 0.5506 -0.6681 -0.5005
vn -0.5678 -0.5911 -0.5729
vn 0.1112 0.9430 0.3138
vn 0.2918 -0.7554 0.5867
vn 0.7994 -0.3044 0.5180
vn -0.2322 -0.1103 -0.9664
vn 0.4589 -0.3066 -0.8339
vn 0.4980 -0.5411 0.6777
vn -0.1269 0.1524 -0.9801
vn 0.4203 -0.2445 -0.8738
vn -0.0203 0.0660 -0.9976
vn 0.5952 -0.4733 -0.6494
vn 0.8743 0.4676 -0.1302
vn -0.4446 -0.7017 -0.5567
vn -0.2515 0.2168 -0.9433
vn 0.1926 -0.4576 -0.8681
vn 0.0635 0.3465 -0.9359
vn -0.2777 -0.6972 0.6608
vn -0.2060 0.0283 -0.9781
vn 0.4937 0.0001 -0.8696
vn 0.2197 -0.9451 -0.2420
vn -0.0035 0.5267 -0.8501
vn -0.5464 -0.3014 -0.7814
vn -0.1694 0.9288 0.3297
vn 0.6901 0.5882 0.4216
vn 0.2697 0.4073 -0.8726
vn 0.2221 0.3426 -0.9129
vn 0.3805 0.9246 0.0195
vn -0.6515 -0.5364 -0.5365
vn -0.6430 0.7132 0.2790
vn -0.9999 0.0133 -0.0033
vn -0.6425 -0.1330 -0.7546
vn 0.8128 -0.5707 0.1171
vn 0.6747 0.6810 0.2846
vn 0.0432 -0.9804 -0.1923
vn -0.1624 0.6148 -0.7718
vn -0.4387 0.0934 -0.8938
vn -0.9212 -0.3486 0.1726
vn 0.9718 -0.0942 -0.2160
vn 0.2255 0.4904 0.8418
vn 0.9552 0.0545 0.2907
vn -0.2633 -0.5627 -0.7836
vn 0.5838 0.1307 -0.8013
vn 0.3687 0.5425 -0.7548
vn 0.7926 0.1493 -0.5912
vn -0.0866 0.9451 0.3152
vn -0.6723 0.1293 -0.7289
vn -0.4748 -0.0708 -0.8773
vn 0.0146 0.1524 -0.9882
vn 0.0261 -0.7038 0.7099
vn -0.2784 -0.6930 0.6650
vn 0.2240 -0.2414 -0.9442
vn 0.3571 0.9190 0.1667
vn 0.9864 0.1529 0.0598
vn -0.2452 0.2254 -0.9429
vn 0.1571 0.2614 -0.9524
vn 0.5969 -0.6884 0.4121
vn -0.8488 -0.2602 -0.4602
vn 0.1175 -0.2354 -0.9648
vn 0.5352 0.8447 0.0078
vn 0.5247 -0.7687 -0.3659
vn 0.3660 0.2251 -0.9030
vn -0.6871 -0.6275 -0.3662
vn 0.2844 -0.6883 0.6673
vn -0.2004 0.0673 -0.9774
vn 0.9182 0.3701 0.1411
vn 0.0654 -0.2829 -0.9569
vn -0.4978 0.6528 -0.5710
vn -0.2801 0.9329 -0.2264
vn -0.4448 -0.5860 0.6773
vn -0.6827 -0.4705 -0.5591
vn 0.1433 -0.2059 -0.9680
vn -0.5500 -0.0750 -0.8318
vn -0.3533 0.9295 0.1061
vn -0.7986 0.5849 0.1422
vn -0.1381 0.9609 0.2399
vn -0.2091 -0.9575 0.1987
vn -0.6735 -0.7195 -0.1695
vn -0.1092 0.8741 -0.4733
vn 0.4097 -0.5899 0.6958
vn 0.3188 0.1314 -0.9387
vn 0.7208 -0.5306 -0.4460
vn -0.1496 -0.5300 -0.8347
vn 0.0635 -0.2274 -0.9717
vn -0.0560 0.8346 -0.5481
vn -0.5310 0.1143 -0.8396
vn -0.3769 -0.9262 -0.0095
vn -0.3411 0.9391 0.0408
vn 0.0549 0.1154 -0.9918
vn 0.7089 0.6437 -0.2883
vn -0.3941 0.9172 0.0589
vn 0.6189 0.6008 -0.5059
vn -0.4566 -0.5157 0.7250
vn -0.8580 -0.5062 0.0867
vn -0.9108 0.3980 0.1100
vn -0.9095 0.3796 0.1693
vn 0.3181 -0.9142 0.2513
vn -0.6151 -0.0466 -0.7871
vn -0.8025 -0.4889 -0.3419
vn 0.1081 0.9926 -0.0545
vn 0.4642 -0.7947 -0.3912
vn 0.8899 -0.2267 -0.3958
vn -0.3882 0.8749 -0.2895
vn -0.5568 -0.4997 0.6636
vn -0.8214 -0.2868 0.4930
vn -0.8549 -0.5067 -0.1119
vn 0.3502 0.5705 -0.7429
vn 0.6663 -0.6888 0.2856
vn 0.8782 -0.3541 -0.3215
vn -0.4916 -0.0950 -0.8656
vn -0.9448 -0.1769 -0.2757
vn 0.2123 0.9320 0.2938
vn 0.0328 -0.9118 0.4093
vn 0.4190 -0.5735 -0.7039
vn -0.5722 -0.6058 -0.5529
vn -0.6544 -0.0563 -0.7540
vn 0.2126 -0.3478 -0.9131
vn 0.8118 0.5330 -0.2385
vn 0.7159 -0.5390 -0.4439
vn 0.7084 0.2194 -0.6708
vn -0.6736 0.6452 0.3606
vn 0.2736 -0.9052 0.3253
vn 0.2758 0.8776 -0.3922
vn 0.0707 0.2495 -0.9658
vn -0.0429 0.2077 -0.9772
vn 0.6276 0.0015 -0.7786
vn 0.9157 0.1982 0.3497
vn 0.0592 0.3579 -0.9319
vn 0.2600 0.9656 -0.0012
vn -0.5844 0.8111 0.0231
vn 0.6594 0.3548 -0.6628
vn -0.3809 0.7301 -0.5674
vn -0.1140 0.5238 -0.8442
vn 0.6939 0.3910 -0.6046
vn 0.4524 0.0597 -0.8898
vn 0.8104 0.2342 -0.5370
vn 0.4688 0.0838 -0.8793
vn 0.9500 0.1789 0.2560
vn 0.3662 -0.2630 -0.8926
vn 0.5246 -0.6409 -0.5604
vn 0.9787 0.1876 0.0833
vn 0.8044 0.5941 -0.0062
vn 0.6290 -0.7687 0.1163
vn 0.5483 0.7216 -0.4227
vn 0.1443 0.5367 -0.8313
vn 0.3502 0.3158 -0.8818
vn -0.1329 0.5667 -0.8131
vn -0.4690 0.6717 -0.5734
vn 0.3920 0.8744 -0.2859
vn -0.3559 0.8813 -0.3109
vn 0.3053 -0.5584 0.7713
vn -0.7195 -0.1106 0.6856
vn -0.1747 0.9763 0.1274
vn -0.4529 -0.4299 -0.7811
vn 0.0403 0.9916 -0.1231
vn 0.9900 0.1380 0.0310
vn -0.3302 -0.8967 0.2950
vn -0.1082 -0.8685 0.4838
vn -0.0531 -0.9443 0.3246
vn -0.4853 -0.8365 0.2543
vn -0.0999 0.8862 -0.4523
vn 0.2072 0.9503 0.2324
vn 0.0779 0.9292 -0.3613
vn 0.4392 -0.6207 0.6495
vn -0.1263 -0.9875 -0.0948
vn -0.9664 -0.2495 0.0624
vn 0.5439 0.6560 0.5233
vn 0.2382 0.9303 -0.2788
vn 0.0324 0.4534 -0.8907
vn -0.2813 0.7569 -0.5899
vn 0.1263 0.6307 -0.7657
vn 0.6253 0.6641 -0.4098
vn -0.6367 0.5527 -0.5378
vn 0.1880 0.9523 -0.2402
vn -0.2500 0.9099 -0.3309
vn -0.8892 -0.1699 0.4248
vn -0.9025 0.4179 -0.1038
vn -0.5749 -0.0281 -0.8178
vn 0.4356 0.8037 -0.4054
vn 0.4566 -0.4365 -0.7752
vn 0.4660 -0.5841 0.6646
vn -0.5618 0.7394 0.3711
vn 0.8498 -0.4706 0.2374
vn -0.1840 -0.9616 0.2035
vn -0.2713 0.6893 -0.6718
vn -0.0210 0.7587 -0.6511
vn 0.9796 -0.1669 0.1123
vn 0.9458 0.2143 -0.2439
vn -0.1899 0.9199 -0.3431
vn 0.2378 -0.8285 0.5070
vn -0.0812 -0.1437 0.9863
vn 0.2975 -0.9244 -0.2387
vn -0.6827 -0.4406 -0.5829
vn -0.0641 0.9837 -0.1679
vn 0.3000 -0.8801 0.3680
vn 0.9240 0.3817 0.0219
vn 0.2714 0.9342 -0.2316
vn -0.0053 -0.5399 0.8417
vn 0.9837 -0.0255 -0.1781
vn -0.0018 -0.9853 -0.1708
vn -0.7858 -0.3025 -0.5394
vn -0.6506 0.7371 -0.1827
vn -0.0085 0.9871 -0.1598
vn 0.4799 -0.7893 0.3831
vn 0.9204 0.3106 -0.2375
vn -0.0564 -0.8965 0.4395
vn 0.3345 0.9372 0.0993
vn -0.4680 0.8811 0.0674
vn 0.7848 -0.6189 -0.0309
vn 0.3462 -0.7496 0.5641
vn 0.6390 -0.7252 -0.2564
vn 0.0369 0.8447 0.5339
vn -0.3021 0.9522 0.0460
vn 0.0214 -0.9930 0.1163
vn 0.2955 -0.7987 -0.5242
vn -0.3102 -0.8348 0.4549
vn -0.8988 -0.4314 0.0774
vn -0.5665 -0.8218 0.0610
vn -0.1682 0.7846 0.5967
vn -0.1750 0.7466 -0.6419
vn 0.0465 0.2720 -0.9612
vn -0.0403 -0.6803 -0.7318
vn 0.3561 -0.6094 -0.7084
vn -0.0248 -0.9096 -0.4148
vn 0.9977 0.0267 -0.0628
vn -0.0347 -0.0635 -0.9974
vn -0.2182 0.1105 -0.9696
vn -0.0435 -0.7395 -0.6718
vn 0.2850 -0.7061 -0.6482
vn -0.0041 -1.0000 -0.0048
vn -0.1437 -0.6585 -0.7387
vn -0.3425 -0.0780 -0.9363
vn -0.1416 0.8337 -0.5338
vn -0.3719 0.6506 -0.6621
vn 0.6045 0.1157 -0.7881
vn -0.5505 0.7083 0.4419
vn 0.3159 0.9018 -0.2948
vn 0.5434 0.5411 -0.6418
vn 0.8520 0.0944 -0.5150
vn -0.0442 0.8388 0.5426
vn 0.9306 -0.3428 -0.1282
vn -0.6198 0.4950 -0.6090
vn 0.0724 -0.5998 -0.7969
vn 0.3215 -0.9371 0.1361
vn 0.9418 -0.0992 0.3212
vn -0.0816 0.9610 -0.2642
vn 0.4397 0.1307 -0.8886
vn -0.3061 -0.5612 0.7690
vn -0.3814 -0.3448 0.8577
vn -0.2423 0.2834 0.9279
vn 0.4997 0.8660 0.0215
vn -0.2997 -0.9285 0.2191
vn -0.0257 -0.0825 -0.9963
vn 0.1201 0.9297 -0.3482
vn -0.4605 -0.3470 -0.8170
vn 0.5510 0.7067 -0.4439
vn 0.6096 -0.4100 -0.6785
vn -0.2121 0.7351 -0.6439
vn 0.3800 -0.8173 -0.4331
vn -0.8371 -0.1758 -0.5181
vn 0.2905 0.7413 0.6051
vn -0.4100 0.5737 0.7090
vn -0.4450 -0.5250 -0.7255
vn -0.7942 0.2638 -0.5474
vn 0.4461 -0.5771 -0.6840
vn 0.1675 0.9312 -0.3238
vn -0.4499 0.7866 -0.4230
vn 0.1681 0.9347 0.3131
vn 0.2958 0.4839 -0.8236
vn 0.6678 0.5389 -0.5135
vn -0.4451 -0.7040 -0.5534
vn -0.7059 -0.6594 -0.2587
vn 0.3508 -0.9350 0.0530
vn 0.4830 -0.7842 -0.3896
vn 0.3283 -0.7368 -0.5910
vn -0.1889 0.9366 -0.2952
vn -0.1418 0.7558 0.6393
vn -0.5656 -0.5601 0.6053
vn 0.8516 -0.4230 0.3096
vn 0.2210 -0.9325 0.2855
vn 0.7073 -0.6813 0.1884
vn 0.9091 0.0558 0.4128
vn -0.2486 0.9400 -0.2338
vn -0.9791 0.2030 0.0155
vn 0.6221 -0.5124 -0.5920
vn -0.1263 0.9875 0.0941
vn 0.9270 -0.0306 -0.3739
vn 0.1591 0.8282 -0.5374
vn 0.9728 -0.2220 0.0659
vn 0.1160 -0.6293 0.7684
vn -0.2587 0.7141 -0.6505
vn 0.1622 -0.9162 0.3664
vn 0.2232 0.9070 -0.3571
vn -0.9263 0.3601 0.1104
vn 0.6426 -0.7641 0.0573
vn 0.2445 0.9381 -0.2455
vn -0.0649 0.2334 -0.9702
vn -0.5081 -0.8597 0.0517
vn -0.0458 -0.1618 -0.9858
vn -0.1737 -0.9652 -0.1954
vn -0.0628 -0.7629 -0.6434
vn -0.1314 -0.5930 -0.7944
vn 0.0172 0.7239 0.6897
vn 0.6213 -0.6264 0.4708
vn -0.9851 0.1555 -0.0733
vn -0.1414 -0.3641 0.9205
vn -0.2186 -0.0548 -0.9743
vn -0.5465 -0.2881 -0.7863
vn -0.3349 -0.8454 -0.4161
vn -0.5719 -0.7986 -0.1876
vn 0.8895 -0.4552 0.0411
vn -0.0538 -0.7464 -0.6633
vn -0.4848 -0.7395 -0.4670
vn 0.6345 0.2714 0.7237
vn -0.6338 -0.6724 0.3823
vn -0.9819 -0.0589 0.1799
vn -0.9683 0.2372 0.0786
vn -0.1363 0.9295 -0.3426
vn -0.0939 0.5635 0.8207
vn 0.9000 0.4291 0.0764
vn -0.7359 0.4355 -0.5184
vn 0.5462 0.6981 0.4629
vn 0.2567 0.9343 0.2475
vn -0.5418 0.6134 -0.5747
vn 0.4062 0.8211 0.4010
vn 0.9093 -0.2409 -0.3393
vn -0.1491 0.5239 0.8386
vn -0.6459 -0.5227 0.5564
vn 0.4187 -0.6325 0.6516
vn 0.1317 -0.8174 -0.5608
vn -0.3543 -0.7312 -0.5829
vn -0.1541 0.9737 0.1681
vn 0.3394 0.9020 0.2668
vn 0.3827 0.2229 -0.8966
vn -0.6764 -0.4532 -0.5806
vn 0.2159 -0.9427 -0.2545
vn -0.4444 -0.7382 -0.5076
vn 0.4460 -0.6095 -0.6555
vn 0.2925 0.7297 0.6181
vn -0.1075 -0.8807 -0.4613
vn -0.4817 0.4176 -0.7704
vn 0.2682 0.9075 0.3232
vn 0.8920 -0.4461 0.0726
vn 0.4528 -0.8163 0.3588
vn 0.0116 -0.6892 -0.7244
vn 0.6951 0.7028 -0.1516
vn -0.5691 -0.3655 -0.7366
vn -0.5868 0.5532 0.5914
vn 0.4538 -0.4683 -0.7582
vn 0.8203 0.5257 -0.2251
vn 0.8595 0.3286 0.3914
vn 0.3074 0.9515 -0.0114
vn 0.1413 0.9715 0.1905
vn 0.1698 0.9790 -0.1130
vn -0.1988 -0.9727 -0.1197
vn 0.7159 0.6894 -0.1106
vn 0.4660 -0.6432 0.6075
vn -0.3857 0.7299 0.5644
vn 0.4551 -0.8500 0.2655
vn -0.4428 0.8918 -0.0930
vn 0.6422 -0.5759 -0.5059
vn 0.6644 0.6372 -0.3906
vn 0.1987 0.5542 0.8083
vn -0.5391 0.7391 0.4039
vn 0.8268 -0.5458 -0.1363
vn 0.3310 -0.9355 -0.1238
vn 0.1736 -0.6259 -0.7603
vn -0.8264 -0.1956 0.5281
vn 0.9637 -0.2157 0.1576
vn -0.0000 0.6807 -0.7326
vn 0.5208 0.3364 -0.7846
vn -0.6114 -0.3152 -0.7258
vn 0.6546 -0.4354 -0.6180
vn -0.2689 -0.9605 -0.0721
vn -0.1981 0.9752 -0.0987
vn 0.0205 -0.9799 0.1983
vn 0.5199 0.6649 -0.5363
vn 0.2765 -0.5893 -0.7591
vn -0.5838 -0.5189 -0.6245
vn 0.8739 0.0637 -0.4819
vn 0.6722 0.7007 0.2391
vn -0.0030 0.9869 0.1612
vn -0.9975 -0.0627 0.0310
vn 0.1721 0.5396 -0.8241
vn -0.3260 -0.9252 0.1945
vn 0.9630 0.2650 -0.0493
vn 0.4130 -0.9087 0.0616
vn 0.9892 -0.1382 0.0494
vn 0.4831 -0.7745 -0.4084
vn 0.9011 -0.2798 -0.3313
vn 0.4978 0.8672 0.0167
vn -0.9601 0.0458 -0.2758
vn 0.5797 -0.8036 0.1348
vn 0.5579 -0.7154 -0.4205
vn 0.1123 -0.5462 -0.8301
vn 0.5930 -0.5902 -0.5477
vn 0.3917 -0.7701 -0.5034
vn 0.6020 -0.7712 -0.2071
vn 0.1752 0.8644 0.4713
vn 0.1989 0.5853 0.7860
vn 0.3936 0.8108 0.4332
vn 0.9696 0.1209 0.2128
vn -0.7863 -0.3360 0.5184
vn -0.7638 -0.0029 0.6455
vn 0.8074 -0.5888 -0.0381
vn 0.4863 -0.8660 -0.1162
vn 0.6448 0.7596 -0.0852
vn -0.5701 -0.6945 -0.4390
vn 0.7071 -0.4567 -0.5399
vn 0.8898 0.0785 -0.4496
vn 0.7979 0.4537 -0.3970
vn 0.3601 -0.8224 -0.4404
vn 0.1495 -0.4772 -0.8660
vn -0.4922 0.6372 0.5931
vn 0.5335 0.5926 0.6035
vn 0.9715 0.0079 0.2368
vn 0.9675 0.0064 0.2528
vn -0.7527 -0.6254 0.2057
vn 0.6533 -0.6286 -0.4220
vn 0.4005 -0.9004 -0.1699
vn 0.3570 -0.6600 -0.6611
vn 0.7304 -0.6799 -0.0654
vn -0.8340 0.5224 -0.1776
vn 0.8606 0.5058 0.0594
vn -0.8525 0.0008 -0.5227
vn 0.1297 0.8945 -0.4278
vn -0.0155 -0.8611 -0.5082
vn 0.4836 -0.7399 -0.4677
vn 0.9763 0.0429 0.2121
vn -0.9756 -0.0420 -0.2154
vn 0.9749 0.0389 0.2191
vn 0.0538 -0.8724 -0.4858
vn -0.5188 0.2775 -0.8086
vn 0.9273 0.2356 -0.2909
vn -0.8743 0.4825 0.0527
vn -0.1975 0.9482 -0.2490
vn -0.5775 -0.5166 -0.6321
vn -0.9550 0.2868 -0.0756
vn -0.0240 -0.9875 -0.1560
vn 0.4978 0.3615 -0.7884
vn 0.6139 0.5121 -0.6008
vn -0.5791 -0.5559 -0.5964
vn 0.7970 -0.5942 -0.1084
vn 0.3708 -0.3415 -0.8637
vn 0.4031 -0.8127 -0.4207
vn -0.2024 -0.7624 -0.6146
vn 0.0353 0.8448 -0.5340
vn -0.5418 -0.8392 -0.0477
vn -0.1218 -0.9500 0.2876
vn 0.7696 0.6383 0.0168
vn 0.5505 -0.4450 -0.7063
vn -0.2943 0.9097 -0.2931
vn 0.2986 -0.6049 -0.7382
vn 0.4899 0.7922 0.3640
vn 0.3346 -0.8529 0.4008
vn 0.3508 -0.8620 -0.3659
vn 0.5340 0.6559 -0.5335
vn 0.1252 0.9460 0.2989
vn 0.2500 0.9574 0.1447
vn -0.4277 0.8645 0.2640
vn 0.0306 -0.9968 0.0739
vn 0.3491 -0.9324 -0.0938
vn -0.7830 0.5907 0.1947
vn 0.3643 0.8989 0.2434
vn 0.9847 -0.0150 0.1734
vn 0.7151 0.6848 0.1403
vn 0.9881 -0.0307 0.1506
vn 0.8330 0.5533 0.0025
vn -0.6090 -0.6219 -0.4923
vn 0.3959 -0.7574 -0.5193
vn -0.5999 -0.6575 -0.4558
vn -0.6314 -0.6897 -0.3545
vn 0.8298 -0.4695 -0.3018
vn -0.1839 0.9433 0.2765
vn -0.1476 -0.1495 -0.9777
vn 0.8693 -0.3773 -0.3193
vn 0.8506 -0.3553 0.3875
vn -0.8767 0.3474 0.3327
vn -0.2852 0.3305 -0.8997
vn -0.2205 -0.9604 -0.1706
vn -0.5683 0.6762 -0.4689
vn -0.7539 0.5096 -0.4147
vn -0.2718 0.9617 -0.0369
vn -0.1291 -0.9624 -0.2388
vn 0.0807 -0.9141 -0.3975
vn -0.6921 0.7202 0.0472
vn 0.5283 -0.8415 0.1130
vn -0.4545 -0.8815 0.1285
vn 0.9220 0.0168 0.3869
vn 0.6498 0.1454 -0.7461
vn 0.1091 0.1773 -0.9781
vn 0.1551 0.2329 -0.9601
vn 0.3017 -0.8900 0.3419
vn -0.6496 0.4134 -0.6381
vn 0.1301 -0.9446 -0.3013
vn 0.3226 -0.8863 -0.3323
vn 0.4101 -0.9013 -0.1395
vn 0.4220 -0.9020 -0.0912
vn 0.3065 -0.9512 0.0362
vn -0.2400 -0.8653 0.4401
vn 0.3315 -0.8427 0.4242
vn 0.9771 0.1614 -0.1383
vn -0.5649 0.2698 -0.7798
vn -0.4130 0.1630 -0.8960
vn -0.0657 0.1833 -0.9809
vn 0.1690 0.9715 -0.1662
vn 0.9298 0.1895 0.3157
vn 0.9568 0.2312 -0.1761
vn -0.5327 -0.7057 -0.4672
vn 0.0842 0.9934 0.0776
vn -0.7581 0.6303 0.1674
vn -0.9528 -0.0431 0.3005
vn -0.8941 0.0739 -0.4417
vn -0.1966 -0.8842 -0.4236
vn 0.1616 0.9288 0.3335
vn 0.9824 0.1162 0.1460
vn -0.4830 -0.7854 0.3870
vn 0.0915 -0.5366 0.8389
vn 0.6207 0.4352 -0.6522
vn 0.2609 0.8812 -0.3942
vn -0.0110 -0.9137 -0.4063
vn -0.2618 -0.8688 0.4203
vn -0.7846 -0.6136 -0.0896
vn 0.7357 0.6675 0.1152
vn -0.1963 0.8188 0.5395
vn -0.3778 -0.5951 0.7093
vn -0.9647 -0.0857 -0.2489
vn 0.0345 0.9951 0.0927
vn 0.1754 0.4213 -0.8898
vn 0.1123 -0.9500 -0.2915
vn 0.0837 -0.9596 -0.2685
vn 0.1260 -0.9502 -0.2850
vn 0.0565 -0.9628 -0.2641
vn 0.3077 -0.7206 0.6213
vn 0.0021 0.9552 0.2961
vn 0.7173 -0.3066 -0.6257
vn -0.5728 0.2522 -0.7799
vn 0.2611 -0.9556 -0.1361
vn -0.3565 0.1251 -0.9259
vn 0.1518 0.9876 0.0398
vn -0.1018 -0.9304 0.3522
vn -0.6863 0.0561 0.7251
vn 0.2877 0.5560 -0.7798
vn 0.1539 0.3524 -0.9231
vn 0.9516 -0.3070 -0.0160
vn -0.2374 -0.6648 -0.7083
vn 0.0355 -0.9149 -0.4021
vn -0.4013 -0.5089 0.7616
vn 0.4701 -0.6326 0.6155
vn 0.3498 -0.6643 0.6605
vn -0.4154 0.0377 0.9089
vn -0.2779 -0.8218 0.4973
vn 0.0943 -0.9908 -0.0974
vn -0.3182 0.8161 0.4824
vn 0.0076 0.1185 -0.9929
vn 0.4758 0.5751 -0.6655
vn 0.0134 -0.7762 0.6303
vn -0.8557 -0.1523 0.4946
vn 0.4076 0.0619 -0.9111
vn -0.5528 -0.0972 -0.8276
vn 0.7762 -0.4971 -0.3877
vn -0.2559 0.3241 -0.9107
vn -0.1908 0.9315 0.3098
vn -0.0531 0.1356 0.9893
vn 0.2685 0.8886 -0.3720
vn -0.0531 0.1353 0.9894
vn 0.0429 0.9663 -0.2537
vn 0.1095 0.4507 0.8860
vn 0.0226 0.7904 -0.6122
vn 0.1385 0.9881 0.0663
vn 0.1320 -0.9110 0.3907
vn 0.8634 -0.4387 0.2492
vn 0.0248 -0.9143 -0.4043
vn 0.0302 -0.9094 -0.4148
vn -0.0178 0.9135 0.4064
vn 0.0298 -0.9161 -0.3998
vn 0.9184 0.2317 -0.3207
vn 0.0335 -0.7915 -0.6103
vn -0.6825 -0.7307 -0.0162
vn -0.1908 0.9315 0.3096
vn 0.0669 0.4841 -0.8724
vn 0.0428 0.9664 -0.2534
vn 0.0428 0.9662 -0.2540
vn 0.0788 -0.1452 -0.9863
vn 0.0670 0.4844 -0.8723
vn -0.0882 -0.3854 -0.9185
vn 0.0431 0.9664 -0.2534
vn 0.0264 0.2315 -0.9725
vn 0.7824 0.5035 -0.3665
vn 0.2334 -0.9135 -0.3334
vn 0.9996 -0.0135 -0.0240
vn 0.8693 0.0753 -0.4884
vn -0.3686 0.3616 -0.8564
vn 0.5487 -0.1706 -0.8184
vn 0.4333 -0.4501 -0.7808
vn 0.2554 0.9620 -0.0965
vn -0.7430 0.6588 0.1176
vn 0.0543 -0.7363 0.6744
vn 0.7880 -0.3551 0.5029
vn 0.4787 -0.5138 0.7119
vn 0.5375 -0.8359 -0.1112
vn 0.9213 0.0365 0.3872
vn -0.8278 0.5262 -0.1945
vn -0.3286 0.7105 -0.6223
vn 0.2836 -0.8484 -0.4469
vn -0.3128 -0.6267 -0.7138
vn 0.4974 0.8528 -0.1592
vn 0.1916 0.9793 -0.0650
vn 0.1116 0.9704 -0.2142
vn 0.2045 0.9762 -0.0723
vn -0.0707 -0.8901 -0.4502
vn 0.8650 -0.5011 -0.0263
vn 0.0750 0.9955 0.0570
vn -0.3317 -0.3932 0.8575
vn -0.7526 -0.6413 0.1494
vn 0.0941 -0.7297 0.6773
vn -0.9843 -0.1286 0.1213
vn -0.3119 0.9460 -0.0878
vn -0.0557 -0.3206 -0.9456
vn -0.3978 0.3862 -0.8322
vn 0.6711 0.0308 -0.7408
vn 0.6756 -0.0153 0.7371
vn 0.4468 0.8790 0.1667
vn -0.9692 0.1693 -0.1791
vn -0.0998 -0.8375 -0.5372
vn -0.6925 0.3142 -0.6494
vn 0.3093 -0.9291 -0.2030
vn -0.6952 -0.3907 -0.6033
vn -0.8874 -0.1938 -0.4183
vn -0.2754 -0.6975 0.6615
vn 0.0611 -0.8696 0.4899
vn 0.6832 0.6823 -0.2602
vn -0.7610 0.4113 -0.5017
vn 0.0700 0.2013 -0.9770
vn 0.1794 0.2684 -0.9464
vn 0.7227 -0.3182 -0.6136
vn 0.6651 0.1124 -0.7382
vn 0.7734 -0.6252 -0.1044
vn 0.2491 0.9684 0.0144
vn 0.8611 -0.2772 0.4263
vn -0.6197 -0.6930 -0.3684
vn 0.0496 -0.9982 -0.0329
vn 0.1305 -0.1080 -0.9855
vn 0.9350 0.0083 -0.3544
vn -0.3699 0.5333 -0.7608
vn 0.7939 0.0659 -0.6045
vn -0.1874 -0.8877 -0.4206
vn 0.4269 -0.7696 -0.4748
vn -0.2786 -0.9091 -0.3098
vn -0.6904 -0.3715 -0.6208
vn -0.2828 -0.3676 0.8859
vn -0.6494 -0.7153 -0.2580
vn -0.0774 -0.9774 0.1968
vn -0.5377 -0.8429 0.0203
vn -0.9284 -0.3399 -0.1502
vn -0.8001 -0.5308 -0.2795
vn 0.6573 0.2531 -0.7099
vn -0.9917 0.0340 0.1242
vn -0.1437 -0.9804 0.1346
vn -0.1640 0.9679 -0.1903
vn -0.7703 0.5240 -0.3634
vn 0.6478 0.2585 -0.7166
vn -0.9072 0.1930 -0.3739
vn -0.6798 0.7115 0.1778
vn 0.1729 0.9502 0.2594
vn -0.3847 -0.2588 0.8860
vn 0.9770 -0.2009 -0.0716
vn -0.1196 -0.2630 -0.9573
vn -0.8760 0.4111 -0.2522
vn 0.3525 -0.8857 -0.3020
vn -0.1324 0.9865 -0.0967
vn 0.8094 -0.5763 0.1132
vn 0.3102 -0.9500 -0.0366
vn -0.9533 -0.0111 -0.3018
vn -0.3771 -0.8277 0.4155
vn 0.3542 0.4884 -0.7975
vn -0.0236 0.3478 -0.9373
vn -0.2846 -0.0723 -0.9559
vn -0.6330 0.7618 -0.1377
vn 0.9834 0.1593 -0.0868
vn -0.7578 -0.6233 0.1930
vn -0.7705 -0.6363 -0.0373
vn 0.3345 -0.7015 0.6293
vn 0.9779 -0.0533 -0.2022
vn 0.5807 -0.7621 0.2862
vn -0.7867 -0.3595 -0.5019
vn -0.2874 -0.4306 -0.8556
vn -0.5334 0.1372 -0.8347
vn -0.7351 -0.6676 -0.1178
vn 0.7478 -0.1626 0.6436
vn 0.8352 -0.2492 0.4903
vn 0.9156 0.3032 -0.2642
vn -0.1468 -0.9891 0.0136
vn 0.4742 -0.8503 -0.2285
vn 0.2269 -0.5960 -0.7703
vn -0.6049 -0.7666 -0.2154
vn -0.1478 -0.9429 0.2987
vn -0.7295 -0.3031 0.6132
vn 0.4663 -0.4376 -0.7688
vn 0.5135 -0.1194 -0.8498
vn 0.5704 -0.0137 -0.8213
vn 0.3475 -0.6442 -0.6814
vn -0.5578 -0.3589 0.7484
vn -0.9445 -0.0272 0.3274
vn 0.7665 0.4277 -0.4792
vn -0.4186 0.8878 0.1915
vn 0.0444 -0.4609 0.8864
vn -0.0408 -0.3424 0.9387
vn 0.9971 -0.0741 0.0184
vn 0.7639 -0.6327 -0.1271
vn -0.9476 -0.0661 0.3126
vn -0.7053 -0.6327 0.3198
vn -0.5553 -0.6426 0.5280
vn -0.8159 -0.5043 0.2828
vn -0.8130 0.1355 -0.5662
vn -0.8320 -0.4658 0.3014
vn 0.6970 -0.5647 0.4419
vn 0.5422 -0.7960 0.2692
vn 0.0074 -0.7791 0.6269
vn 0.9538 -0.1433 0.2641
vn 0.8433 -0.5349 0.0526
vn 0.3097 -0.8893 -0.3364
vn 0.0791 -0.7153 -0.6943
vn -0.9725 -0.2264 0.0550
vn -0.6720 -0.3503 -0.6524
vn 0.3453 -0.9384 0.0090
vn -0.8958 -0.3569 0.2647
vn -0.9257 0.1054 -0.3633
vn -0.7068 -0.7051 0.0572
vn 0.9607 0.2527 -0.1151
vn -0.8840 -0.2444 0.3985
vn 0.0349 0.9890 -0.1438
vn -0.4321 0.7620 -0.4823
vn -0.8673 0.3457 -0.3582
vn -0.5116 0.4335 -0.7418
vn 0.5938 -0.6061 0.5292
vn 0.0982 0.0232 -0.9949
vn -0.6968 -0.2863 -0.6577
vn 0.2455 0.6827 -0.6882
vn -0.6563 -0.5528 -0.5135
vn 0.9686 -0.1339 0.2096
vn 0.8475 -0.4382 0.2994
vn 0.9931 -0.0456 -0.1076
vn 0.9622 -0.0443 0.2687
vn 0.7558 0.6378 -0.1485
vn -0.4163 -0.9080 0.0468
vn -0.1283 -0.8506 -0.5099
vn -0.1321 -0.3120 -0.9409
vn -0.4577 -0.4055 -0.7912
vn -0.5522 -0.2135 -0.8059
vn 0.0236 0.9970 0.0741
vn -0.0381 0.9914 0.1251
vn -0.3499 -0.9178 0.1878
vn -0.8152 -0.3176 0.4843
vn -0.9747 -0.1170 -0.1903
vn 0.0032 -0.7945 -0.6073
vn -0.9172 -0.3656 0.1584
vn 0.7639 -0.6432 0.0524
vn 0.1810 -0.9773 0.1104
vn 0.5149 -0.3856 -0.7657
vn 0.9908 0.0646 -0.1193
vn 0.1197 -0.8743 -0.4704
vn -0.8074 0.4554 -0.3752
vn 0.6006 0.6210 -0.5036
vn 0.2729 -0.9605 0.0545
vn 0.7266 -0.6788 0.1062
vn 0.7249 0.0555 0.6867
vn 0.9343 0.3198 0.1574
vn -0.8043 0.5133 -0.2993
vn 0.6461 0.7029 -0.2974
vn 0.8404 -0.2771 0.4659
vn -0.9977 -0.0664 0.0137
vn 0.8203 0.4305 -0.3765
vn 0.9958 0.0073 0.0914
vn -0.5208 -0.3898 -0.7594
vn -0.0356 -0.6365 -0.7705
vn 0.9629 -0.1814 -0.1999
vn -0.3708 0.9253 0.0795
vn -0.9696 0.0019 0.2448
vn -0.1522 -0.8260 -0.5428
vn -0.6549 -0.7551 -0.0310
vn -0.9678 -0.2515 0.0106
vn -0.7592 -0.2889 0.5832
vn 0.5986 -0.4280 -0.6771
vn -0.5906 -0.7977 -0.1215
vn 0.2295 -0.6339 -0.7385
vn -0.5741 -0.4325 -0.6953
vn 0.0288 -0.8533 -0.5205
vn -0.3658 -0.7991 -0.4770
vn -0.6355 -0.3892 -0.6668
vn -0.5176 0.0074 -0.8556
vn -0.3884 -0.2346 -0.8911
vn -0.0018 -0.6840 -0.7295
vn 0.7786 0.1212 -0.6158
vn -0.9989 -0.0447 0.0141
vn -0.9539 -0.1691 0.2480
vn 0.5828 -0.2729 -0.7654
vn -0.6538 -0.1567 -0.7403
vn -0.6716 -0.3717 -0.6410
vn 0.6511 -0.5717 -0.4992
vn 0.9292 -0.3003 0.2153
vn -0.4824 0.1900 0.8551
vn 0.2750 -0.3495 0.8956
vn 0.2669 -0.9637 0.0061
vn -0.6429 0.6231 -0.4454
vn -0.2293 -0.2112 0.9502
vn 0.0098 0.9938 0.1110
vn 0.9859 -0.1567 -0.0593
vn -0.8199 0.4639 -0.3357
vn 0.6376 0.2792 0.7179
vn 0.1911 -0.7541 -0.6283
vn 0.8393 -0.4593 -0.2910
vn 0.5022 -0.8263 0.2550
vn -0.0162 -0.9742 0.2252
vn -0.8136 0.5777 0.0659
vn 0.6402 -0.5895 -0.4925
vn -0.8193 -0.2054 -0.5353
vn 0.8811 0.4442 0.1622
vn 0.6424 -0.7472 0.1703
vn 0.5266 0.8062 0.2697
vn 0.2385 -0.9634 0.1224
vn 0.2774 -0.8857 0.3722
vn -0.7220 0.6880 0.0737
vn -0.8266 -0.5242 0.2046
vn -0.9565 -0.0857 -0.2787
vn -0.8373 -0.1254 0.5321
vn 0.6339 -0.6793 -0.3698
vn -0.8389 -0.5443 -0.0011
vn -0.4770 0.7529 -0.4534
vn 0.3299 -0.9191 -0.2153
vn -0.3430 -0.8174 -0.4629
vn 0.5250 0.8354 -0.1625
vn -0.4757 0.4943 0.7276
vn -0.4395 -0.1180 0.8905
vn 0.5926 0.1964 0.7812
vn 0.0106 -0.0497 0.9987
vn 0.6370 -0.3223 0.7002
vn -0.9584 0.0879 0.2717
vn -0.6198 -0.4800 -0.6209
vn -0.0245 0.9875 0.1556
vn 0.3884 0.7232 -0.5712
vn -0.7686 0.0596 -0.6369
vn -0.1347 -0.7444 0.6540
vn 0.9066 -0.0897 0.4122
vn 0.5644 0.3559 0.7449
vn -0.2199 -0.6504 -0.7270
vn -0.0239 -0.5899 -0.8071
vn -0.2330 0.9709 0.0555
vn 0.4442 -0.8186 -0.3642
vn 0.8164 -0.5651 -0.1191
vn 0.9521 0.0465 -0.3023
vn -0.5895 0.3593 0.7235
vn 0.7685 0.6293 0.1155
vn -0.2434 -0.4802 0.8427
vn -0.7754 -0.2606 0.5751
vn -0.6348 -0.2988 0.7126
vn -0.9140 0.3911 0.1080
vn -0.9986 0.0407 -0.0337
vn -0.6661 0.1692 0.7264
vn -0.5901 -0.2693 -0.7611
vn 0.3951 -0.7755 -0.4924
vn 0.8980 -0.2041 0.3899
vn 0.9514 0.1260 0.2811
vn 0.9344 0.0507 -0.3526
vn -0.6039 -0.2887 0.7429
vn 0.3558 -0.9284 0.1071
vn 0.5887 -0.4321 -0.6832
vn 0.9941 -0.0916 0.0588
vn -0.4156 -0.8989 0.1386
vn 0.0345 0.4419 -0.8964
vn -0.4575 0.8888 -0.0259
vn 0.8497 -0.0336 0.5262
vn 0.2212 -0.4857 -0.8457
vn -0.5537 0.7568 -0.3473
vn 0.7548 0.6057 0.2516
vn 0.7772 0.4680 0.4207
vn 0.4384 0.8187 -0.3709
vn -0.8225 0.2377 -0.5167
vn -0.9432 0.2985 -0.1459
vn -0.8609 0.5083 -0.0205
vn 0.9872 -0.0481 0.1522
vn -0.7230 0.1702 0.6696
vn 0.7618 -0.1568 0.6285
vn -0.3618 -0.5574 -0.7473
vn 0.8561 -0.0215 -0.5164
vn -0.0932 -0.0863 0.9919
vn -0.6605 0.4049 0.6323
vn 0.7098 -0.6137 0.3457
vn -0.6488 -0.7072 -0.2811
vn -0.4661 -0.7561 -0.4594
vn -0.0915 0.1089 0.9898
vn -0.8307 0.5072 0.2294
vn 0.4448 -0.3230 0.8354
vn -0.0263 -0.9993 -0.0252
vn -0.7282 0.2012 -0.6552
vn 0.7354 0.0917 0.6714
vn -0.1415 0.7604 0.6339
vn 0.1476 -0.4297 0.8908
vn -0.5614 0.8074 0.1813
vn -0.7957 0.4230 0.4335
vn -0.3701 -0.8138 0.4481
vn 0.1786 0.4923 0.8519
vn -0.9842 -0.1708 -0.0473
vn -0.6645 0.1443 -0.7332
vn 0.4623 -0.8812 0.0990
vn -0.4016 -0.9144 -0.0507
vn -0.9814 -0.1347 -0.1369
vn -0.3327 0.3701 0.8674
vn -0.1380 -0.1202 0.9831
vn 0.7867 0.4166 0.4556
vn 0.0816 -0.1260 0.9887
vn -0.5275 0.5628 0.6364
vn -0.9279 -0.0826 0.3636
vn -0.5957 -0.7778 0.2003
vn 0.8917 0.3169 0.3231
vn -0.1874 -0.3704 0.9097
vn 0.9865 -0.1549 -0.0532
vn 0.8268 0.2100 0.5219
vn 0.8940 -0.4480 0.0025
vn -0.8596 -0.4661 0.2095
vn -0.8751 -0.1332 0.4653
vn -0.2243 -0.6741 0.7038
vn -0.2175 -0.2232 0.9502
vn 0.5143 0.2301 0.8262
vn -0.0067 -0.9366 0.3503
vn -0.9002 0.2664 0.3446
vn 0.5691 0.3040 0.7640
vn 0.7008 0.1265 -0.7020
vn -0.6188 -0.0029 -0.7855
vn 0.7957 -0.2120 -0.5674
vn -0.1322 0.9217 0.3647
vn 0.1391 0.8884 -0.4375
vn 0.5551 0.7949 -0.2448
vn -0.7503 -0.6397 0.1666
vn -0.6484 -0.7580 -0.0716
vn 0.7760 -0.6278 0.0602
vn 0.1350 0.1600 0.9778
vn -0.7579 0.4031 0.5129
vn 0.2745 -0.7168 0.6409
vn -0.4567 0.8791 -0.1363
vn -0.4225 -0.7675 0.4822
vn 0.4464 0.8943 -0.0321
vn -0.7924 -0.5779 -0.1955
vn -0.7384 -0.0032 -0.6743
vn -0.9436 0.3311 -0.0007
vn 0.7383 0.6328 0.2332
vn -0.8224 0.3016 0.4825
vn 0.6507 -0.7454 0.1449
vn -0.8599 0.5096 -0.0286
vn -0.4215 0.5246 0.7396
vn 0.9821 0.1742 -0.0716
vn -0.0738 0.8250 0.5603
vn -0.4008 -0.7606 -0.5108
vn 0.4047 -0.3701 -0.8362
vn -0.1775 0.7007 -0.6910
vn -0.8242 -0.3463 0.4481
vn -0.2075 -0.8619 -0.4626
vn 0.5707 -0.8167 -0.0850
vn 0.5048 0.1715 0.8460
vn -0.9238 0.3110 -0.2234
vn -0.0382 -0.9292 -0.3676
vn -0.7441 0.5035 -0.4391
vn 0.6604 0.7054 -0.2575
vn 0.9066 0.3483 -0.2383
vn 0.4944 0.7006 0.5145
vn 0.5477 -0.5064 0.6660
vn -0.4601 0.0942 -0.8828
vn -0.1819 0.4223 -0.8880
vn -0.1215 -0.3485 -0.9294
vn 0.3237 -0.8116 -0.4863
vn 0.9625 -0.1270 -0.2395
vn -0.4471 0.2433 0.8608
vn -0.3888 -0.2483 0.8872
vn 0.9208 0.2785 0.2730
vn -0.3124 -0.0199 0.9497
vn 0.0707 -0.9706 0.2302
vn -0.7372 -0.6411 0.2132
vn 0.7908 0.4569 0.4073
vn 0.7844 0.0173 -0.6200
vn 0.3698 -0.8496 -0.3760
vn -0.2709 -0.9485 -0.1642
vn -0.7886 0.5642 0.2445
vn -0.0096 -0.4152 0.9097
vn 0.4928 -0.5739 0.6540
vn -0.2861 -0.7906 0.5413
vn 0.2806 0.8523 0.4414
vn -0.4564 0.0789 -0.8863
vn -0.7257 -0.5194 -0.4513
vn 0.1920 -0.9746 -0.1156
vn 0.7354 0.5900 0.3333
vn -0.6890 0.7067 0.1608
vn -0.6688 0.5279 0.5235
vn 0.4183 -0.8486 -0.3238
vn -0.9327 0.3009 -0.1991
vn 0.4052 -0.0047 -0.9142
vn -0.8316 0.4132 0.3712
vn 0.8765 0.4645 -0.1263
vn 0.6369 -0.2806 0.7180
vn -0.0817 -0.9546 0.2866
vn 0.8804 0.4399 0.1771
vn -0.0870 0.8407 0.5345
vn -0.8361 -0.1419 -0.5300
vn -0.4965 0.8671 0.0408
vn -0.7379 0.5711 -0.3597
vn 0.0352 0.9098 0.4137
vn 0.5265 0.6474 0.5510
vn 0.8549 -0.3179 0.4099
vn 0.9027 -0.4186 0.0995
vn -0.7306 0.3386 0.5930
vn 0.1390 -0.6059 0.7833
vn 0.4975 -0.6183 0.6084
vn 0.7633 -0.4757 -0.4372
vn -0.7072 -0.5257 -0.4729
vn 0.8582 0.5091 -0.0664
vn -0.5877 0.7847 0.1972
vn 0.5938 0.4142 0.6898
vn 0.0306 -0.9551 0.2946
vn -0.4632 0.5666 0.6815
vn -0.4321 -0.8604 -0.2701
vn -0.3570 0.7822 -0.5106
vn 0.8409 -0.2978 0.4519
vn -0.6393 0.5536 -0.5337
vn -0.6505 0.4136 0.6370
vn 0.0628 -0.9766 -0.2058
vn -0.4991 0.8586 0.1173
vn -0.7620 0.5873 0.2727
vn 0.5309 0.7616 0.3717
vn 0.9645 0.1521 0.2159
vn -0.6716 -0.6124 0.4171
vn 0.2335 -0.9571 0.1715
vn 0.5081 0.8581 0.0739
vn 0.8174 -0.5492 -0.1742
vn -0.8661 -0.4417 -0.2341
vn 0.8297 0.0838 0.5519
vn -0.5413 -0.8338 0.1084
vn 0.8989 0.1241 0.4203
vn 0.9851 0.0720 -0.1563
vn 0.6503 0.6127 -0.4491
vn -0.2982 -0.9525 -0.0616
vn -0.9229 -0.2874 -0.2561
vn -0.9765 0.1708 0.1311
vn -0.9726 -0.1698 -0.1588
vn 0.2161 -0.6523 0.7265
vn -0.2161 -0.8571 -0.4677
vn 0.2711 -0.4104 0.8707
vn -0.0208 0.9755 0.2189
vn 0.9802 -0.0470 0.1925
vn 0.0708 0.9342 0.3498
vn -0.4561 0.8332 0.3127
vn 0.1437 0.8771 0.4583
vn 0.1080 -0.5621 0.8200
vn 0.1793 0.8932 0.4123
vn -0.3094 0.0746 -0.9480
vn -0.4807 0.6285 -0.6115
vn 0.0694 -0.0055 -0.9976
vn -0.8947 0.4438 0.0503
vn 0.4590 0.8791 0.1289
vn -0.1361 0.9672 0.2143
vn -0.5955 0.0063 0.8033
vn 0.3032 0.5898 -0.7485
vn 0.5025 0.8391 -0.2082
vn -0.4938 0.2372 -0.8366
vn -0.4261 -0.4641 -0.7766
vn -0.3069 0.1454 -0.9406
vn -0.0445 0.8211 -0.5691
vn 0.8257 0.2229 0.5182
vn -0.9106 -0.2251 0.3466
vn 0.9891 0.1447 -0.0260
vn -0.0057 -0.5297 0.8482
vn 0.5645 0.6047 0.5618
vn -0.9590 0.0591 0.2770
vn 0.7324 -0.6800 -0.0326
vn -0.4514 -0.0814 -0.8886
vn -0.9771 0.2124 0.0120
vn 0.9713 0.0483 -0.2329
vn -0.1504 0.1228 -0.9810
vn -0.2153 0.7136 -0.6667
vn -0.1230 0.0045 -0.9924
vn -0.5085 -0.1433 -0.8491
vn 0.1766 0.1918 -0.9654
vn -0.1726 -0.9751 -0.1395
vn 0.3697 -0.9282 -0.0425
vn 0.3462 0.6755 0.6511
vn -0.5601 -0.5759 0.5955
vn -0.6068 -0.4135 0.6788
vn 0.1476 0.5925 0.7919
vn -0.6752 -0.0698 0.7343
vn 0.8087 -0.0272 0.5875
vn -0.0839 0.5190 -0.8507
vn 0.8367 -0.1244 -0.5334
vn -0.4264 0.4453 -0.7874
vn 0.3330 0.9366 0.1088
vn -0.1060 -0.9942 -0.0170
vn -0.2768 -0.5709 -0.7730
vn -0.3016 -0.9376 0.1729
vn 0.0679 -0.4537 0.8885
vn -0.4723 0.2488 0.8456
vn 0.0146 -0.6099 0.7923
vn -0.0099 -0.9998 -0.0180
vn -0.9275 0.3465 -0.1403
vn -0.7513 -0.5839 0.3075
vn 0.4002 0.8852 0.2373
vn -0.7137 0.0154 -0.7003
vn -0.3791 0.8808 0.2838
vn -0.9899 0.0431 0.1351
vn 0.5265 -0.8456 -0.0879
vn -0.5842 -0.7491 -0.3125
vn -0.3453 -0.9325 -0.1054
vn 0.4929 0.8378 0.2347
vn -0.1834 0.8996 0.3963
vn -0.3511 0.4805 -0.8036
vn -0.8789 0.2535 0.4041
vn 0.8522 -0.1614 -0.4978
vn 0.9302 0.0904 -0.3556
vn -0.5975 0.7027 -0.3863
vn -0.2982 0.7251 0.6207
vn 0.4884 -0.4586 0.7424
vn 0.4042 -0.8996 -0.1653
vn -0.8801 -0.4747 0.0056
vn 0.1067 -0.9719 -0.2097
vn 0.7782 -0.5902 -0.2147
vn -0.7903 -0.2511 0.5590
vn -0.4656 -0.4508 0.7616
vn -0.3311 -0.8342 -0.4410
vn 0.3250 -0.9066 0.2693
vn -0.3656 0.8927 0.2634
vn 0.2780 0.1429 0.9499
vn 0.4866 -0.8697 0.0827
vn -0.5507 -0.8283 -0.1033
vn -0.0742 -0.8765 0.4757
vn 0.7038 0.5533 0.4455
vn 0.9801 0.1980 0.0100
vn 0.1847 -0.8390 -0.5118
vn -0.2162 -0.6344 0.7421
vn 0.7616 -0.5854 0.2781
vn -0.6244 -0.2511 0.7397
vn -0.9204 -0.2088 0.3305
vn -0.3501 0.7010 0.6214
vn 0.6102 0.3960 0.6862
vn 0.7083 0.6893 0.1524
vn 0.7959 -0.1255 -0.5923
vn 0.4362 0.6229 -0.6494
vn 0.9788 -0.0310 -0.2026
vn -0.9993 0.0374 -0.0009
vn -0.0920 0.9041 0.4172
vn -0.0207 0.8368 0.5471
vn 0.1862 0.9249 0.3315
vn -0.1688 -0.7994 0.5766
vn -0.9715 -0.2142 -0.1012
vn -0.9814 -0.1747 -0.0791
vn 0.8298 -0.4620 -0.3131
vn 0.1441 0.9570 0.2519
vn -0.3255 -0.5943 0.7354
vn 0.4962 -0.8508 0.1733
vn -0.6337 -0.6945 0.3408
vn 0.3100 0.5668 0.7633
vn 0.3485 -0.6800 0.6451
vn -0.9438 -0.2071 0.2575
vn 0.8442 0.4604 0.2747
vn -0.9610 -0.1870 0.2037
vn 0.8999 -0.4330 -0.0523
vn -0.8093 -0.5843 -0.0591
vn -0.8401 -0.3140 -0.4424
vn -0.5994 0.7517 -0.2750
vn 0.9424 0.3337 0.0239
vn -0.8685 -0.4955 0.0129
vn 0.1215 -0.2979 0.9468
vn -0.9210 0.2053 -0.3310
vn -0.6871 0.1287 -0.7151
vn -0.7201 0.4846 0.4966
vn -0.2259 -0.6637 -0.7130
vn -0.2266 0.9165 0.3298
vn 0.2176 0.6487 0.7293
vn -0.6928 -0.0047 0.7211
vn 0.8392 0.1342 0.5270
vn 0.1972 0.9577 0.2095
vn -0.5391 -0.8252 0.1684
vn 0.1893 0.4834 -0.8547
vn -0.9460 0.2000 -0.2551
vn 0.7850 -0.5219 0.3337
vn 0.9167 -0.2569 -0.3059
vn 0.9472 0.2837 -0.1492
vn -0.3597 -0.8180 -0.4489
vn -0.4646 -0.7290 -0.5028
vn -0.5873 0.3066 0.7490
vn -0.3134 0.6664 0.6766
vn 0.1065 0.1951 0.9750
vn -0.6412 0.4387 0.6296
vn -0.1977 0.1890 0.9619
vn -0.7173 -0.0874 0.6913
vn -0.2020 -0.0586 0.9776
vn -0.0228 -0.4878 0.8727
vn 0.6912 0.1262 0.7115
vn 0.3124 0.9103 0.2717
vn 0.2836 -0.9262 0.2483
vn 0.2429 -0.8686 0.4320
vn -0.7983 -0.1797 -0.5748
vn 0.1464 0.8589 -0.4907
vn 0.8489 0.4015 0.3437
vn -0.5509 0.3648 0.7507
vn 0.1224 -0.8179 -0.5621
vn 0.6604 -0.6944 0.2858
vn 0.7120 -0.5408 -0.4479
vn 0.4163 -0.9087 0.0312
vn -0.4864 0.5207 0.7016
vn 0.1026 0.9797 0.1725
vn 0.4139 -0.4185 0.8084
vn -0.6477 0.4044 0.6457
vn -0.5618 -0.4428 0.6988
vn -0.3914 0.4217 0.8179
vn 0.5330 -0.2316 0.8138
vn -0.5265 -0.8420 -0.1176
vn -0.9644 0.2179 -0.1499
vn 0.8789 0.3202 0.3536
vn 0.4722 0.8811 0.0276
vn -0.9174 0.3457 0.1972
vn 0.2549 -0.7461 -0.6151
vn 0.0340 -0.6835 -0.7292
vn 0.3133 0.3899 0.8659
vn 0.5320 0.6364 0.5586
vn 0.4553 0.5420 0.7063
vn -0.4485 -0.6664 0.5957
vn 0.4326 -0.5780 0.6919
vn -0.4954 -0.0397 0.8678
vn 0.7080 -0.1516 0.6897
vn -0.9049 0.2681 0.3304
vn 0.3513 -0.7453 0.5666
vn 0.6993 -0.2931 0.6520
vn 0.0815 -0.7238 -0.6852
vn 0.5894 -0.7643 0.2617
vn -0.0766 0.3723 -0.9249
vn -0.8569 0.3987 -0.3268
vn -0.2270 0.9639 0.1391
vn 0.9853 -0.1668 -0.0378
vn 0.9458 0.2756 0.1720
vn -0.5568 0.4061 0.7246
vn 0.2865 0.6268 0.7246
vn -0.3885 0.2909 0.8744
vn -0.4439 -0.5946 0.6703
vn 0.5838 -0.0993 0.8058
vn -0.9837 -0.0401 0.1754
vn -0.1815 -0.9310 0.3166
vn 0.8832 0.3870 0.2648
vn -0.8493 -0.5197 -0.0932
vn 0.1954 0.9123 0.3600
vn 0.0096 0.8689 0.4950
vn 0.1037 -0.8198 0.5631
vn 0.5267 -0.8268 0.1973
vn 0.0992 0.3264 -0.9400
vn -0.9617 0.2703 0.0457
vn -0.9695 0.2194 -0.1087
vn -0.0089 0.8404 -0.5419
vn -0.3950 0.7609 0.5148
vn -0.1308 -0.9173 -0.3761
vn 0.3846 -0.8448 -0.3721
vn 0.2687 0.7427 0.6134
vn -0.5478 -0.0687 0.8338
vn 0.0442 0.4070 0.9123
vn 0.0787 -0.3643 0.9279
vn -0.3162 0.6684 0.6733
vn 0.3365 0.5617 0.7558
vn 0.8584 -0.0488 0.5106
vn -0.2476 -0.6570 0.7121
vn 0.2089 -0.4839 0.8499
vn 0.4242 0.1006 0.9000
vn 0.1103 0.9817 0.1552
vn -0.1366 -0.9906 -0.0066
vn -0.8524 -0.5156 -0.0871
vn -0.5811 -0.7895 0.1976
vn -0.2724 -0.9607 -0.0540
vn 0.2444 0.2220 -0.9439
vn 0.9824 0.1486 -0.1131
vn -0.6118 -0.1902 -0.7678
vn -0.5113 -0.4416 -0.7373
vn 0.2694 0.7452 0.6100
vn -0.0228 0.4668 0.8841
vn 0.2780 0.7432 0.6086
vn 0.2890 0.7251 0.6251
vn 0.2551 0.3478 0.9022
vn -0.5240 0.2658 0.8092
vn 0.8810 -0.2459 0.4043
vn -0.8481 0.1584 -0.5055
vn 0.3616 -0.4569 0.8127
vn 0.7710 0.4270 0.4724
vn -0.1290 -0.6776 0.7241
vn 0.5663 0.2959 0.7693
vn 0.4087 -0.6230 0.6669
vn -0.2415 -0.9498 -0.1986
vn -0.6534 -0.6213 0.4325
vn 0.6254 0.7411 -0.2441
vn -0.3786 0.8624 0.3361
vn -0.3760 0.2199 -0.9002
vn 0.1885 -0.3573 -0.9148
vn -0.1953 -0.2237 -0.9549
vn 0.6818 -0.0334 -0.7308
vn -0.1036 0.5676 0.8167
vn 0.3623 0.6665 0.6515
vn 0.1799 -0.5189 0.8357
vn -0.1855 0.4123 0.8920
vn -0.8324 0.5323 0.1539
vn 0.4437 -0.3544 0.8231
vn -0.4879 0.6862 0.5395
vn -0.6748 -0.4382 0.5938
vn 0.8116 0.0102 0.5841
vn 0.5063 0.7571 0.4129
vn 0.5904 -0.5790 0.5623
vn -0.9295 -0.2800 0.2402
vn 0.1610 -0.6357 0.7550
vn 0.2272 0.7711 -0.5948
vn 0.9861 -0.0564 -0.1563
vn -0.1566 -0.6592 -0.7355
vn 0.5203 -0.4820 -0.7050
vn 0.0713 0.9058 0.4177
vn -0.1674 -0.3217 0.9319
vn -0.0035 0.5306 0.8476
vn 0.6095 0.6255 0.4872
vn 0.4543 -0.3112 0.8348
vn 0.7608 0.0303 0.6482
vn -0.1670 0.7593 0.6290
vn -0.6367 0.5078 0.5803
vn 0.6235 0.7217 0.3007
vn 0.0220 0.9685 0.2479
vn -0.5402 -0.5981 0.5920
vn 0.9984 -0.0490 -0.0293
vn -0.7811 0.1761 0.5990
vn 0.7845 -0.6178 -0.0528
vn -0.4247 -0.8912 0.1592
vn 0.6266 -0.7714 -0.1106
vn -0.6415 0.0725 0.7637
vn -0.6077 -0.4501 0.6543
vn 0.6488 0.2468 0.7199
vn 0.3465 -0.9144 0.2092
vn -0.8206 0.3809 0.4259
vn -0.8649 -0.2466 0.4371
vn -0.6149 0.7548 -0.2285
vn 0.2543 -0.5131 0.8198
vn 0.2270 0.6675 0.7092
vn 0.7586 0.5628 0.3283
vn -0.1078 -0.4889 0.8656
vn 0.5679 -0.3735 0.7335
vn 0.1569 0.6709 0.7248
vn 0.6595 0.6052 0.4458
vn 0.8684 0.4177 0.2672
vn -0.5050 0.4263 0.7505
vn -0.4269 -0.6710 0.6062
vn 0.3486 0.2204 0.9110
vn 0.1308 -0.7606 0.6359
vn 0.9376 0.3227 0.1299
vn 0.5871 -0.6443 0.4900
vn -0.4775 -0.7971 -0.3697
vn 0.9072 0.3669 0.2059
vn -0.6838 -0.5698 0.4558
vn -0.7896 0.0768 0.6087
vn 0.6576 -0.3180 -0.6830
vn 0.2072 -0.9582 0.1972
vn 0.7702 0.5804 0.2645
vn 0.3171 0.7451 -0.5867
vn 0.8787 0.4058 0.2516
vn 0.8529 0.4109 0.3220
vn 0.3500 0.5445 0.7623
vn 0.4771 -0.7691 0.4252
vn -0.8997 0.3467 0.2653
vn 0.8900 0.2584 0.3757
vn 0.3568 0.0328 0.9336
vn -0.0044 0.9622 0.2724
vn -0.7745 -0.1116 0.6226
vn -0.6638 -0.6886 0.2919
vn -0.1264 -0.9500 0.2855
vn -0.3806 -0.9247 0.0116
vn 0.1593 -0.6655 -0.7292
vn -0.7071 -0.6548 -0.2668
vn 0.7213 -0.1547 0.6751
vn -0.2843 -0.9500 0.1295
vn 0.6094 0.7165 0.3394
vn -0.0920 0.2474 0.9645
vn 0.2361 0.1965 0.9517
vn -0.9885 -0.1269 0.0824
vn 0.7551 -0.6426 -0.1297
vn -0.1372 -0.9834 0.1191
vn 0.3510 0.9106 0.2184
vn 0.1923 -0.8782 0.4379
vn -0.0534 -0.9927 0.1080
vn -0.2312 -0.0766 0.9699
vn 0.6676 0.7272 0.1598
vn -0.7766 -0.6178 0.1238
vn -0.2599 0.5622 -0.7851
vn 0.1891 0.9811 -0.0415
vn 0.9995 0.0176 -0.0272
vn 0.5103 0.8574 -0.0664
vn 0.9744 -0.2002 0.1022
vn 0.2219 0.3738 -0.9006
vn -0.5345 -0.5130 -0.6716
vn -0.5543 -0.3328 0.7629
vn 0.0951 -0.6688 0.7373
vn -0.1219 0.1319 0.9837
vn 0.7082 0.3749 0.5982
vn 0.1568 -0.2388 0.9583
vn -0.0064 -0.3041 0.9526
vn -0.4302 -0.1137 0.8956
vn 0.4644 0.1175 0.8778
vn 0.0437 0.1155 0.9923
vn -0.1590 -0.6007 0.7835
vn -0.6267 -0.6493 0.4309
vn 0.5543 -0.5452 0.6289
vn -0.1810 0.9521 0.2463
vn 0.3903 -0.7763 0.4950
vn -0.1529 -0.9646 0.2147
vn -0.0588 -0.9898 -0.1296
vn 0.8682 0.4378 -0.2337
vn -0.9116 -0.3775 -0.1626
vn 0.4070 0.0465 -0.9122
vn 0.9297 0.1512 -0.3358
vn 0.4017 0.0180 -0.9156
vn 0.8355 0.2389 -0.4949
vn 0.8393 0.0735 -0.5387
vn -0.1319 -0.3168 -0.9393
vn 0.3378 0.7197 0.6066
vn 0.0346 0.9766 -0.2121
vn 0.6132 0.6588 -0.4359
vn 0.6847 0.3137 -0.6578
vn 0.1739 0.6118 0.7717
vn -0.7654 0.4030 0.5017
vn -0.7313 -0.0421 0.6808
vn 0.4793 0.6221 0.6191
vn -0.3981 0.3589 0.8442
vn 0.4527 -0.1176 0.8839
vn 0.9245 -0.2867 0.2514
vn -0.4511 0.8923 -0.0191
vn -0.7994 0.4283 0.4214
vn 0.9080 0.3759 -0.1852
vn 0.0132 0.6925 0.7213
vn -0.9363 0.3449 -0.0665
vn 0.8089 0.5727 -0.1329
vn 0.2121 0.2842 0.9350
vn 0.0636 -0.0005 0.9980
vn 0.3514 -0.1023 0.9306
vn -0.4869 0.0277 0.8730
vn 0.5467 -0.4509 0.7056
vn 0.0803 -0.4819 0.8725
vn 0.1635 0.5163 0.8406
vn 0.6945 -0.2319 0.6811
vn -0.0994 -0.3228 0.9412
vn -0.5774 -0.0392 0.8156
vn 0.5909 -0.5751 0.5658
vn 0.5315 0.3431 0.7744
vn -0.8220 -0.3978 0.4075
vn -0.1681 0.0201 0.9856
vn -0.4791 -0.7485 0.4585
vn 0.7021 -0.5436 0.4600
vn 0.9259 0.2421 -0.2900
vn 0.7325 0.0489 0.6790
vn 0.0792 -0.6546 0.7518
vn 0.3249 -0.7480 0.5787
vn 0.2193 0.0254 -0.9753
vn -0.4547 0.5075 0.7319
vn 0.0004 0.6645 0.7473
vn 0.5841 0.0912 0.8065
vn -0.5279 -0.8364 -0.1473
vn -0.3409 0.4332 0.8343
vn -0.1168 -0.6933 0.7111
vn -0.1821 -0.9002 0.3956
vn -0.0242 -0.9888 -0.1475
vn -0.5388 -0.6824 -0.4940
vn 0.3403 -0.3027 -0.8902
vn -0.0070 -0.7388 0.6739
vn 0.8530 0.5053 0.1302
vn 0.3824 -0.7404 0.5528
vn 0.4973 0.8597 0.1164
vn 0.8791 -0.4724 0.0640
vn -0.2356 -0.3574 0.9037
vn -0.1869 -0.3712 0.9095
vn 0.6788 -0.7204 0.1426
vn 0.7656 0.6276 0.1416
vn 0.2396 -0.0283 0.9705
vn -0.0229 0.2089 0.9777
vn 0.4228 -0.6496 0.6319
vn 0.5123 0.6764 0.5292
vn 0.6290 -0.2741 0.7275
vn -0.3847 0.0886 0.9188
vn 0.2530 0.1726 0.9519
vn 0.1962 -0.4499 0.8713
vn 0.5710 0.7568 -0.3182
vn 0.5972 -0.6881 -0.4121
vn -0.1911 -0.9720 -0.1369
vn -0.2091 -0.9323 -0.2953
vn 0.8138 -0.4754 0.3342
vn -0.5009 -0.8389 0.2130
vn -0.8210 0.3626 0.4411
vn -0.7069 -0.5731 -0.4145
vn -0.7579 -0.6418 -0.1173
vn -0.8225 0.5625 0.0843
vn -0.2209 0.3023 -0.9273
vn -0.9903 0.1346 0.0348
vn 0.0032 0.6254 0.7803
vn 0.2898 0.0810 0.9537
vn 0.4712 0.0386 0.8812
vn 0.2389 0.2579 0.9362
vn 0.7221 -0.5941 0.3545
vn -0.4097 -0.9096 0.0686
vn 0.3703 -0.6738 -0.6395
vn 0.6400 0.5934 -0.4881
vn 0.2722 0.4293 -0.8611
vn 0.6920 -0.7122 0.1180
vn -0.0223 -0.8744 -0.4847
vn -0.1861 -0.6311 0.7530
vn 0.2810 0.9536 -0.1077
vn -0.0692 0.9947 -0.0757
vn -0.4997 -0.2676 0.8239
vn -0.0309 0.7683 -0.6393
vn -0.0431 0.4454 0.8943
vn -0.0409 0.9612 -0.2728
vn 0.6277 0.6967 -0.3474
vn 0.6905 0.0757 0.7193
vn -0.0125 -0.3170 0.9483
vn -0.7120 -0.1008 0.6949
vn -0.8848 -0.0356 0.4646
vn 0.7492 0.6620 -0.0194
vn -0.3539 0.7022 0.6177
vn -0.8016 0.1371 0.5819
vn -0.5900 0.7862 -0.1836
vn 0.1990 0.9569 -0.2115
vn 0.0947 -0.6637 0.7420
vn -0.0246 0.3188 0.9475
vn -0.9939 0.1102 -0.0035
vn -0.0145 0.8935 0.4489
vn 0.2385 -0.4964 0.8347
vn 0.2999 0.3508 0.8871
vn 0.2912 0.0174 0.9565
vn 0.4915 -0.4483 0.7466
vn -0.8028 -0.3743 0.4641
vn -0.9859 0.0529 -0.1586
vn 0.8483 -0.0198 -0.5292
vn 0.7151 0.0266 0.6985
vn -0.5082 0.0546 -0.8595
vn 0.0315 0.9116 -0.4099
vn -0.6355 -0.2495 -0.7306
vn -0.8226 -0.0263 -0.5681
vn -0.1922 -0.2726 -0.9427
vn -0.3055 0.1144 0.9453
vn 0.2069 -0.1340 0.9691
vn -0.5848 0.7183 0.3770
vn -0.2757 0.7973 0.5369
vn -0.8946 -0.1780 0.4100
vn -0.0716 0.9827 0.1706
vn -0.0253 -0.7614 0.6478
vn 0.0743 -0.0081 -0.9972
vn -0.3934 0.5840 -0.7101
vn -0.7240 -0.2662 -0.6363
vn 0.6799 -0.6339 -0.3687
vn -0.4541 -0.6616 0.5967
vn 0.9509 -0.2637 -0.1621
vn -0.1982 0.8465 -0.4941
vn -0.8239 -0.5565 -0.1072
vn 0.8960 -0.2279 -0.3812
vn 0.8989 -0.3661 0.2407
vn 0.0090 -0.5270 0.8498
vn 0.9670 0.1095 0.2300
vn 0.1332 0.5004 0.8555
vn 0.4292 -0.2666 0.8630
vn 0.0582 -0.9374 0.3433
vn 0.7182 0.6743 -0.1719
vn 0.4922 -0.5031 -0.7104
vn 0.7839 -0.1575 0.6006
vn -0.0984 0.4365 0.8943
vn 0.3403 -0.1240 0.9321
vn 0.1295 -0.9671 0.2189
vn -0.3156 -0.9057 -0.2829
vn 0.5078 0.3648 -0.7804
vn 0.4376 -0.6938 -0.5720
vn -0.4476 -0.8538 -0.2659
vn 0.9564 0.1082 -0.2714
vn -0.5873 -0.4711 -0.6581
vn 0.3765 -0.7929 0.4791
vn -0.9281 -0.2475 -0.2782
vn -0.3430 0.2508 0.9052
vn 0.0982 0.2266 0.9690
vn 0.8273 0.2326 -0.5114
vn 0.2976 -0.7386 -0.6049
vn 0.3730 -0.6020 -0.7060
vn -0.1670 -0.7165 -0.6773
vn 0.1978 -0.8359 -0.5120
vn 0.7384 0.4111 -0.5346
vn 0.8190 -0.5572 -0.1370
vn 0.2042 0.9170 -0.3426
vn 0.2825 -0.3355 -0.8987
vn -0.3231 0.1134 -0.9395
vn -0.1905 -0.3162 0.9294
vn 0.4986 -0.5928 0.6325
vn 0.2387 0.0397 0.9703
vn -0.9216 0.0618 0.3832
vn 0.8266 0.4829 -0.2892
vn 0.8412 0.3095 -0.4434
vn -0.3948 0.0680 0.9163
vn 0.2781 -0.8463 -0.4543
vn -0.6332 0.0302 -0.7734
vn 0.4056 -0.7769 -0.4816
vn 0.2244 -0.9575 0.1811
vn -0.9041 -0.3998 0.1506
vn 0.4342 -0.2473 -0.8662
vn -0.0365 0.3541 0.9345
vn 0.4746 0.4474 0.7580
vn -0.9048 0.1416 -0.4015
vn 0.2788 0.1063 0.9544
vn -0.2691 -0.9183 -0.2902
vn -0.3634 0.8928 -0.2664
vn 0.0478 -0.6446 0.7631
vn -0.0556 0.7894 -0.6113
vn 0.8429 0.0370 -0.5369
vn -0.4913 -0.5258 -0.6944
vn -0.2540 -0.1486 -0.9557
vn -0.3014 -0.3826 -0.8734
vn -0.9090 0.4052 -0.0982
vn -0.7906 -0.3301 0.5157
vn -0.5471 0.5013 -0.6704
vn -0.5609 0.1328 -0.8172
vn 0.0677 -0.1095 -0.9917
vn 0.3867 -0.7939 -0.4692
vn 0.3577 -0.7131 0.6030
vn 0.8189 -0.5390 0.1974
vn -0.8136 0.0248 -0.5809
vn 0.0414 -0.2513 -0.9670
vn -0.8703 -0.1754 0.4602
vn -0.4344 -0.8691 0.2366
vn 0.1253 -0.9388 0.3209
vn -0.7654 -0.3493 0.5404
vn 0.9109 -0.2959 -0.2874
vn -0.8363 0.4904 -0.2450
vn -0.2828 0.0366 0.9585
vn 0.4623 -0.7860 -0.4105
vn 0.6550 0.0769 -0.7517
vn 0.9074 -0.2721 0.3203
vn 0.6326 0.1447 0.7609
vn 0.8860 -0.4272 -0.1803
vn 0.4989 0.4138 -0.7615
vn -0.0691 -0.7213 -0.6891
vn -0.6643 -0.6788 -0.3129
vn -0.2375 -0.8631 -0.4456
vn -0.9496 -0.2250 -0.2183
vn -0.3395 0.6879 0.6416
vn 0.9501 0.2829 -0.1312
vn -0.1367 0.9865 -0.0897
vn 0.2757 -0.7124 -0.6454
vn 0.5586 -0.5472 -0.6233
vn 0.9712 -0.1976 -0.1332
vn 0.9259 0.2450 -0.2877
vn 0.2053 0.7648 0.6107
vn 0.8838 -0.2091 -0.4184
vn -0.9376 -0.3471 0.0187
vn 0.5585 -0.6645 -0.4965
vn -0.2483 -0.9671 -0.0558
vn 0.9673 -0.2186 -0.1289
vn -0.9768 0.1882 -0.1017
vn -0.4806 0.2528 -0.8397
vn 0.1092 -0.1164 -0.9872
vn 0.2968 0.6273 -0.7200
vn 0.7921 -0.2499 -0.5569
vn -0.1640 -0.9239 -0.3457
vn -0.8712 -0.4627 -0.1644
vn 0.4064 -0.8357 -0.3694
vn 0.9867 -0.1623 -0.0048
vn -0.1913 -0.4820 -0.8550
vn 0.3204 -0.7581 -0.5680
vn 0.5111 0.5477 -0.6625
vn 0.5537 0.3178 -0.7697
vn -0.0340 -0.5640 -0.8250
vn -0.7799 -0.5778 0.2407
vn 1.0000 0.0005 0.0078
vn 0.4295 0.6459 -0.6311
vn -0.0306 -0.9970 0.0705
vn -0.7388 0.5557 0.3812
vn -0.5207 0.4456 0.7282
vn -0.4493 -0.7778 0.4395
vn 0.6623 -0.6379 -0.3930
vn 0.2607 -0.1280 -0.9569
vn -0.3589 -0.8437 0.3991
vn -0.3969 -0.3190 0.8606
vn 0.7819 -0.4447 0.4370
vn -0.9481 -0.3163 -0.0343
vn -0.6592 0.7505 0.0462
vn 0.3700 0.9265 -0.0682
vn 0.1574 -0.6712 -0.7243
vn -0.2950 -0.7069 -0.6429
vn -0.2985 -0.3953 -0.8687
vn -0.5027 0.0836 -0.8604
vn 0.3322 -0.5039 -0.7973
vn -0.8988 -0.0067 -0.4384
vn 0.1277 0.0985 -0.9869
vn -0.0751 -0.2793 -0.9573
vn -0.5406 -0.1221 -0.8324
vn 0.8828 0.2476 0.3992
vn 0.9334 0.3286 0.1442
vn -0.9787 -0.0028 0.2054
vn 0.9901 0.1288 -0.0553
vn 0.7221 -0.5002 -0.4778
vn -0.5587 0.3440 -0.7546
vn 0.9937 -0.0074 0.1118
vn -0.9532 0.2801 -0.1135
vn -0.4183 0.6721 -0.6110
vn -0.1585 -0.7744 -0.6125
vn 0.4149 0.5340 0.7367
vn 0.3014 -0.8365 -0.4575
vn -0.0880 -0.5712 -0.8160
vn 0.2276 -0.6662 -0.7102
vn -0.7241 -0.6474 -0.2378
vn 0.9176 -0.3973 -0.0152
vn -0.9928 -0.0481 0.1093
vn -0.8509 -0.5108 -0.1229
vn -0.3118 -0.6601 -0.6834
vn -0.6935 -0.3952 -0.6024
vn 0.4243 -0.1084 -0.8990
vn -0.4362 0.6628 -0.6086
vn 0.1891 0.4864 -0.8531
vn -0.8714 0.0918 0.4819
vn 0.8903 -0.3868 0.2404
vn 0.8923 0.0404 0.4496
vn -0.2947 0.8631 0.4101
vn -0.9981 -0.0609 0.0076
vn -0.0393 -0.5894 -0.8069
vn 0.0739 -0.7130 -0.6973
vn 0.5444 -0.4991 -0.6742
vn 0.4189 0.0969 -0.9029
vn -0.7438 0.2552 0.6178
vn -0.8754 -0.1810 -0.4483
vn 0.5502 -0.4648 -0.6937
vn 0.2937 -0.9559 -0.0107
vn -0.8632 -0.3256 -0.3858
vn -0.6630 0.6035 0.4429
vn 0.2953 -0.8782 -0.3764
vn 0.8504 -0.4590 -0.2574
vn -0.7508 0.2060 -0.6276
vn -0.2995 0.4328 -0.8503
vn 0.5661 -0.2306 -0.7914
vn -0.0544 -0.8438 -0.5339
vn 0.9865 0.1591 0.0376
vn -0.4581 -0.8751 -0.1558
vn 0.1661 0.6335 -0.7557
vn -0.8397 0.4309 0.3305
vn 0.5516 0.7542 0.3561
vn 0.4624 0.0556 -0.8849
vn -0.9506 -0.1882 -0.2469
vn 0.9627 -0.2626 -0.0644
vn 0.0433 -0.6071 -0.7934
vn 0.7932 -0.0950 -0.6015
vn 0.7208 0.0535 -0.6911
vn -0.6842 -0.2223 -0.6946
vn -0.1894 -0.9467 -0.2606
vn -0.9377 -0.1180 -0.3268
vn -0.2834 -0.0802 -0.9556
vn 0.7068 -0.6990 -0.1091
vn -0.9989 -0.0103 0.0463
vn 0.5459 -0.6416 -0.5389
vn -0.9583 -0.1644 0.2336
vn 0.4538 -0.8645 -0.2163
vn -0.6171 -0.2960 -0.7291
vn 0.5788 0.7074 -0.4057
vn 0.9816 -0.1223 -0.1469
vn 0.7512 -0.4176 -0.5111
vn -0.2131 -0.4885 -0.8462
vn 0.1155 -0.5372 -0.8355
vn 0.2678 -0.6188 -0.7385
vn 0.8304 0.1526 -0.5359
vn 0.9642 -0.1341 -0.2286
vn -0.8989 -0.4177 -0.1324
vn -0.4094 -0.6342 -0.6558
vn -0.9944 -0.0781 -0.0713
vn 0.0027 -0.9999 -0.0132
vn 0.0507 0.7997 0.5983
vn -0.9555 -0.2815 0.0886
vn 0.9585 -0.1443 -0.2458
vn 0.9708 -0.2197 -0.0959
vn -0.6309 -0.4777 -0.6114
vn 0.6771 0.6204 -0.3957
vn -0.1640 -0.9751 -0.1493
vn 0.9922 -0.0714 0.1024
vn 0.8582 0.4934 0.1417
vn 0.1219 -0.7252 -0.6777
vn -0.2901 0.7070 0.6450
vn 0.4882 0.8117 -0.3206
vn -0.6863 0.5622 -0.4614
vn 0.9887 0.1075 0.1048
vn 0.3468 0.7720 0.5326
vn 0.5811 -0.5319 -0.6160
vn -0.9586 0.0568 -0.2791
vn -0.9420 -0.3347 0.0239
vn -0.3041 -0.4517 -0.8387
vn -0.8288 -0.5524 -0.0891
vn 0.5696 0.6086 -0.5525
vn 0.9759 -0.1536 0.1552
vn -0.9758 -0.1504 0.1586
vn -0.3762 -0.6332 -0.6764
vn 0.3254 -0.5660 -0.7575
vn 0.9856 -0.1618 -0.0484
vn 0.9981 0.0602 -0.0152
vn -0.7415 -0.6571 0.1352
vn 0.9026 0.0227 -0.4299
vn -0.4604 0.2959 -0.8369
vn 0.6372 -0.3289 -0.6970
vn 0.9899 0.1388 -0.0288
vn 0.8419 0.4744 0.2572
vn -0.8760 0.3810 0.2958
vn 0.1936 0.9276 0.3196
vn -0.7916 -0.3508 -0.5004
vn 0.9905 0.0419 -0.1312
vn 0.9817 -0.0482 -0.1842
vn 0.9992 0.0300 -0.0269
vn 0.3365 -0.4205 -0.8426
vn -0.1839 -0.5233 -0.8321
vn -0.9043 -0.3927 -0.1675
vn -0.3451 0.8806 0.3247
vn -0.6341 -0.5656 -0.5274
vn 0.9875 -0.0234 0.1558
vn -0.8762 0.4540 -0.1616
vn -0.7704 -0.4780 -0.4220
vn -0.9734 0.2291 -0.0065
vn 0.8465 0.3419 0.4082
vn 0.5872 -0.5047 -0.6328
vn -0.8128 0.5789 -0.0658
vn 0.0876 -0.9914 -0.0974
vn -0.5158 0.7200 -0.4642
vn -0.1810 -0.8910 -0.4164
vn -0.7486 0.6622 -0.0334
vn 0.8974 -0.4101 0.1628
vn -0.9384 -0.1197 0.3242
vn 0.2057 -0.8120 -0.5462
vn -0.7061 0.6319 0.3196
vn -0.8876 -0.4495 -0.1003
vn -0.8581 0.4292 0.2818
vn -0.9299 0.3628 -0.0608
vn -0.8959 0.2842 0.3414
vn -0.9827 -0.1318 -0.1300
vn 0.7176 0.5420 -0.4374
vn -0.3956 0.6671 0.6312
vn 0.8713 0.1608 -0.4636
vn -0.9987 0.0398 0.0306
vn -0.9393 -0.1112 -0.3245
vn -0.8581 -0.4942 -0.1391
vn -0.5622 -0.3772 -0.7360
vn 0.8168 -0.4907 -0.3035
vn -0.3138 -0.0530 -0.9480
vn -0.6023 0.7796 -0.1715
vn -0.9157 0.1778 -0.3604
vn 0.8896 -0.2075 0.4069
vn -0.2666 -0.8236 -0.5006
vn -0.2738 -0.9162 -0.2926
vn 0.1981 -0.5530 -0.8093
vn 0.2482 0.7893 -0.5616
vn -0.5871 -0.7730 -0.2402
vn 0.0540 -0.0130 -0.9985
vn 0.8890 -0.3208 0.3267
vn -0.9396 -0.1598 0.3027
vn 0.0356 -0.8721 -0.4880
vn 0.7065 0.0102 0.7077
vn 0.4463 -0.6585 -0.6060
vn 0.9978 0.0500 0.0432
vn 0.7163 -0.1718 -0.6763
vn -0.1590 0.8927 -0.4217
vn -0.8190 -0.5005 0.2806
vn 0.8680 -0.0996 0.4865
vn 0.6479 -0.0495 -0.7601
vn -0.4037 -0.5615 -0.7223
vn -0.7781 0.5646 -0.2753
vn 0.1536 0.3883 -0.9086
vn -0.7057 0.6902 0.1602
vn -0.9426 -0.1653 0.2902
vn 0.2955 0.0835 -0.9517
vn 0.9594 -0.0165 -0.2816
vn 0.4269 0.7178 0.5500
vn 0.7122 0.6621 -0.2332
vn 0.8457 0.0309 -0.5328
vn 0.9429 0.1120 0.3137
vn 0.9678 0.2100 0.1388
vn 0.6030 0.2261 0.7651
vn -0.7580 0.2870 -0.5858
vn -0.1180 -0.9849 0.1267
vn 0.7274 0.1848 -0.6609
vn -0.5921 0.7604 -0.2666
vn 0.9573 0.2891 -0.0018
vn -0.8478 0.1895 0.4952
vn 0.3199 -0.7886 -0.5251
vn -0.3007 -0.2615 0.9172
vn -0.1431 -0.6308 -0.7626
vn 0.9999 -0.0054 0.0109
vn 0.6944 0.7195 0.0061
vn 0.6287 -0.5216 -0.5768
vn 0.6857 -0.3379 0.6446
vn -0.5260 0.6510 -0.5473
vn 0.8106 0.5685 0.1406
vn 0.5216 0.6970 0.4921
vn 0.5235 0.8100 -0.2643
vn -0.4788 0.0997 0.8723
vn 0.6022 0.1509 0.7839
vn -0.5346 0.0376 0.8443
vn 0.3786 0.0545 0.9240
vn -0.3962 -0.3227 0.8596
vn -0.3125 0.4935 -0.8117
vn 0.7620 -0.4219 -0.4912
vn -0.4441 -0.4969 -0.7456
vn -0.7992 -0.2368 0.5524
vn -0.9766 0.2116 0.0378
vn 0.2618 -0.9154 -0.3058
vn -0.9218 0.3269 0.2085
vn -0.6914 -0.3640 0.6241
vn 0.7274 0.4178 0.5444
vn 0.0663 -0.4150 0.9074
vn -0.2936 -0.9422 -0.1613
vn 0.9284 -0.0960 0.3590
vn -0.9356 0.3347 -0.1121
vn 0.5155 -0.8169 -0.2587
vn 0.7810 -0.5156 0.3524
vn -0.9007 -0.2758 0.3357
vn -0.3401 0.4202 0.8413
vn 0.2781 0.0097 0.9605
vn -0.5252 0.1585 0.8361
vn -0.6252 -0.1475 0.7664
vn 0.0382 -0.9619 -0.2706
vn 0.0258 -0.9330 -0.3590
vn -0.4131 0.1073 -0.9043
vn 0.4135 -0.2736 -0.8684
vn 0.4988 0.6487 -0.5748
vn -0.4818 -0.7686 -0.4209
vn 0.3625 0.8962 0.2559
vn -0.2372 0.2608 0.9358
vn -0.5362 0.2423 0.8086
vn 0.1857 -0.1210 0.9751
vn 0.1018 0.0945 0.9903
vn 0.6499 0.0187 0.7598
vn 0.1817 -0.4685 0.8646
vn 0.7784 -0.0069 0.6277
vn -0.6100 -0.7309 -0.3061
vn 0.7679 0.4807 0.4234
vn -0.5168 0.8044 0.2931
vn -0.6173 0.7407 -0.2650
vn -0.5144 0.6253 0.5868
vn 0.5167 -0.7257 -0.4543
vn -0.2697 0.4841 0.8324
vn 0.0967 0.4214 0.9017
vn 0.0291 0.2538 0.9668
vn -0.5120 -0.3585 0.7806
vn -0.7959 0.1707 0.5809
vn -0.4997 -0.4218 0.7566
vn -0.8502 -0.3872 -0.3568
vn -0.5650 0.2564 -0.7842
vn 0.9809 0.0856 0.1745
vn 0.0811 0.8221 0.5635
vn 0.7492 0.4835 0.4527
vn 0.8569 0.1820 0.4822
vn 0.4063 -0.2179 0.8874
vn -0.8222 -0.5444 -0.1661
vn -0.1536 0.4268 -0.8912
vn 0.7263 -0.3031 -0.6169
vn -0.6873 0.6269 -0.3669
vn 0.7649 0.2130 0.6080
vn -0.0805 0.6781 0.7305
vn 0.9987 0.0399 0.0327
vn -0.9201 0.1841 0.3457
vn 0.4310 0.3888 0.8143
vn 0.2636 0.2434 0.9334
vn -0.5486 -0.4344 -0.7144
vn 0.5942 -0.2938 0.7487
vn 0.8704 -0.4716 -0.1415
vn 0.9641 -0.2100 0.1627
vn -0.9776 0.1970 -0.0741
vn -0.6030 -0.6396 -0.4767
vn -0.8670 -0.4954 0.0542
vn 0.0688 0.8466 0.5278
vn 0.5399 0.6733 0.5052
vn -0.8313 -0.0897 0.5485
vn 0.8293 -0.2029 0.5206
vn -0.3863 -0.8479 -0.3632
vn -0.5637 -0.3243 0.7597
vn -0.6013 -0.7190 0.3485
vn -0.9939 -0.1029 -0.0388
vn -0.6281 0.5348 0.5653
vn 0.1217 -0.9828 0.1389
vn 0.2162 -0.9638 0.1564
vn 0.0874 -0.6070 0.7899
vn 0.4363 0.8919 0.1187
vn 0.8954 0.4038 0.1878
vn 0.0330 -0.0403 0.9986
vn 0.6169 -0.3704 0.6945
vn -0.0580 0.5970 0.8002
vn -0.4170 -0.8849 0.2075
vn -0.5869 -0.4305 0.6857
vn 0.9781 -0.2077 0.0111
vn 0.7462 0.1589 -0.6464
vn -0.2035 -0.6232 0.7551
vn 0.4360 -0.6157 0.6564
vn 0.5000 -0.4650 -0.7306
vn 0.7543 -0.0171 -0.6563
vn -0.8622 -0.2407 0.4458
vn -0.8270 -0.0718 0.5575
vn -0.6624 0.6416 0.3868
vn 0.3948 0.7886 -0.4714
vn 0.5263 0.8446 -0.0979
vn 0.2133 0.9760 0.0443
vn -0.9262 0.2079 -0.3146
vn 0.1020 0.8693 0.4837
vn -0.1815 0.9217 -0.3430
vn -0.3107 -0.6407 0.7021
vn -0.7148 -0.6013 0.3571
vn 0.8241 -0.4735 -0.3108
vn 0.1744 0.6236 0.7621
vn -0.5825 0.2939 0.7578
vn 0.6332 -0.2750 0.7235
vn 0.0555 -0.9793 0.1949
vn -0.8659 -0.1501 -0.4772
vn -0.4002 0.9052 0.1431
vn -0.4811 0.8402 -0.2502
vn 0.4931 -0.6327 0.5971
vn 0.9809 0.1861 -0.0567
vn 0.2334 0.4271 0.8736
vn -0.5785 -0.7758 -0.2520
vn -0.3566 0.6725 0.6486
vn -0.2702 -0.9619 0.0411
vn -0.6502 -0.6993 -0.2970
vn -0.7546 0.3930 0.5255
vn 0.1803 -0.6310 0.7546
vn 0.3008 -0.1913 -0.9343
vn -0.7682 0.6021 -0.2176
vn 0.7572 0.6148 -0.2206
vn 0.0518 -0.3985 0.9157
vn -0.8796 -0.2193 0.4222
vn -0.2123 -0.9577 -0.1944
vn 0.1787 0.6280 0.7575
vn -0.4824 -0.5164 0.7076
vn 0.3319 0.1519 0.9310
vn 0.6094 -0.5785 0.5422
vn -0.2060 0.8855 0.4164
vn 0.4704 -0.8823 -0.0158
vn 0.6700 -0.1488 -0.7273
vn 0.5402 -0.6737 0.5043
vn 0.2115 -0.9114 -0.3530
vn 0.1075 0.9747 0.1959
vn 0.9760 0.2049 0.0737
vn 0.7294 0.6445 0.2292
vn -0.6903 0.7065 0.1560
vn 0.9460 0.2831 -0.1580
vn -0.7424 -0.3385 -0.5782
vn 0.5708 0.7642 -0.3001
vn 0.9701 -0.1543 -0.1872
vn -0.5444 0.8192 0.1802
vn -0.6218 -0.5995 0.5038
vn -0.7030 -0.4453 -0.5545
vn -0.0786 -0.6377 0.7663
vn 0.6582 0.6139 -0.4357
vn 0.9067 -0.3497 0.2357
vn 0.9932 -0.1104 -0.0372
vn 0.6780 0.5840 0.4463
vn 0.4699 0.6071 0.6408
vn -0.0245 0.7036 0.7101
vn -0.1728 -0.9378 0.3010
vn 0.8856 -0.4124 -0.2135
vn 0.4398 -0.6928 -0.5715
vn 0.6905 -0.4343 -0.5785
vn 0.4842 0.5889 -0.6471
vn 0.9247 0.3454 -0.1604
vn -0.7664 0.5669 -0.3021
vn 0.7284 0.6057 -0.3201
vn -0.3038 0.1989 0.9317
vn 0.4811 0.7300 0.4854
vn -0.3013 0.4924 0.8166
vn 0.3081 -0.8102 0.4987
vn -0.1800 -0.8504 0.4943
vn 0.7558 0.0731 -0.6507
vn -0.5600 0.2839 -0.7783
vn 0.8386 0.3500 -0.4174
vn -0.4287 -0.1366 0.8930
vn 0.9165 -0.3990 -0.0286
vn 0.2750 -0.9491 0.1533
vn -0.1904 -0.7583 0.6234
vn -0.5534 -0.7415 -0.3793
vn 0.8933 -0.0636 -0.4449
vn 0.0028 -0.9691 -0.2466
vn -0.1237 -0.9909 0.0527
vn -0.7667 -0.6368 0.0818
vn -0.7852 0.6174 0.0465
vn 0.5941 -0.6675 -0.4488
vn 0.2266 -0.7562 0.6139
vn -0.0288 -0.2232 -0.9743
vn -0.8988 -0.0111 -0.4382
vn -0.0440 -0.7633 -0.6445
vn -0.8917 -0.4469 -0.0718
vn 0.7630 0.4888 -0.4230
vn -0.7482 0.5788 -0.3243
vn -0.5607 0.7038 0.4362
vn -0.7977 -0.5697 0.1978
vn -0.7071 0.7067 -0.0226
vn -0.9307 -0.2555 0.2617
vn 0.3807 -0.0466 0.9235
vn 0.7246 -0.6591 -0.2011
vn -0.3338 -0.9028 0.2712
vn 0.4055 -0.8749 0.2648
vn 0.5972 0.8021 0.0021
vn -0.6996 -0.3870 0.6007
vn 0.9938 -0.1086 -0.0252
vn 0.0483 0.9342 0.3535
vn 0.0029 0.1560 0.9878
vn -0.6447 0.7571 -0.1057
vn -0.7684 -0.2204 0.6008
vn 0.2254 -0.8317 0.5073
vn 0.9517 -0.0441 0.3038
vn -0.0706 0.7736 0.6298
vn 0.0820 -0.9952 0.0529
vn 0.4636 0.8554 0.2310
vn -0.7534 -0.5293 -0.3901
vn 0.0934 -0.8798 0.4661
vn 0.7701 -0.5820 0.2612
vn -0.3810 -0.8356 0.3958
vn 0.3944 0.9112 -0.1188
vn -0.7477 0.5744 -0.3332
vn 0.7683 0.5894 0.2497
vn -0.7487 0.2326 -0.6208
vn -0.6477 0.7382 0.1885
vn -0.1045 -0.8773 -0.4684
vn -0.1685 0.9854 0.0262
vn -0.4926 0.6539 0.5742
vn -0.0063 0.8531 0.5216
vn -0.2467 -0.9674 -0.0572
vn 0.6348 0.7539 -0.1690
vn 0.2509 0.8845 -0.3933
vn 0.0030 0.8737 0.4864
vn 0.5374 0.7427 0.3994
vn 0.0419 0.3622 0.9311
vn 0.5153 -0.8492 -0.1155
vn -0.1201 0.7849 -0.6079
vn 0.6642 0.5397 -0.5173
vn 0.6560 0.7491 -0.0924
vn -0.5704 -0.8176 -0.0785
vn -0.2050 -0.9773 0.0545
vn -0.6646 -0.6509 -0.3670
vn 0.7531 0.4169 0.5089
vn 0.1095 -0.5299 0.8409
vn -0.8865 0.4381 -0.1491
vn -0.0337 -0.9950 -0.0939
vn 0.8560 0.2733 0.4388
vn -0.3985 0.8821 0.2512
vn -0.9886 -0.0855 0.1241
vn 0.2030 0.9630 -0.1773
vn 0.5630 -0.7852 -0.2579
vn -0.4063 -0.8955 -0.1818
vn 0.4698 -0.8094 -0.3524
vn -0.6130 0.7017 0.3630
vn 0.8875 0.1535 -0.4344
vn -0.2441 0.8067 0.5381
vn -0.9245 -0.0659 -0.3755
vn 0.9814 0.1748 -0.0789
vn -0.9906 -0.0162 -0.1359
vn 0.1321 -0.8909 0.4345
vn -0.9903 0.0852 -0.1098
vn -0.9998 -0.0166 -0.0111
vn -0.4267 0.7939 0.4331
vn -0.0281 0.9106 0.4123
vn -0.9473 -0.1446 -0.2858
vn -0.5945 -0.7887 0.1568
vn 0.5172 0.7087 -0.4799
vn 0.3080 0.1545 0.9387
vn -0.4364 -0.8490 0.2979
vn 0.0355 -0.3216 0.9462
vn 0.9980 -0.0493 0.0405
vn 0.2253 -0.6685 -0.7088
vn -0.2194 0.9645 -0.1469
vn 0.6307 -0.7131 -0.3062
vn 0.6099 -0.5658 -0.5550
vn 0.6624 -0.6395 -0.3902
vn -0.6017 0.7336 0.3159
vn -0.6829 -0.1223 -0.7202
vn -0.6663 0.4775 -0.5727
vn 0.8246 0.0554 -0.5629
vn 0.0628 -0.9752 -0.2120
vn -0.8809 -0.2359 -0.4104
vn 0.6394 -0.0982 0.7626
vn 0.3817 -0.9218 0.0671
vn -0.3290 0.8412 0.4290
vn 0.1672 0.9748 -0.1479
vn 0.2585 -0.9611 -0.0977
vn 0.6755 0.7348 0.0615
vn -0.0657 -0.9440 -0.3233
vn -0.2655 -0.9638 -0.0254
vn 0.5857 -0.7912 0.1758
vn 0.9291 0.3685 -0.0321
vn 0.7058 -0.6912 0.1552
vn 0.4818 0.6093 0.6298
vn -0.9941 -0.0458 -0.0983
vn 0.0637 0.9829 0.1728
vn -0.2595 0.9022 0.3444
vn 0.2976 -0.6791 -0.6710
vn -0.4814 -0.7564 -0.4430
vn 0.7949 -0.5970 0.1082
vn -0.4591 0.8832 0.0954
vn 0.3018 0.9503 0.0769
vn -0.7491 -0.6413 0.1660
vn -0.1487 -0.9888 -0.0149
vn -0.9981 -0.0533 -0.0303
vn -0.4790 0.8652 0.1481
vn 0.4946 0.7506 0.4381
vn 0.2660 -0.9627 0.0489
vn -0.7047 0.7062 0.0689
vn -0.5184 -0.7492 -0.4123
vn -0.3237 0.8751 -0.3598
vn -0.3900 0.8896 -0.2377
vn 0.0886 0.9735 0.2109
vn -0.5838 -0.7373 -0.3400
vn 0.7098 -0.4226 -0.5635
vn -0.4720 -0.5945 -0.6510
vn -0.2084 0.8841 0.4182
vn 0.7840 0.6148 0.0862
vn -0.0867 -0.9799 0.1795
vn 0.0419 -0.9577 0.2846
vn 0.7759 -0.6281 0.0585
vn 0.9930 0.0954 -0.0698
vn -0.9160 0.2715 -0.2954
vn 0.1161 -0.7446 -0.6573
vn 0.7127 0.6472 -0.2708
vn -0.1350 -0.9454 -0.2966
vn -0.2013 0.9132 0.3543
vn 0.3765 0.5721 0.7286
vn 0.3883 0.8161 0.4281
vn -0.9641 0.0092 -0.2653
vn 0.5618 0.7211 0.4054
vn 0.6095 0.7928 -0.0037
vn -0.1693 0.9515 0.2567
vn -0.4305 -0.9007 0.0586
vn 0.7746 -0.3932 -0.4954
vn -0.8990 0.1316 -0.4177
vn 0.6960 -0.1998 -0.6896
vn -0.3469 -0.8865 -0.3063
vn -0.0654 0.7164 -0.6946
vn 0.5322 -0.8454 0.0453
vn 0.0439 -0.9838 -0.1741
vn 0.2539 0.8512 0.4594
vn 0.7051 -0.0561 -0.7069
vn -0.1799 -0.3330 0.9256
vn -0.3640 -0.9287 0.0705
vn 0.3178 0.8456 -0.4288
vn 0.8770 0.0404 0.4789
vn -0.8628 0.4233 0.2764
vn -0.6321 0.6528 0.4175
vn 0.6043 0.7917 -0.0894
vn 0.8395 0.4891 -0.2365
vn -0.1035 -0.9716 -0.2128
vn -0.7141 -0.6812 0.1614
vn -0.0633 0.1333 0.9891
vn -0.0901 0.9661 0.2418
vn 0.1529 -0.7160 0.6811
vn -0.9583 -0.2736 0.0821
vn -0.2667 0.7368 0.6214
vn -0.0276 -0.9807 0.1936
vn -0.7738 0.6154 0.1500
vn 0.2138 0.6388 -0.7391
vn 0.2311 -0.7120 -0.6630
vn 0.3532 0.9291 0.1095
vn -0.1258 0.9698 0.2088
vn 0.9212 0.3342 -0.1992
vn -0.6348 -0.7726 -0.0109
vn -0.5478 0.6557 0.5196
vn -0.2525 -0.9675 0.0099
vn -0.5305 -0.8449 0.0682
vn 0.6751 0.7292 -0.1117
vn 0.0170 0.9997 0.0196
vn 0.2610 0.9653 0.0022
vn -0.7471 0.6600 -0.0790
vn 0.7048 0.6879 -0.1731
vn 0.7092 -0.6193 -0.3368
vn -0.5478 -0.8357 -0.0382
vn -0.6106 0.7146 -0.3414
vn 0.4321 0.8923 -0.1308
vn -0.6089 -0.7931 -0.0127
vn -0.1287 -0.9887 -0.0773
vn 0.1847 -0.8964 -0.4030
vn 0.4518 -0.1206 0.8839
vn 0.4766 0.4676 0.7444
vn 0.6831 -0.7279 0.0595
vn 0.2921 0.9562 0.0211
vn -0.2542 0.1807 -0.9501
vn -0.1260 -0.9828 -0.1351
vn 0.3581 -0.4522 -0.8169
vn 0.6928 0.6928 -0.2002
vn -0.0451 -0.9989 0.0126
vn -0.3732 0.9265 0.0483
vn -0.1057 -0.9604 0.2577
vn 0.3040 0.8892 0.3419
vn -0.2600 -0.9245 -0.2787
vn 0.8139 0.5349 0.2269
vn 0.2247 -0.9705 -0.0876
vn 0.5714 0.8025 -0.1719
vn -0.3266 -0.9180 0.2251
vn -0.5694 0.4261 -0.7030
vn -0.4361 -0.6742 0.5961
vn -0.7121 0.5373 0.4518
vn -0.4259 0.8902 0.1617
vn 0.7266 -0.3783 -0.5735
vn -0.9275 -0.2617 -0.2670
vn -0.6816 0.3253 0.6554
vn 0.2254 -0.9735 -0.0400
vn -0.8771 0.4281 -0.2178
vn 0.1685 0.9850 0.0373
vn -0.3488 0.9193 -0.1824
vn -0.3873 -0.0176 -0.9218
vn -0.4113 0.1340 -0.9016
vn 0.4441 0.1640 -0.8808
vn 0.1264 0.8779 -0.4618
vn -0.0102 0.6018 -0.7986
vn -0.0105 -0.9796 0.2008
vn -0.1656 -0.4116 -0.8962
vn 0.5058 0.5068 -0.6981
vn -0.7790 0.5797 0.2389
vn 0.4196 -0.9030 -0.0921
vn -0.2055 0.9784 -0.0208
vn 0.3896 0.8734 -0.2921
vn -0.5491 -0.7869 -0.2814
vn -0.3395 -0.8827 0.3249
vn 0.1824 -0.1973 -0.9632
vn -0.0013 -0.4215 -0.9068
vn 0.7626 -0.2800 0.5832
vn 0.0219 0.9995 0.0209
vn -0.5207 0.8502 -0.0775
vn -0.0397 -0.4590 -0.8876
vn 0.3594 0.8790 0.3133
vn 0.3341 0.6658 0.6672
vn 0.1073 0.3349 0.9361
vn -0.0211 0.5995 0.8001
vn -0.6483 0.1988 0.7349
vn -0.3877 -0.8817 -0.2687
vn -0.0186 -0.9613 0.2749
vn -0.0838 -0.9833 0.1617
vn -0.7443 0.2766 0.6079
vn 0.0246 -0.3221 -0.9464
vn -0.2945 -0.4165 -0.8601
vn 0.3845 0.7682 -0.5118
vn 0.1137 0.9613 0.2509
vn -0.5622 0.8095 0.1690
vn 0.9469 -0.0518 0.3173
vn -0.1824 0.4591 0.8694
vn 0.8180 -0.4556 -0.3512
vn 0.5968 0.7854 0.1645
vn 0.9260 0.3774 -0.0095
vn 0.1927 -0.9785 0.0735
vn -0.1289 0.9563 -0.2624
vn 0.6466 -0.6781 -0.3494
vn -0.0229 -0.2517 -0.9675
vn -0.2647 -0.1558 -0.9516
vn -0.4390 0.1931 -0.8775
vn 0.2336 -0.9707 -0.0556
vn 0.1281 0.3825 -0.9150
vn -0.0407 0.0888 -0.9952
vn 0.4062 -0.8229 -0.3972
vn 0.1010 -0.1080 -0.9890
vn -0.0731 -0.9964 -0.0428
vn 0.6149 -0.7292 0.3003
vn -0.3845 -0.8830 -0.2691
vn 0.9639 -0.2556 0.0743
vn -0.0778 0.9556 -0.2843
vn 0.3960 -0.6479 -0.6506
vn 0.3475 0.8776 -0.3302
vn 0.2493 -0.9342 0.2551
vn -0.4382 0.5620 0.7015
vn -0.4566 -0.8411 -0.2899
vn -0.4978 0.8581 -0.1263
vn -0.2823 -0.9469 -0.1538
vn 0.0357 -0.1242 -0.9916
vn -0.0439 0.0080 -0.9990
vn -0.7360 0.4820 0.4754
vn 0.0842 -0.9930 0.0832
vn -0.1300 -0.9850 0.1132
vn -0.2005 0.9758 -0.0876
vn 0.2871 0.9569 0.0438
vn -0.0816 0.0699 0.9942
vn -0.0543 -0.9803 -0.1897
vn 0.0106 0.7605 0.6493
vn -0.0165 0.8735 0.4866
vn -0.4400 -0.8558 -0.2719
vn -0.0853 0.9962 0.0183
vn 0.8040 0.4379 0.4024
vn 0.6904 -0.7096 0.1410
vn -0.0173 0.6491 0.7605
vn 0.0272 -0.9669 -0.2536
vn -0.6369 -0.7640 0.1035
vn 0.5363 -0.7176 0.4443
vn -0.6296 0.1396 0.7643
vn 0.1583 0.7400 0.6538
vn -0.8410 -0.4039 -0.3599
vn 0.3356 -0.8514 -0.4031
vn -0.9789 0.1700 -0.1130
vn 0.3527 0.8636 -0.3602
vn -0.2969 -0.6832 0.6672
vn 0.2208 -0.9719 0.0817
vn -0.0586 -0.9372 0.3437
vn 0.1969 0.9733 0.1180
vn -0.5897 0.3796 0.7128
vn -0.0700 0.7759 0.6269
vn 0.0054 0.9716 -0.2364
vn 0.6961 -0.6259 0.3517
vn 0.4396 -0.8384 0.3222
vn -0.3751 -0.5559 0.7419
vn 0.3553 0.7816 0.5127
vn -0.1545 0.9397 0.3050
vn 0.6133 0.6619 0.4310
vn -0.4385 0.1385 -0.8880
vn 0.4514 -0.8642 -0.2223
vn 0.1786 0.9807 -0.0791
vn -0.1998 -0.9738 0.1084
vn -0.6649 -0.7305 0.1560
vn -0.1479 0.9388 -0.3111
vn -0.2548 0.9412 -0.2219
vn 0.3497 0.8860 -0.3046
vn 0.0622 -0.9148 0.3991
vn -0.7466 0.5396 -0.3891
vn 0.6399 0.7644 0.0792
vn -0.0386 0.8148 0.5785
vn -0.3096 0.8618 0.4017
vn 0.0490 0.8290 0.5572
vn -0.8602 0.5028 -0.0851
vn 0.7267 0.6540 -0.2102
vn -0.5921 0.6324 0.4995
vn 0.4888 -0.7997 -0.3486
vn 0.6218 0.7490 0.2289
vn -0.0496 -0.9778 0.2035
vn 0.4644 0.8005 -0.3789
vn -0.7586 -0.4094 0.5069
vn 0.1465 -0.9842 0.0994
vn 0.3204 0.3853 0.8654
vn 0.0936 0.7331 0.6737
vn -0.0774 0.3840 0.9201
vn 0.9688 -0.0199 -0.2470
vn -0.8001 0.5303 -0.2804
vn 0.2027 0.8976 -0.3913
vn 0.1598 -0.2138 0.9637
vn -0.0353 -0.6912 0.7218
vn -0.2656 -0.6630 0.6999
vn -0.0331 -0.7165 0.6968
vn -0.1477 -0.4926 0.8576
vn -0.0036 0.9238 0.3827
vn -0.1620 0.2033 0.9656
vn 0.6889 0.2624 0.6757
vn -0.6593 0.3289 0.6761
vn 0.7551 0.5541 0.3505
vn -0.1701 -0.9143 -0.3676
vn -0.9992 -0.0329 -0.0240
vn 0.0235 0.9298 -0.3674
vn 0.5953 -0.7090 0.3780
vn -0.0473 0.1719 0.9840
vn 0.1409 0.0516 0.9887
vn 0.1197 -0.3626 0.9242
vn -0.1428 -0.4941 0.8576
vn -0.0896 -0.1462 0.9852
vn -0.0833 -0.6033 0.7932
vn -0.6570 -0.2665 -0.7052
vn -0.2050 -0.7516 0.6269
vn -0.1598 -0.7704 0.6172
vn -0.8918 -0.2947 0.3433
vn -0.2935 0.2405 0.9252
vn -0.0005 0.3434 0.9392
vn 0.4481 0.6395 0.6248
vn 0.3172 0.9228 0.2188
vn -0.3872 0.8303 -0.4008
vn -0.6365 -0.2549 0.7280
vn 0.4659 0.1813 0.8661
vn -0.1138 -0.8339 0.5401
vn -0.7787 -0.1879 0.5986
vn -0.8175 0.0817 0.5702
vn 0.3844 -0.8159 -0.4318
vn 0.2757 -0.8546 -0.4401
vn 0.3424 0.8670 -0.3621
vn -0.1404 -0.2310 0.9628
vn -0.5429 -0.5963 0.5914
vn 0.5462 -0.2877 0.7867
vn -0.2239 0.1080 0.9686
vn 0.1680 0.5056 0.8463
vn 0.0344 0.2496 0.9677
vn 0.0606 -0.0056 0.9981
vn 0.3100 0.1145 0.9438
vn -0.2284 -0.8675 -0.4419
vn 0.0769 -0.9389 0.3355
vn 0.6530 0.0672 0.7544
vn -0.3433 0.8431 0.4140
vn -0.3681 0.8509 0.3747
vn 0.1219 0.8598 -0.4958
vn -0.4498 0.5342 0.7157
vn 0.9730 0.2303 -0.0132
vn 0.4953 0.6056 0.6229
vn 0.0351 -0.9810 0.1907
vn 0.9028 -0.4179 0.1019
vn 0.3561 0.8130 -0.4607
vn -0.1283 -0.8088 -0.5740
vn -0.7358 -0.5012 -0.4553
vn -0.2666 0.9473 0.1775
vn 0.3193 -0.9277 0.1936
vn -0.2482 0.7669 -0.5918
vn -0.1621 0.4781 0.8632
vn 0.7172 -0.6533 0.2426
vn 0.1467 0.8119 -0.5650
vn 0.8502 -0.3605 -0.3836
vn 0.4228 0.8668 0.2643
vn 0.1576 0.9715 0.1769
vn 0.1954 -0.9492 0.2467
vn 0.7699 0.1765 0.6132
vn -0.2877 0.8161 -0.5012
vn -0.0266 0.8452 -0.5338
vn -0.5528 -0.0660 0.8307
vn -0.4171 0.8026 0.4264
vn 0.5491 0.8147 0.1865
vn -0.0674 -0.8122 -0.5795
vn -0.1584 0.9220 0.3533
vn 0.1814 0.9751 0.1275
vn -0.6895 0.6817 0.2447
vn 0.5815 0.6684 -0.4638
vn -0.2634 0.9099 -0.3206
vn -0.7852 0.6037 0.1381
vn 0.3767 0.7184 -0.5848
vn 0.1839 0.7759 -0.6034
vn 0.7620 0.5884 0.2704
vn -0.3064 0.7637 -0.5683
vn -0.1792 -0.9586 0.2215
vn -0.0229 0.7491 -0.6620
vn -0.3141 -0.7278 -0.6096
vn 0.1429 -0.7293 -0.6691
vn -0.2228 0.8301 -0.5111
vn -0.4152 -0.6396 -0.6470
vn 0.0476 -0.6951 -0.7173
vn -0.1999 0.8328 0.5162
vn -0.7865 -0.4924 0.3729
vn 0.9992 0.0324 -0.0232
vn -0.4121 0.8907 -0.1919
vn 0.0052 -0.7747 -0.6324
vn 0.2244 -0.7086 -0.6689
vn -0.9932 0.0754 -0.0882
vn 0.2622 0.8329 0.4873
vn 0.2412 0.6947 -0.6776
vn -0.6809 0.7318 0.0298
vn 0.0989 0.6254 -0.7740
vn 0.0184 -0.9500 0.3118
vn -0.4210 -0.9019 0.0969
vn 0.3327 0.5478 -0.7676
vn 0.0214 0.6052 -0.7958
vn 0.6916 0.6703 0.2689
vn -0.9608 -0.1285 -0.2458
vn -0.3268 -0.4727 -0.8184
vn 0.9974 0.0692 0.0187
vn -0.2438 0.9259 0.2885
vn -0.4518 0.5158 -0.7279
vn -0.3516 0.7014 -0.6200
vn 0.3394 -0.5794 -0.7410
vn 0.1096 -0.9739 0.1988
vn 0.8810 -0.3677 0.2977
vn 0.0798 0.5256 -0.8470
vn 0.0031 0.5238 -0.8519
vn 0.7251 0.4171 -0.5480
vn 0.1860 0.7935 0.5795
vn -0.0557 0.9450 0.3224
vn 0.6977 0.3768 -0.6093
vn 0.3818 -0.6410 -0.6658
vn -0.4078 -0.5056 -0.7603
vn -0.9981 -0.0520 -0.0345
vn 0.4841 0.7346 0.4755
vn -0.2243 0.7764 0.5890
vn 0.4686 -0.4758 -0.7443
vn -0.6952 0.6663 0.2698
vn -0.4227 0.5698 -0.7047
vn 0.3185 -0.5113 -0.7982
vn 0.9108 0.3303 0.2476
vn -0.6507 0.6859 0.3259
vn 0.8610 0.5067 0.0445
vn -0.1888 -0.9630 0.1922
vn -0.1874 0.5587 -0.8079
vn -0.4820 -0.3538 -0.8015
vn 0.5091 0.8012 0.3145
vn -0.0841 -0.9964 0.0069
vn -0.3318 -0.9049 0.2665
vn 0.9326 -0.3080 0.1881
vn 0.4136 0.5398 -0.7332
vn -0.3809 0.3552 -0.8537
vn -0.2326 0.8768 -0.4208
vn 0.3162 0.6490 -0.6919
vn -0.2734 0.7806 -0.5621
vn 0.0358 0.6742 -0.7377
vn -0.6898 0.6838 -0.2380
vn -0.0288 -0.5787 -0.8151
vn 0.7809 -0.5529 -0.2907
vn 0.0543 -0.5658 -0.8228
vn -0.0228 0.9397 0.3411
vn 0.2791 0.9591 -0.0465
vn -0.8456 -0.2834 -0.4524
vn 0.8467 0.4060 0.3439
vn 0.1654 -0.9841 0.0652
vn 0.0567 -0.6996 -0.7123
vn -0.1815 0.2577 -0.9490
vn 0.7000 -0.2040 -0.6844
vn 0.5299 0.5586 -0.6381
vn -0.3931 -0.5331 -0.7492
vn 0.0800 0.3652 -0.9275
vn -0.7463 0.0552 -0.6633
vn -0.4009 0.4453 -0.8006
vn -0.1096 0.2624 -0.9587
vn 0.2417 0.2024 -0.9490
vn 0.8760 0.3872 -0.2877
vn -0.5770 0.6346 0.5142
vn -0.0771 -0.9969 0.0176
vn 0.5700 -0.7712 -0.2833
vn 0.7122 -0.5283 0.4622
vn -0.4006 0.1922 -0.8959
vn 0.7764 0.0963 -0.6228
vn 0.6290 0.0005 -0.7774
vn 0.3522 -0.3871 -0.8521
vn 0.0899 -0.4067 -0.9091
vn -0.8836 -0.4579 0.0980
vn -0.9956 -0.0651 0.0676
vn 0.9983 -0.0356 -0.0469
vn -0.8191 0.2331 -0.5242
vn 0.2889 -0.0877 -0.9533
vn -0.9168 0.3813 0.1191
vn 0.8031 0.4694 0.3670
vn 0.1874 0.2753 -0.9429
vn -0.4202 -0.2128 -0.8821
vn 0.4440 -0.2587 -0.8579
vn -0.8256 0.5120 0.2370
vn 0.0220 0.7421 0.6699
vn -0.8313 -0.3627 0.4211
vn -0.0736 0.4117 -0.9083
vn -0.9253 0.1146 -0.3615
vn -0.5123 -0.1588 -0.8440
vn 0.6980 -0.2957 -0.6523
vn 0.8910 0.4514 0.0484
vn 0.9046 -0.3272 0.2732
vn -0.1974 0.3419 -0.9188
vn 0.1056 -0.0060 -0.9944
vn 0.9617 -0.1870 -0.2004
vn 0.5818 0.6070 0.5413
vn 0.8266 0.1065 -0.5527
vn -0.1640 0.2573 -0.9523
vn 0.0213 0.1189 -0.9927
vn 0.9004 0.4345 -0.0214
vn -0.4979 0.4363 0.7495
vn 0.5270 0.3128 -0.7902
vn 0.5623 0.0852 -0.8225
vn -0.8731 -0.0324 -0.4865
vn -0.4932 -0.1903 -0.8489
vn 0.9204 -0.0714 -0.3844
vn 0.6263 0.6525 0.4265
vn 0.6949 0.1304 -0.7072
vn -0.0990 0.2775 -0.9556
vn 0.3596 0.0326 -0.9325
vn 0.9104 0.2575 0.3237
vn -0.7174 0.3878 0.5788
vn 0.8391 -0.4310 0.3320
vn -0.5986 0.0213 -0.8008
vn -0.3849 -0.1826 -0.9047
vn 0.0435 0.7360 0.6756
vn -0.0997 0.6429 0.7594
vn -0.8351 -0.4969 -0.2360
vn 0.7943 0.4336 0.4256
vn 0.1277 -0.1835 -0.9747
vn -0.3174 0.6878 0.6529
vn 0.8708 -0.2816 0.4030
vn -0.9914 -0.1111 0.0685
vn -0.9026 0.2274 0.3656
vn -0.6999 0.5671 0.4342
vn 0.7691 -0.2133 0.6025
vn -0.8406 0.3993 0.3661
vn -0.5950 -0.5202 0.6126
vn -0.6095 -0.3809 0.6953
vn -0.1755 0.4459 0.8777
vn -0.6067 0.4897 0.6261
vn 0.8455 0.3045 0.4386
vn 0.8827 -0.4343 -0.1794
vn 0.6284 -0.4474 0.6364
vn 0.9958 -0.0266 0.0872
vn 0.4886 -0.7504 0.4452
vn -0.0753 0.3675 0.9270
vn -0.0437 0.9420 0.3328
vn -0.0840 0.1871 0.9787
vn 0.7004 0.3683 0.6114
vn -0.6999 -0.0101 0.7142
vn -0.3627 -0.5750 0.7334
vn -0.8987 -0.1934 0.3935
vn -0.8243 0.0014 0.5662
vn -0.9675 0.1037 0.2306
vn -0.4835 0.0899 0.8707
vn 0.6384 -0.5053 0.5806
vn 0.2046 0.8022 0.5609
vn 0.6205 0.3746 0.6890
vn -0.0615 0.7197 0.6916
vn 0.9712 0.0355 0.2358
vn 0.9586 -0.0179 0.2841
vn -0.1653 0.4243 0.8903
vn -0.7979 0.3930 0.4570
vn 0.3260 -0.5416 0.7749
vn -0.0628 -0.5441 0.8367
vn 0.7733 0.2377 0.5878
vn 0.1807 0.3417 0.9223
vn -0.9603 0.2681 0.0773
vn -0.2985 -0.4548 0.8391
vn -0.5185 -0.5023 0.6919
vn 0.0351 0.7629 0.6456
vn -0.2429 -0.4321 0.8685
vn -0.1764 0.8572 0.4839
vn -0.0381 0.6142 0.7882
vn 0.6945 -0.4508 0.5608
vn 0.0059 -0.8099 0.5865
vn 0.7362 -0.1816 0.6519
vn 0.3363 0.6678 0.6640
vn 0.7759 0.4474 0.4447
vn -0.3690 -0.1504 0.9172
vn -0.7749 -0.0890 0.6258
vn -0.7567 0.1488 0.6366
vn 0.6770 0.0137 0.7359
vn 0.6288 0.0208 0.7773
vn -0.5366 0.5158 0.6679
vn -0.0456 -0.5994 0.7991
vn -0.4059 -0.3893 0.8268
vn 0.4205 -0.4093 0.8097
vn 0.6752 0.0270 0.7371
vn -0.4710 0.6074 0.6397
vn -0.0207 0.9900 -0.1392
vn 0.4713 0.5120 0.7181
vn -0.6319 0.6550 0.4143
vn 0.7034 0.4635 0.5389
vn -0.6289 0.0840 0.7729
vn 0.6323 -0.0174 0.7745
vn 0.6437 -0.1781 0.7442
vn -0.7515 -0.1389 0.6450
vn -0.2061 -0.3611 0.9095
vn -0.5411 0.1451 0.8284
vn 0.1081 -0.4267 0.8979
vn -0.4259 -0.0218 0.9045
vn 0.5224 -0.1753 0.8345
vn -0.3909 -0.0460 0.9193
vn 0.0619 0.4290 -0.9012
vn -0.4141 0.0179 0.9101
vn -0.4184 0.0266 0.9079
vn 0.2894 -0.3726 0.8817
vn -0.6099 0.1887 0.7697
vn 0.5618 0.5641 0.6051
vn -0.6607 -0.1479 0.7359
vn -0.1657 0.8326 -0.5285
vn -0.8075 0.0259 0.5893
vn 0.6811 0.0284 0.7316
vn -0.2536 0.0995 0.9622
vn -0.7161 -0.0033 0.6980
vn 0.2866 0.0596 0.9562
vn -0.1532 0.1367 0.9787
vn 0.2280 0.1921 0.9545
vn 0.5874 0.0826 0.8051
vn -0.0375 -0.1436 0.9889
vn 0.4607 0.0097 0.8875
vn -0.0773 -0.0220 0.9968
vn -0.3361 0.0172 0.9417
vn -0.0851 -0.1094 0.9903
vn 0.1064 0.0021 0.9943
vt 0.520904 0.384911
vt 0.527532 0.370905
vt 0.521717 0.374163
vt 0.405025 0.509515
vt 0.410860 0.499869
vt 0.411811 0.505479
vt 0.515899 0.403699
vt 0.495692 0.352620
vt 0.507923 0.376804
vt 0.517572 0.343865
vt 0.513400 0.389987
vt 0.523802 0.410568
vt 0.528775 0.406117
vt 0.521882 0.392484
vt 0.525339 0.386280
vt 0.421604 0.572590
vt 0.391822 0.549801
vt 0.419037 0.538906
vt 0.553699 0.373554
vt 0.503955 0.332863
vt 0.437260 0.501229
vt 0.438630 0.519008
vt 0.426986 0.501187
vt 0.363408 0.001430
vt 0.360328 0.007845
vt 0.360268 0.000498
vt 0.434618 0.543907
vt 0.429875 0.532592
vt 0.704321 0.212473
vt 0.705375 0.199866
vt 0.708576 0.198068
vt 0.091955 0.934157
vt 0.093353 0.912709
vt 0.093966 0.931037
vt 0.092786 0.905277
vt 0.118127 0.998075
vt 0.119303 0.998843
vt 0.118127 0.999267
vt 0.544943 0.415407
vt 0.539204 0.408800
vt 0.547336 0.409571
vt 0.702657 0.203545
vt 0.535307 0.410462
vt 0.561174 0.397793
vt 0.630017 0.149669
vt 0.625159 0.140396
vt 0.647446 0.131012
vt 0.355615 0.457757
vt 0.354792 0.449078
vt 0.358590 0.453965
vt 0.383913 0.476759
vt 0.383244 0.484869
vt 0.379837 0.455757
vt 0.383235 0.453274
vt 0.490970 0.368988
vt 0.489197 0.358580
vt 0.491651 0.358923
vt 0.408590 0.574698
vt 0.586889 0.163827
vt 0.511898 0.318397
vt 0.456922 0.576107
vt 0.925336 0.897215
vt 0.928602 0.883706
vt 0.929387 0.901432
vt 0.577206 0.180629
vt 0.591183 0.169901
vt 0.594859 0.164606
vt 0.552969 0.345708
vt 0.528801 0.313222
vt 0.453635 0.535043
vt 0.430313 0.539090
vt 0.453418 0.542040
vt 0.554530 0.377226
vt 0.565863 0.399959
vt 0.591729 0.143969
vt 0.632775 0.122564
vt 0.651826 0.123201
vt 0.358250 0.462368
vt 0.563557 0.378433
vt 0.497272 0.322814
vt 0.490589 0.317502
vt 0.451414 0.502787
vt 0.439066 0.582631
vt 0.420320 0.583178
vt 0.427147 0.575776
vt 0.487579 0.316401
vt 0.490012 0.306469
vt 0.579987 0.407234
vt 0.616444 0.123305
vt 0.697804 0.988606
vt 0.696183 0.986251
vt 0.697804 0.985213
vt 0.004393 0.925526
vt 0.008150 0.919348
vt 0.007372 0.934499
vt 0.902931 0.903981
vt 0.594856 0.127537
vt 0.929494 0.923880
vt 0.848897 0.899626
vt 0.843040 0.886960
vt 0.858174 0.886958
vt 0.369909 0.443265
vt 0.374229 0.457045
vt 0.373292 0.464123
vt 0.559063 0.333015
vt 0.510496 0.310035
vt 0.520107 0.312059
vt 0.576058 0.390031
vt 0.367291 0.458054
vt 0.363257 0.444969
vt 0.849451 0.873136
vt 0.359561 0.440193
vt 0.353146 0.417279
vt 0.625884 0.109381
vt 0.636357 0.102345
vt 0.776292 0.145425
vt 0.781172 0.133656
vt 0.792437 0.147817
vt 0.513830 0.292724
vt 0.993626 0.905230
vt 0.994957 0.903867
vt 0.995369 0.904837
vt 0.918467 0.060061
vt 0.918617 0.054145
vt 0.919937 0.058095
vt 0.868434 0.896869
vt 0.993627 0.400270
vt 0.995603 0.400270
vt 0.994212 0.401173
vt 0.584669 0.141672
vt 0.374433 0.422612
vt 0.372982 0.403700
vt 0.361297 0.407485
vt 0.358209 0.414674
vt 0.642048 0.108742
vt 0.982714 0.558239
vt 0.986039 0.555969
vt 0.984669 0.558204
vt 0.986748 0.113325
vt 0.983665 0.112997
vt 0.986139 0.112686
vt 0.216739 0.998833
vt 0.217298 0.998075
vt 0.217298 0.999277
vt 0.361993 0.994995
vt 0.362690 0.995726
vt 0.361623 0.996188
vt 0.812818 0.999050
vt 0.811916 0.998742
vt 0.812818 0.998075
vt 0.916865 0.061880
vt 0.914233 0.060277
vt 0.869332 0.891607
vt 0.866165 0.885626
vt 0.870442 0.886381
vt 0.860413 0.890951
vt 0.673819 0.982899
vt 0.675892 0.980546
vt 0.676242 0.983434
vt 0.861724 0.888440
vt 0.364222 0.870968
vt 0.363486 0.869811
vt 0.367641 0.866710
vt 0.560764 0.184415
vt 0.570362 0.171839
vt 0.823785 0.343651
vt 0.826790 0.343881
vt 0.825579 0.351317
vt 0.827029 0.351545
vt 0.826649 0.345926
vt 0.983945 0.972571
vt 0.984641 0.971495
vt 0.986565 0.972653
vt 0.845663 0.141384
vt 0.841417 0.130129
vt 0.848887 0.126530
vt 0.804615 0.122154
vt 0.805001 0.135319
vt 0.470620 0.504048
vt 0.487401 0.498696
vt 0.479464 0.540121
vt 0.987374 0.111712
vt 0.430836 0.251469
vt 0.434771 0.254747
vt 0.429484 0.254030
vt 0.430597 0.250650
vt 0.431857 0.249985
vt 0.364338 0.879618
vt 0.364009 0.874229
vt 0.365123 0.872511
vt 0.839930 0.210253
vt 0.839460 0.209286
vt 0.841056 0.208754
vt 0.821290 0.346739
vt 0.674496 0.979208
vt 0.675619 0.979964
vt 0.912926 0.025333
vt 0.920401 0.032640
vt 0.919582 0.013697
vt 0.993353 0.719877
vt 0.991063 0.719877
vt 0.992390 0.719011
vt 0.558308 0.313907
vt 0.521209 0.286756
vt 0.003907 0.954988
vt 0.452274 0.491813
vt 0.455366 0.474438
vt 0.462506 0.496943
vt 0.871678 0.906618
vt 0.864752 0.916554
vt 0.841444 0.914498
vt 0.845047 0.904001
vt 0.837795 0.175728
vt 0.846526 0.165468
vt 0.840254 0.185252
vt 0.367890 0.394900
vt 0.174619 0.646911
vt 0.170256 0.638656
vt 0.173686 0.629293
vt 0.443241 0.251799
vt 0.434048 0.249434
vt 0.469101 0.044483
vt 0.471048 0.035612
vt 0.471026 0.047896
vt 0.354008 0.010775
vt 0.349765 0.013555
vt 0.353890 0.009975
vt 0.839288 0.204385
vt 0.847344 0.210480
vt 0.848870 0.188661
vt 0.909697 0.049261
vt 0.837554 0.156715
vt 0.834678 0.161785
vt 0.177679 0.643636
vt 0.482005 0.534388
vt 0.456949 0.473334
vt 0.470098 0.471542
vt 0.445464 0.257270
vt 0.599202 0.418118
vt 0.475451 0.040485
vt 0.351625 0.006729
vt 0.283958 0.587013
vt 0.287105 0.577413
vt 0.290832 0.592148
vt 0.525464 0.288863
vt 0.640937 0.079091
vt 0.488900 0.503312
vt 0.847880 0.920708
vt 0.842566 0.922282
vt 0.871509 0.902629
vt 0.843981 0.218416
vt 0.844139 0.212109
vt 0.743447 0.034010
vt 0.741255 0.039286
vt 0.738570 0.037590
vt 0.737581 0.032022
vt 0.850482 0.148385
vt 0.913245 0.003883
vt 0.356071 0.392847
vt 0.539062 0.306363
vt 0.594493 0.423604
vt 0.039532 0.989011
vt 0.038146 0.988009
vt 0.039297 0.985652
vt 0.856542 0.203314
vt 0.573908 0.643060
vt 0.584515 0.618866
vt 0.607683 0.616559
vt 0.547512 0.644075
vt 0.569841 0.633976
vt 0.292879 0.579713
vt 0.290906 0.592404
vt 0.353422 0.398423
vt 0.974121 0.297794
vt 0.976552 0.296388
vt 0.980252 0.298303
vt 0.631937 0.090840
vt 0.863405 0.929646
vt 0.445816 0.262385
vt 0.442504 0.265529
vt 0.851276 0.225416
vt 0.851100 0.212144
vt 0.400259 0.601956
vt 0.402226 0.605759
vt 0.396235 0.605804
vt 0.856709 0.192193
vt 0.905555 0.034306
vt 0.903512 0.016699
vt 0.904066 0.006667
vt 0.173967 0.617291
vt 0.175953 0.621498
vt 0.787675 0.112292
vt 0.486376 0.543998
vt 0.490444 0.570988
vt 0.985902 0.732483
vt 0.984721 0.733143
vt 0.982714 0.731845
vt 0.795653 0.157528
vt 0.801194 0.149557
vt 0.804528 0.158029
vt 0.429150 0.266852
vt 0.430917 0.263658
vt 0.435696 0.267758
vt 0.398090 0.612470
vt 0.599021 0.325936
vt 0.595174 0.314602
vt 0.629914 0.290337
vt 0.609587 0.834368
vt 0.601548 0.827519
vt 0.598625 0.818070
vt 0.290248 0.576106
vt 0.588868 0.120476
vt 0.551159 0.290840
vt 0.610911 0.091680
vt 0.523666 0.268090
vt 0.465233 0.581726
vt 0.872373 0.915160
vt 0.874842 0.914642
vt 0.873101 0.916515
vt 0.868819 0.918717
vt 0.798289 0.161954
vt 0.806299 0.167253
vt 0.587364 0.338856
vt 0.574053 0.341684
vt 0.945609 0.085990
vt 0.950007 0.088139
vt 0.945884 0.096339
vt 0.977581 0.579488
vt 0.975048 0.575973
vt 0.979554 0.576060
vt 0.612861 0.292001
vt 0.641030 0.266677
vt 0.852251 0.164574
vt 0.850058 0.169493
vt 0.855397 0.148599
vt 0.204960 0.578700
vt 0.200854 0.586939
vt 0.202184 0.574608
vt 0.546427 0.994156
vt 0.546427 0.992037
vt 0.547371 0.993443
vt 0.496364 0.275462
vt 0.498555 0.276916
vt 0.872036 0.918519
vt 0.514225 0.991700
vt 0.513983 0.990564
vt 0.515010 0.990141
vt 0.797595 0.160399
vt 0.796944 0.162851
vt 0.998856 0.963632
vt 0.997840 0.964244
vt 0.997606 0.963632
vt 0.801982 0.172508
vt 0.713565 0.455974
vt 0.709993 0.444433
vt 0.713001 0.441065
vt 0.976014 0.164115
vt 0.979010 0.161486
vt 0.979476 0.163418
vt 0.444677 0.270433
vt 0.615746 0.601307
vt 0.615318 0.587325
vt 0.950421 0.100191
vt 0.230393 0.745732
vt 0.217602 0.749011
vt 0.225395 0.736616
vt 0.632995 0.265285
vt 0.354306 0.772107
vt 0.354943 0.765576
vt 0.355159 0.777457
vt 0.861313 0.166898
vt 0.862572 0.154735
vt 0.199374 0.576434
vt 0.592180 0.098151
vt 0.618263 0.097552
vt 0.634688 0.076828
vt 0.871038 0.919723
vt 0.869303 0.926079
vt 0.656841 0.987949
vt 0.655761 0.985213
vt 0.656490 0.985525
vt 0.798286 0.166194
vt 0.798253 0.164980
vt 0.870343 0.919493
vt 0.551275 0.993580
vt 0.552352 0.992765
vt 0.552100 0.994034
vt 0.658439 0.985365
vt 0.551079 0.992037
vt 0.795295 0.161516
vt 0.794514 0.159918
vt 0.326021 0.115515
vt 0.332048 0.130512
vt 0.325535 0.111977
vt 0.798035 0.410855
vt 0.810288 0.390656
vt 0.815528 0.397908
vt 0.615978 0.834836
vt 0.617694 0.830931
vt 0.605407 0.089147
vt 0.540254 0.287127
vt 0.811164 0.110727
vt 0.498216 0.473358
vt 0.478744 0.985213
vt 0.478522 0.986461
vt 0.477615 0.987842
vt 0.797514 0.165075
vt 0.856429 0.233234
vt 0.860421 0.234919
vt 0.862416 0.238044
vt 0.569148 0.330866
vt 0.335101 0.113715
vt 0.339947 0.130652
vt 0.403455 0.758539
vt 0.415189 0.746928
vt 0.411230 0.756056
vt 0.730583 0.537831
vt 0.720028 0.549472
vt 0.719343 0.535856
vt 0.317879 0.133637
vt 0.600963 0.304224
vt 0.725362 0.531634
vt 0.319633 0.156236
vt 0.611717 0.817907
vt 0.725713 0.518122
vt 0.562395 0.320195
vt 0.006675 0.956736
vt 0.867289 0.928016
vt 0.709561 0.454846
vt 0.260197 0.747662
vt 0.261905 0.752319
vt 0.249998 0.748994
vt 0.794829 0.498258
vt 0.783816 0.492863
vt 0.796993 0.496812
vt 0.807918 0.421818
vt 0.819380 0.410991
vt 0.241124 0.728576
vt 0.239288 0.739456
vt 0.232649 0.731943
vt 0.334527 0.150575
vt 0.716685 0.520207
vt 0.326912 0.163611
vt 0.487087 0.497398
vt 0.794254 0.423193
vt 0.348659 0.107663
vt 0.823042 0.410791
vt 0.824113 0.393689
vt 0.828513 0.406380
vt 0.568581 0.748191
vt 0.568153 0.736557
vt 0.570621 0.746155
vt 0.417118 0.745763
vt 0.427222 0.731285
vt 0.433270 0.736129
vt 0.441201 0.721537
vt 0.427240 0.748060
vt 0.620702 0.276507
vt 0.491786 0.533463
vt 0.215786 0.773700
vt 0.227447 0.777080
vt 0.826994 0.421788
vt 0.235697 0.761172
vt 0.336750 0.150561
vt 0.334450 0.175758
vt 0.556092 0.625200
vt 0.728841 0.487236
vt 0.734052 0.510257
vt 0.394372 0.986018
vt 0.395404 0.985855
vt 0.394910 0.988149
vt 0.711790 0.537185
vt 0.597986 0.794535
vt 0.387752 0.276487
vt 0.384396 0.251243
vt 0.388836 0.255968
vt 0.723216 0.494811
vt 0.595609 0.809973
vt 0.549013 0.633335
vt 0.797953 0.803120
vt 0.797952 0.790696
vt 0.801287 0.799374
vt 0.535912 0.276910
vt 0.531708 0.272098
vt 0.494631 0.501898
vt 0.490345 0.538673
vt 0.245494 0.782264
vt 0.822735 0.426067
vt 0.709928 0.543783
vt 0.424911 0.757107
vt 0.603287 0.793621
vt 0.448935 0.729769
vt 0.117442 0.164275
vt 0.122427 0.170993
vt 0.123021 0.176954
vt 0.441034 0.712545
vt 0.449131 0.711726
vt 0.434149 0.719608
vt 0.494747 0.535846
vt 0.372155 0.326638
vt 0.370633 0.326591
vt 0.373694 0.322869
vt 0.772735 0.486106
vt 0.780492 0.482691
vt 0.588103 0.097745
vt 0.502811 0.504866
vt 0.499143 0.580894
vt 0.815064 0.437084
vt 0.985621 0.120193
vt 0.983386 0.120241
vt 0.983554 0.117579
vt 0.709329 0.566085
vt 0.782965 0.486830
vt 0.562783 0.303567
vt 0.554351 0.280588
vt 0.506966 0.542574
vt 0.704769 0.533823
vt 0.441239 0.743258
vt 0.335005 0.191736
vt 0.644937 0.242235
vt 0.593363 0.082235
vt 0.236043 0.779258
vt 0.300163 0.003565
vt 0.306731 0.005179
vt 0.297008 0.014267
vt 0.774142 0.482353
vt 0.708493 0.491888
vt 0.325657 0.188524
vt 0.511858 0.497603
vt 0.791014 0.448087
vt 0.262455 0.766976
vt 0.145864 0.195335
vt 0.148177 0.193623
vt 0.148707 0.196811
vt 0.708362 0.511080
vt 0.719399 0.475960
vt 0.616153 0.080975
vt 0.629790 0.070044
vt 0.789754 0.347899
vt 0.792755 0.338540
vt 0.792937 0.349591
vt 0.227457 0.782920
vt 0.694892 0.568024
vt 0.493075 0.605012
vt 0.486150 0.603602
vt 0.489776 0.587605
vt 0.703538 0.528693
vt 0.455759 0.732908
vt 0.507231 0.500301
vt 0.262081 0.780030
vt 0.824387 0.444745
vt 0.689744 0.575831
vt 0.307632 0.010773
vt 0.704690 0.545571
vt 0.252734 0.343308
vt 0.254783 0.346414
vt 0.249353 0.344005
vt 0.147518 0.190706
vt 0.487828 0.611068
vt 0.777576 0.477543
vt 0.545732 0.628035
vt 0.624417 0.261926
vt 0.626827 0.234633
vt 0.455314 0.715124
vt 0.532286 0.634596
vt 0.343972 0.520350
vt 0.345149 0.519543
vt 0.344985 0.529077
vt 0.805424 0.565134
vt 0.809732 0.568851
vt 0.804116 0.571681
vt 0.484202 0.608487
vt 0.145514 0.189360
vt 0.444237 0.748396
vt 0.451640 0.743847
vt 0.509034 0.256548
vt 0.790195 0.081386
vt 0.696942 0.578861
vt 0.269838 0.751683
vt 0.272443 0.756847
vt 0.268733 0.755851
vt 0.932703 0.435504
vt 0.913807 0.432953
vt 0.930155 0.430647
vt 0.113615 0.136006
vt 0.118041 0.133261
vt 0.375915 0.228988
vt 0.618613 0.219028
vt 0.620757 0.230978
vt 0.619851 0.236207
vt 0.621036 0.212797
vt 0.266131 0.764729
vt 0.270523 0.777946
vt 0.304385 0.015786
vt 0.305484 0.025315
vt 0.253865 0.339474
vt 0.251247 0.334294
vt 0.494791 0.612929
vt 0.713044 0.474461
vt 0.540773 0.628520
vt 0.534322 0.648160
vt 0.521175 0.646865
vt 0.596087 0.066208
vt 0.609496 0.083707
vt 0.946237 0.983688
vt 0.946023 0.979690
vt 0.947240 0.979017
vt 0.624311 0.053199
vt 0.515854 0.517732
vt 0.520966 0.510469
vt 0.818680 0.456025
vt 0.693713 0.553384
vt 0.265276 0.335916
vt 0.259365 0.330041
vt 0.930714 0.441447
vt 0.274244 0.750923
vt 0.986410 0.729707
vt 0.983366 0.730141
vt 0.984542 0.728109
vt 0.779565 0.458617
vt 0.783963 0.471242
vt 0.778098 0.473083
vt 0.377672 0.233697
vt 0.476934 0.724695
vt 0.476565 0.708260
vt 0.570452 0.282529
vt 0.618476 0.076428
vt 0.216559 0.782751
vt 0.217681 0.804993
vt 0.691747 0.544459
vt 0.929692 0.452427
vt 0.927335 0.445111
vt 0.251879 0.327794
vt 0.912045 0.437062
vt 0.622539 0.784286
vt 0.630366 0.783704
vt 0.631292 0.786772
vt 0.569389 0.291938
vt 0.507118 0.256622
vt 0.015201 0.899348
vt 0.013050 0.895738
vt 0.013124 0.877599
vt 0.473633 0.742807
vt 0.476935 0.733621
vt 0.232961 0.798516
vt 0.263075 0.795854
vt 0.276483 0.798821
vt 0.278378 0.810790
vt 0.275285 0.806302
vt 0.704915 0.478693
vt 0.601078 0.773730
vt 0.337399 0.208308
vt 0.621313 0.057721
vt 0.626802 0.047232
vt 0.327544 0.994195
vt 0.326521 0.992792
vt 0.327544 0.992037
vt 0.227753 0.801792
vt 0.120716 0.720722
vt 0.118772 0.722176
vt 0.119313 0.719127
vt 0.686635 0.572149
vt 0.751541 0.890573
vt 0.747805 0.882994
vt 0.752545 0.868464
vt 0.708854 0.983894
vt 0.708818 0.980675
vt 0.710748 0.980960
vt 0.171748 0.238186
vt 0.170190 0.223012
vt 0.176964 0.227174
vt 0.806712 0.553764
vt 0.699039 0.479322
vt 0.590774 0.793780
vt 0.590653 0.769364
vt 0.717728 0.464326
vt 0.519571 0.573599
vt 0.665303 0.296523
vt 0.669227 0.297335
vt 0.656333 0.310401
vt 0.242959 0.804462
vt 0.119918 0.724819
vt 0.237562 0.792664
vt 0.269619 0.792661
vt 0.919483 0.441896
vt 0.632885 0.229984
vt 0.641288 0.223110
vt 0.582417 0.078141
vt 0.616940 0.936166
vt 0.621310 0.945062
vt 0.610789 0.940743
vt 0.542891 0.259089
vt 0.531740 0.536601
vt 0.521683 0.485985
vt 0.624574 0.774762
vt 0.626882 0.774911
vt 0.621317 0.938686
vt 0.798473 0.556970
vt 0.350070 0.215635
vt 0.531605 0.847980
vt 0.536118 0.844343
vt 0.536012 0.858355
vt 0.563349 0.695350
vt 0.558718 0.692201
vt 0.575042 0.676346
vt 0.292737 0.078003
vt 0.290185 0.061147
vt 0.294053 0.070532
vt 0.519054 0.627554
vt 0.572218 0.670328
vt 0.563201 0.678555
vt 0.923939 0.731712
vt 0.923427 0.722311
vt 0.931025 0.721780
vt 0.183121 0.202872
vt 0.704672 0.459558
vt 0.502778 0.632834
vt 0.552981 0.278106
vt 0.796983 0.065859
vt 0.793786 0.470035
vt 0.118733 0.730557
vt 0.708750 0.076593
vt 0.726580 0.087775
vt 0.705970 0.081542
vt 0.746142 0.902493
vt 0.255185 0.321501
vt 0.282146 0.074940
vt 0.283459 0.067919
vt 0.546343 0.248003
vt 0.533173 0.477431
vt 0.579510 0.259919
vt 0.526092 0.503098
vt 0.552912 0.686779
vt 0.706788 0.094543
vt 0.701575 0.085865
vt 0.909211 0.448439
vt 0.764537 0.211261
vt 0.764476 0.217351
vt 0.760508 0.214778
vt 0.210552 0.981079
vt 0.211697 0.978791
vt 0.213539 0.980671
vt 0.930695 0.459297
vt 0.932979 0.461799
vt 0.921385 0.459636
vt 0.279348 0.070072
vt 0.171506 0.201368
vt 0.792801 0.546857
vt 0.688763 0.461746
vt 0.584214 0.269576
vt 0.529833 0.542375
vt 0.624586 0.953137
vt 0.614354 0.954725
vt 0.674582 0.781595
vt 0.675326 0.774908
vt 0.678114 0.780702
vt 0.922619 0.711551
vt 0.919817 0.719250
vt 0.918096 0.710887
vt 0.698729 0.462246
vt 0.596043 0.755252
vt 0.811881 0.075736
vt 0.268169 0.808620
vt 0.909210 0.443333
vt 0.282051 0.057778
vt 0.581062 0.053720
vt 0.467151 0.267530
vt 0.465453 0.260165
vt 0.467402 0.262689
vt 0.749500 0.910949
vt 0.799490 0.176077
vt 0.799741 0.187089
vt 0.793773 0.185592
vt 0.605032 0.758297
vt 0.655898 0.297794
vt 0.646561 0.320543
vt 0.827434 0.470195
vt 0.895594 0.437273
vt 0.896485 0.433643
vt 0.779536 0.440399
vt 0.777611 0.453782
vt 0.807689 0.540291
vt 0.628812 0.210872
vt 0.601187 0.046252
vt 0.785538 0.062567
vt 0.219456 0.816874
vt 0.724091 0.096672
vt 0.674728 0.358367
vt 0.665150 0.360944
vt 0.667029 0.357490
vt 0.285011 0.061428
vt 0.497042 0.729452
vt 0.347507 0.219359
vt 0.499997 0.642574
vt 0.533186 0.515708
vt 0.505296 0.714077
vt 0.508507 0.724468
vt 0.507024 0.719668
vt 0.511325 0.715689
vt 0.926246 0.708425
vt 0.748753 0.557783
vt 0.757673 0.555016
vt 0.754291 0.567691
vt 0.564655 0.249705
vt 0.565514 0.244954
vt 0.530839 0.863823
vt 0.534051 0.870326
vt 0.536310 0.577545
vt 0.663130 0.305500
vt 0.657185 0.334224
vt 0.821136 0.476862
vt 0.685034 0.367493
vt 0.669766 0.368990
vt 0.680902 0.353611
vt 0.993394 0.561701
vt 0.992213 0.562429
vt 0.991063 0.561701
vt 0.617936 0.966281
vt 0.761312 0.207912
vt 0.459216 0.998075
vt 0.459216 0.999191
vt 0.458281 0.998831
vt 0.916276 0.699469
vt 0.122568 0.109615
vt 0.384886 0.329869
vt 0.383603 0.319520
vt 0.387004 0.313466
vt 0.239781 0.815335
vt 0.611054 0.960027
vt 0.514127 0.725514
vt 0.517250 0.719838
vt 0.494697 0.739760
vt 0.790496 0.177133
vt 0.780481 0.185237
vt 0.606286 0.037859
vt 0.746950 0.913553
vt 0.685199 0.796674
vt 0.690585 0.793084
vt 0.787970 0.533435
vt 0.011466 0.984382
vt 0.012319 0.978705
vt 0.013382 0.983712
vt 0.729514 0.557592
vt 0.732946 0.558222
vt 0.730882 0.572356
vt 0.574929 0.255709
vt 0.548578 0.515290
vt 0.976235 0.633797
vt 0.979232 0.636074
vt 0.974836 0.637314
vt 0.885664 0.564248
vt 0.884643 0.575432
vt 0.882914 0.566582
vt 0.786103 0.441180
vt 0.786123 0.446433
vt 0.780122 0.284128
vt 0.775930 0.278720
vt 0.780836 0.278502
vt 0.278428 0.052486
vt 0.282357 0.052049
vt 0.156613 0.610525
vt 0.149800 0.611620
vt 0.154340 0.602720
vt 0.539336 0.486526
vt 0.690099 0.363412
vt 0.898663 0.466194
vt 0.900343 0.451887
vt 0.630085 0.221752
vt 0.630810 0.218051
vt 0.797632 0.485779
vt 0.421142 0.218603
vt 0.417163 0.208567
vt 0.421300 0.210708
vt 0.164820 0.342579
vt 0.159902 0.347592
vt 0.164425 0.338332
vt 0.623189 0.964265
vt 0.686536 0.787193
vt 0.689741 0.790347
vt 0.628094 0.949250
vt 0.636120 0.952691
vt 0.630186 0.959844
vt 0.926015 0.703726
vt 0.491891 0.744547
vt 0.725788 0.081346
vt 0.735410 0.099167
vt 0.715342 0.100412
vt 0.980602 0.705618
vt 0.975527 0.708481
vt 0.977101 0.706101
vt 0.629180 0.959967
vt 0.695088 0.448460
vt 0.694815 0.428520
vt 0.699944 0.446215
vt 0.582304 0.599358
vt 0.579166 0.595200
vt 0.583579 0.594456
vt 0.805947 0.182892
vt 0.803031 0.198337
vt 0.244675 0.819782
vt 0.612308 0.972075
vt 0.156638 0.340423
vt 0.505857 0.727055
vt 0.508452 0.729630
vt 0.788504 0.436752
vt 0.930236 0.694823
vt 0.689597 0.458524
vt 0.738778 0.557460
vt 0.738820 0.579693
vt 0.735554 0.570850
vt 0.606850 0.740212
vt 0.613201 0.743505
vt 0.565649 0.049437
vt 0.586217 0.047807
vt 0.235705 0.831353
vt 0.908555 0.467701
vt 0.521085 0.622531
vt 0.519489 0.620648
vt 0.521292 0.617942
vt 0.173771 0.186180
vt 0.779027 0.429357
vt 0.794517 0.515272
vt 0.810060 0.528539
vt 0.498495 0.621439
vt 0.614124 0.035110
vt 0.536411 0.480535
vt 0.689838 0.355429
vt 0.518230 0.617323
vt 0.884883 0.435780
vt 0.634275 0.962502
vt 0.288765 0.054258
vt 0.280896 0.054109
vt 0.290621 0.046462
vt 0.929655 0.698740
vt 0.917687 0.696268
vt 0.924274 0.691963
vt 0.125614 0.109209
vt 0.746310 0.572071
vt 0.482407 0.628816
vt 0.716825 0.105402
vt 0.676135 0.354464
vt 0.676298 0.350840
vt 0.295947 0.588655
vt 0.300192 0.584766
vt 0.300199 0.590378
vt 0.976263 0.341766
vt 0.980508 0.340293
vt 0.979472 0.345346
vt 0.279167 0.035754
vt 0.773099 0.433661
vt 0.804331 0.519649
vt 0.535712 0.514927
vt 0.270369 0.817411
vt 0.830073 0.486115
vt 0.303782 0.588520
vt 0.303228 0.582333
vt 0.699155 0.798939
vt 0.319206 0.945171
vt 0.319320 0.955297
vt 0.315082 0.946916
vt 0.787468 0.430253
vt 0.193252 0.183969
vt 0.703817 0.441994
vt 0.767652 0.430010
vt 0.535729 0.725314
vt 0.533153 0.724452
vt 0.534559 0.713971
vt 0.778753 0.041628
vt 0.822757 0.484249
vt 0.517798 0.737038
vt 0.287587 0.036039
vt 0.505422 0.741728
vt 0.487030 0.625359
vt 0.150844 0.633493
vt 0.153586 0.617590
vt 0.646499 0.339671
vt 0.528164 0.709180
vt 0.896833 0.456045
vt 0.460936 0.921368
vt 0.473713 0.910265
vt 0.471333 0.920538
vt 0.461728 0.913701
vt 0.851375 0.988367
vt 0.850630 0.985213
vt 0.851771 0.985695
vt 0.285856 0.034051
vt 0.292096 0.032258
vt 0.760219 0.562347
vt 0.760067 0.581788
vt 0.769419 0.561968
vt 0.185614 0.484150
vt 0.161926 0.498628
vt 0.153638 0.486075
vt 0.181545 0.480814
vt 0.231364 0.827516
vt 0.721295 0.110343
vt 0.457927 0.915274
vt 0.786753 0.524907
vt 0.287162 0.030014
vt 0.766031 0.415319
vt 0.510018 0.736846
vt 0.509084 0.738978
vt 0.796459 0.200699
vt 0.775346 0.202820
vt 0.576521 0.241241
vt 0.142500 0.594594
vt 0.135238 0.592561
vt 0.141882 0.662074
vt 0.126490 0.671379
vt 0.140457 0.656564
vt 0.557761 0.559714
vt 0.515640 0.700463
vt 0.961807 0.388288
vt 0.954135 0.392280
vt 0.956091 0.378428
vt 0.979046 0.198341
vt 0.981736 0.199397
vt 0.974371 0.200218
vt 0.976096 0.729377
vt 0.980762 0.730410
vt 0.980444 0.732861
vt 0.932864 0.688084
vt 0.997447 0.392682
vt 0.996375 0.393183
vt 0.996386 0.392417
vt 0.768682 0.571961
vt 0.765898 0.583958
vt 0.586233 0.036897
vt 0.138493 0.603631
vt 0.828124 0.489796
vt 0.700604 0.353263
vt 0.189169 0.169390
vt 0.506379 0.988132
vt 0.505616 0.988748
vt 0.505571 0.985902
vt 0.624940 0.198346
vt 0.775511 0.050509
vt 0.224790 0.102050
vt 0.227919 0.100610
vt 0.227869 0.106439
vt 0.228884 0.096096
vt 0.225085 0.096077
vt 0.907671 0.475366
vt 0.905236 0.476756
vt 0.446969 0.929259
vt 0.445025 0.918533
vt 0.452132 0.916946
vt 0.182905 0.579788
vt 0.187117 0.580397
vt 0.183987 0.585722
vt 0.939691 0.102817
vt 0.942501 0.100577
vt 0.943704 0.107693
vt 0.777576 0.568871
vt 0.780712 0.569704
vt 0.777447 0.584180
vt 0.135749 0.580123
vt 0.130602 0.584102
vt 0.131106 0.578079
vt 0.139088 0.609809
vt 0.898618 0.473705
vt 0.949821 0.106465
vt 0.280237 0.029409
vt 0.294571 0.020310
vt 0.502604 0.752623
vt 0.754873 0.582127
vt 0.128171 0.663772
vt 0.139481 0.612074
vt 0.991063 0.145315
vt 0.992258 0.145306
vt 0.993526 0.145315
vt 0.530692 0.691635
vt 0.264407 0.829650
vt 0.692111 0.804905
vt 0.262208 0.413843
vt 0.265921 0.412680
vt 0.264264 0.418844
vt 0.790499 0.418407
vt 0.176653 0.179890
vt 0.923434 0.685603
vt 0.783868 0.411681
vt 0.920623 0.690110
vt 0.977351 0.521859
vt 0.975125 0.520318
vt 0.981355 0.520201
vt 0.705756 0.810911
vt 0.311055 0.991828
vt 0.311055 0.989188
vt 0.311896 0.990553
vt 0.132302 0.657101
vt 0.126529 0.610670
vt 0.129509 0.647973
vt 0.931792 0.640088
vt 0.930208 0.633022
vt 0.932854 0.630530
vt 0.852631 0.519360
vt 0.845322 0.503063
vt 0.851711 0.512538
vt 0.647013 0.739737
vt 0.633782 0.733315
vt 0.645793 0.735533
vt 0.031758 0.979954
vt 0.029053 0.984311
vt 0.028767 0.980984
vt 0.372299 0.980104
vt 0.372178 0.984017
vt 0.371367 0.980579
vt 0.773119 0.402774
vt 0.985656 0.144973
vt 0.982714 0.145633
vt 0.984514 0.143964
vt 0.772720 0.602914
vt 0.741825 0.572400
vt 0.742264 0.586294
vt 0.492075 0.619342
vt 0.489971 0.620308
vt 0.603579 0.260718
vt 0.600170 0.264954
vt 0.590297 0.029076
vt 0.414167 0.184375
vt 0.781325 0.111334
vt 0.765470 0.094653
vt 0.777697 0.100028
vt 0.463143 0.906150
vt 0.705662 0.803241
vt 0.931786 0.685586
vt 0.802244 0.503016
vt 0.735810 0.591510
vt 0.746024 0.586985
vt 0.418355 0.188174
vt 0.259195 0.830582
vt 0.250087 0.834891
vt 0.438173 0.702217
vt 0.439560 0.708151
vt 0.435926 0.708133
vt 0.122560 0.860529
vt 0.125428 0.856643
vt 0.129572 0.863071
vt 0.859214 0.517221
vt 0.633518 0.736798
vt 0.457098 0.900371
vt 0.451855 0.910772
vt 0.176291 0.981830
vt 0.176884 0.984839
vt 0.175144 0.982612
vt 0.279949 0.024466
vt 0.507230 0.757379
vt 0.615650 0.732400
vt 0.618112 0.734102
vt 0.123566 0.570846
vt 0.106963 0.569592
vt 0.759816 0.103346
vt 0.742398 0.111050
vt 0.746217 0.099453
vt 0.433841 0.704533
vt 0.127194 0.865011
vt 0.528362 0.435300
vt 0.527469 0.450419
vt 0.525217 0.423494
vt 0.514048 0.437664
vt 0.519262 0.417299
vt 0.453001 0.909512
vt 0.909240 0.938801
vt 0.904482 0.953824
vt 0.903771 0.939940
vt 0.959568 0.658958
vt 0.962239 0.653269
vt 0.967169 0.652495
vt 0.559246 0.040181
vt 0.736885 0.123113
vt 0.785591 0.112432
vt 0.476136 0.902456
vt 0.762938 0.083215
vt 0.129026 0.401155
vt 0.147714 0.405972
vt 0.140121 0.409154
vt 0.948635 0.118151
vt 0.223644 0.942388
vt 0.230719 0.937149
vt 0.235613 0.941290
vt 0.786832 0.360772
vt 0.788204 0.358373
vt 0.788125 0.374807
vt 0.146458 0.496267
vt 0.885951 0.479012
vt 0.857458 0.497851
vt 0.006027 0.619371
vt 0.002254 0.624573
vt 0.001350 0.619219
vt 0.525581 0.207458
vt 0.516608 0.206810
vt 0.524786 0.199118
vt 0.262439 0.408284
vt 0.266276 0.402069
vt 0.267164 0.409573
vt 0.824304 0.096801
vt 0.837717 0.084134
vt 0.828876 0.098272
vt 0.452757 0.906745
vt 0.449136 0.904255
vt 0.453059 0.903826
vt 0.454840 0.854781
vt 0.454240 0.863328
vt 0.452721 0.859104
vt 0.706719 0.414864
vt 0.122194 0.589333
vt 0.126542 0.630983
vt 0.930616 0.612319
vt 0.823588 0.791872
vt 0.810982 0.787856
vt 0.815928 0.780602
vt 0.367961 0.830056
vt 0.361818 0.831786
vt 0.369721 0.827936
vt 0.119641 0.391830
vt 0.131661 0.395127
vt 0.633875 0.747861
vt 0.844517 0.487005
vt 0.729359 0.524162
vt 0.727819 0.520976
vt 0.729571 0.518915
vt 0.284042 0.268860
vt 0.286244 0.270038
vt 0.284605 0.276327
vt 0.198755 0.168843
vt 0.738692 0.590294
vt 0.795052 0.212366
vt 0.798955 0.210993
vt 0.122315 0.668836
vt 0.634568 0.322735
vt 0.615597 0.357590
vt 0.607796 0.338096
vt 0.498578 0.706884
vt 0.750323 0.075427
vt 0.160385 0.413961
vt 0.945003 0.687956
vt 0.938720 0.682548
vt 0.947855 0.682193
vt 0.457516 0.862232
vt 0.177738 0.854783
vt 0.174939 0.861110
vt 0.170500 0.854250
vt 0.916731 0.932394
vt 0.919402 0.942663
vt 0.975883 0.797361
vt 0.975813 0.796043
vt 0.980826 0.797439
vt 0.283386 0.009734
vt 0.701043 0.416736
vt 0.768515 0.202055
vt 0.774071 0.224312
vt 0.769010 0.219098
vt 0.567448 0.534083
vt 0.649768 0.353544
vt 0.683303 0.347099
vt 0.699649 0.322213
vt 0.690133 0.327516
vt 0.685373 0.339046
vt 0.960961 0.094847
vt 0.965861 0.080735
vt 0.965657 0.091311
vt 0.475433 0.888727
vt 0.856013 0.480227
vt 0.790222 0.414167
vt 0.792871 0.410344
vt 0.535672 0.600754
vt 0.541684 0.600724
vt 0.540006 0.616965
vt 0.797376 0.501676
vt 0.779372 0.595439
vt 0.776298 0.597606
vt 0.232293 0.897110
vt 0.223554 0.907838
vt 0.222704 0.899327
vt 0.514301 0.754036
vt 0.718169 0.602449
vt 0.720772 0.575620
vt 0.765917 0.106004
vt 0.769220 0.124359
vt 0.818753 0.086139
vt 0.828845 0.082033
vt 0.179279 0.875380
vt 0.171817 0.875423
vt 0.182226 0.868869
vt 0.180405 0.866829
vt 0.521834 0.199178
vt 0.713008 0.807251
vt 0.937781 0.053797
vt 0.933716 0.049864
vt 0.939998 0.039242
vt 0.838551 0.476569
vt 0.841303 0.460150
vt 0.720089 0.801578
vt 0.728070 0.806411
vt 0.962258 0.641362
vt 0.287732 0.006382
vt 0.515655 0.745209
vt 0.011025 0.585076
vt 0.011134 0.576271
vt 0.020670 0.575258
vt 0.754597 0.114900
vt 0.704910 0.334107
vt 0.958400 0.096219
vt 0.958163 0.084559
vt 0.475965 0.900786
vt 0.480927 0.891662
vt 0.466365 0.890927
vt 0.936900 0.073634
vt 0.924691 0.071173
vt 0.927014 0.058866
vt 0.448942 0.896463
vt 0.169416 0.152313
vt 0.188110 0.149716
vt 0.217176 0.920488
vt 0.593280 0.002153
vt 0.598408 0.004928
vt 0.592180 0.010577
vt 0.779995 0.603264
vt 0.797861 0.213457
vt 0.797742 0.214264
vt 0.733491 0.149167
vt 0.172305 0.880245
vt 0.175086 0.863383
vt 0.726447 0.812893
vt 0.778772 0.390613
vt 0.808767 0.491695
vt 0.614921 0.005777
vt 0.612281 0.013873
vt 0.608067 0.004544
vt 0.805906 0.496099
vt 0.546666 0.746745
vt 0.547165 0.754936
vt 0.545625 0.749932
vt 0.761261 0.618531
vt 0.798244 0.220156
vt 0.999128 0.045161
vt 0.999465 0.045081
vt 0.999818 0.045161
vt 0.601532 0.195129
vt 0.105115 0.587085
vt 0.962828 0.355637
vt 0.960763 0.362368
vt 0.954199 0.351705
vt 0.725768 0.134540
vt 0.889155 0.479919
vt 0.884430 0.484430
vt 0.541852 0.612198
vt 0.837566 0.071395
vt 0.156603 0.866592
vt 0.155161 0.857693
vt 0.793973 0.394714
vt 0.601490 0.014539
vt 0.551113 0.751196
vt 0.589459 0.242712
vt 0.593957 0.246100
vt 0.671687 0.859788
vt 0.691932 0.865474
vt 0.670470 0.863723
vt 0.686836 0.852966
vt 0.702171 0.852460
vt 0.007055 0.339897
vt 0.008029 0.348285
vt 0.004483 0.345437
vt 0.445843 0.904944
vt 0.441119 0.903252
vt 0.443102 0.890961
vt 0.959608 0.115620
vt 0.954752 0.127747
vt 0.846838 0.458630
vt 0.745337 0.055349
vt 0.844828 0.067003
vt 0.695147 0.115342
vt 0.696700 0.116949
vt 0.692355 0.120523
vt 0.765624 0.608480
vt 0.575532 0.024678
vt 0.602096 0.360049
vt 0.150945 0.501505
vt 0.138062 0.510150
vt 0.643698 0.365370
vt 0.746674 0.137349
vt 0.803316 0.774859
vt 0.212539 0.928114
vt 0.616282 0.015254
vt 0.613249 0.028939
vt 0.794688 0.705379
vt 0.792068 0.694164
vt 0.794574 0.692922
vt 0.152359 0.311429
vt 0.155267 0.308353
vt 0.153504 0.313984
vt 0.802916 0.212904
vt 0.810369 0.209768
vt 0.809386 0.231501
vt 0.807656 0.233602
vt 0.108826 0.675499
vt 0.707359 0.345058
vt 0.453795 0.893000
vt 0.934902 0.670319
vt 0.938817 0.669105
vt 0.960306 0.131298
vt 0.714425 0.825126
vt 0.720501 0.818244
vt 0.599526 0.021479
vt 0.592304 0.023620
vt 0.738511 0.062250
vt 0.972128 0.629613
vt 0.003752 0.144452
vt 0.005926 0.151741
vt 0.002704 0.152040
vt 0.675513 0.309394
vt 0.679505 0.300123
vt 0.680148 0.309622
vt 0.755204 0.115259
vt 0.359621 0.812290
vt 0.371753 0.814862
vt 0.980402 0.974761
vt 0.978169 0.977014
vt 0.974801 0.974532
vt 0.920594 0.063663
vt 0.456484 0.885379
vt 0.929358 0.049259
vt 0.917297 0.963109
vt 0.151025 0.874438
vt 0.218413 0.910721
vt 0.963438 0.635675
vt 0.953500 0.965073
vt 0.956459 0.959806
vt 0.957217 0.970138
vt 0.678753 0.311038
vt 0.802806 0.232924
vt 0.799547 0.232970
vt 0.801074 0.216349
vt 0.990687 0.461314
vt 0.988672 0.460806
vt 0.990009 0.460172
vt 0.986904 0.448807
vt 0.984000 0.448565
vt 0.986213 0.446231
vt 0.790981 0.702837
vt 0.675521 0.305025
vt 0.676780 0.297618
vt 0.473669 0.603586
vt 0.102304 0.657898
vt 0.122410 0.653734
vt 0.419116 0.171701
vt 0.915012 0.075887
vt 0.916869 0.070498
vt 0.465869 0.881447
vt 0.799573 0.748060
vt 0.372171 0.789875
vt 0.379969 0.797462
vt 0.904299 0.964127
vt 0.127038 0.237518
vt 0.122543 0.256088
vt 0.122363 0.243432
vt 0.165337 0.404579
vt 0.945892 0.939591
vt 0.943830 0.931001
vt 0.956397 0.925879
vt 0.147056 0.861738
vt 0.181990 0.421692
vt 0.170791 0.420923
vt 0.557766 0.517171
vt 0.555611 0.511749
vt 0.557570 0.504849
vt 0.980926 0.325852
vt 0.976810 0.324286
vt 0.979174 0.323480
vt 0.674850 0.307994
vt 0.675490 0.306553
vt 0.770133 0.237247
vt 0.742283 0.605026
vt 0.737765 0.609428
vt 0.550989 0.756531
vt 0.803488 0.231924
vt 0.613312 0.191605
vt 0.495269 0.691614
vt 0.722949 0.344517
vt 0.728522 0.322715
vt 0.728344 0.337259
vt 0.712172 0.327960
vt 0.019247 0.563957
vt 0.874268 0.493055
vt 0.824413 0.775148
vt 0.528112 0.458760
vt 0.514376 0.455034
vt 0.867891 0.482063
vt 0.462328 0.872687
vt 0.163688 0.892339
vt 0.952110 0.943214
vt 0.729752 0.815660
vt 0.736865 0.050123
vt 0.959791 0.626977
vt 0.962321 0.623360
vt 0.109109 0.611725
vt 0.108554 0.593389
vt 0.730698 0.341271
vt 0.734048 0.325301
vt 0.739169 0.322170
vt 0.712999 0.312400
vt 0.357635 0.832946
vt 0.354723 0.819280
vt 0.475865 0.881788
vt 0.708943 0.840998
vt 0.718022 0.842326
vt 0.416539 0.059054
vt 0.416274 0.047118
vt 0.418023 0.049240
vt 0.731695 0.824599
vt 0.762734 0.072055
vt 0.183405 0.414503
vt 0.196313 0.147208
vt 0.604755 0.846151
vt 0.598112 0.857673
vt 0.602157 0.840912
vt 0.596346 0.844353
vt 0.104529 0.634054
vt 0.737553 0.345616
vt 0.757387 0.134153
vt 0.009452 0.556399
vt 0.522799 0.457280
vt 0.004452 0.355352
vt 0.451271 0.883628
vt 0.206849 0.937606
vt 0.947956 0.662176
vt 0.156589 0.400160
vt 0.745493 0.820705
vt 0.745113 0.982357
vt 0.745755 0.979047
vt 0.746613 0.980251
vt 0.117094 0.423520
vt 0.115645 0.416689
vt 0.119338 0.421568
vt 0.832442 0.060688
vt 0.393966 0.325565
vt 0.395150 0.316960
vt 0.399516 0.330235
vt 0.797529 0.235004
vt 0.511478 0.690877
vt 0.822194 0.764432
vt 0.072624 0.703272
vt 0.071180 0.703933
vt 0.072493 0.699440
vt 0.069703 0.699616
vt 0.324324 0.239809
vt 0.324369 0.258719
vt 0.321605 0.248856
vt 0.174015 0.903387
vt 0.172088 0.895428
vt 0.211226 0.943883
vt 0.177547 0.406343
vt 0.521735 0.170903
vt 0.515503 0.179789
vt 0.517656 0.166845
vt 0.603317 0.019145
vt 0.949434 0.914610
vt 0.856362 0.445393
vt 0.144530 0.870319
vt 0.141074 0.861047
vt 0.842331 0.447236
vt 0.111830 0.519206
vt 0.743307 0.352797
vt 0.750556 0.329409
vt 0.727136 0.144957
vt 0.535240 0.464508
vt 0.532097 0.458165
vt 0.704882 0.860060
vt 0.180222 0.906582
vt 0.172076 0.911701
vt 0.866538 0.478209
vt 0.193289 0.902968
vt 0.191444 0.922995
vt 0.180562 0.896362
vt 0.132209 0.271089
vt 0.737759 0.833428
vt 0.119583 0.417049
vt 0.305218 0.224313
vt 0.305760 0.215048
vt 0.310394 0.222326
vt 0.844293 0.052607
vt 0.851071 0.060708
vt 0.404260 0.312452
vt 0.953272 0.953509
vt 0.997475 0.023035
vt 0.997136 0.024277
vt 0.996236 0.023583
vt 0.108406 0.594812
vt 0.659060 0.370296
vt 0.959637 0.939332
vt 0.143472 0.879710
vt 0.512624 0.177107
vt 0.513492 0.156191
vt 0.733582 0.818309
vt 0.263988 0.999256
vt 0.263207 0.999256
vt 0.263454 0.998075
vt 0.853747 0.449393
vt 0.846909 0.442396
vt 0.777556 0.625946
vt 0.776661 0.614316
vt 0.188304 0.422095
vt 0.946073 0.954420
vt 0.470683 0.609219
vt 0.137552 0.483702
vt 0.124671 0.473848
vt 0.690555 0.317585
vt 0.516691 0.996379
vt 0.517208 0.997072
vt 0.516691 0.997891
vt 0.956505 0.137365
vt 0.950815 0.130511
vt 0.089202 0.988599
vt 0.086492 0.988942
vt 0.088153 0.986006
vt 0.207785 0.915018
vt 0.988758 0.295947
vt 0.990746 0.295880
vt 0.988509 0.296956
vt 0.450351 0.623985
vt 0.448296 0.617262
vt 0.448518 0.616417
vt 0.450237 0.615370
vt 0.742301 0.616506
vt 0.742337 0.608418
vt 0.743282 0.625786
vt 0.399565 0.308117
vt 0.729623 0.616654
vt 0.100250 0.670672
vt 0.098670 0.617947
vt 0.725341 0.311230
vt 0.718824 0.327390
vt 0.993476 0.261552
vt 0.991063 0.261552
vt 0.991975 0.261116
vt 0.473203 0.876296
vt 0.714082 0.175335
vt 0.712329 0.165067
vt 0.717695 0.172543
vt 0.131676 0.966912
vt 0.131633 0.953589
vt 0.139876 0.965883
vt 0.922412 0.237891
vt 0.926002 0.233511
vt 0.926976 0.242835
vt 0.369734 0.779663
vt 0.379846 0.779949
vt 0.207120 0.925742
vt 0.947987 0.957939
vt 0.945983 0.962756
vt 0.947119 0.958259
vt 0.405159 0.330067
vt 0.446973 0.617158
vt 0.995681 0.002130
vt 0.995139 0.002808
vt 0.993626 0.002130
vt 0.995669 0.155851
vt 0.993626 0.155851
vt 0.994081 0.155463
vt 0.993867 0.931891
vt 0.993626 0.931506
vt 0.995546 0.931506
vt 0.133108 0.857647
vt 0.137678 0.856337
vt 0.993626 0.832008
vt 0.995537 0.832008
vt 0.994703 0.832899
vt 0.703986 0.994134
vt 0.703182 0.993283
vt 0.703986 0.992037
vt 0.593491 0.847731
vt 0.572071 0.553287
vt 0.124908 0.489125
vt 0.695771 0.307985
vt 0.687636 0.315236
vt 0.685634 0.310244
vt 0.688269 0.309631
vt 0.452609 0.887474
vt 0.924037 0.251015
vt 0.931432 0.664726
vt 0.932039 0.656761
vt 0.113528 0.406364
vt 0.406301 0.323614
vt 0.111222 0.413371
vt 0.110140 0.412811
vt 0.419409 0.841935
vt 0.418104 0.842638
vt 0.417808 0.839959
vt 0.415271 0.855400
vt 0.976309 0.052419
vt 0.976083 0.050448
vt 0.982307 0.050165
vt 0.648118 0.382981
vt 0.930892 0.602381
vt 0.934831 0.598939
vt 0.727451 0.153971
vt 0.533555 0.468603
vt 0.178504 0.919316
vt 0.181618 0.915851
vt 0.354285 0.803077
vt 0.444941 0.878163
vt 0.148359 0.873353
vt 0.145008 0.873142
vt 0.942391 0.961905
vt 0.414157 0.840400
vt 0.735816 0.618885
vt 0.772628 0.247480
vt 0.100421 0.598468
vt 0.704541 0.313189
vt 0.197820 0.911751
vt 0.964616 0.139809
vt 0.961418 0.141341
vt 0.734783 0.844557
vt 0.802525 0.241144
vt 0.802078 0.252753
vt 0.038520 0.924613
vt 0.038246 0.916463
vt 0.041795 0.927321
vt 0.589902 0.187193
vt 0.608221 0.182355
vt 0.072564 0.716101
vt 0.070555 0.716777
vt 0.404896 0.009682
vt 0.402773 0.008817
vt 0.406446 0.003634
vt 0.456346 0.869616
vt 0.167570 0.904321
vt 0.158452 0.901684
vt 0.155186 0.890677
vt 0.145759 0.887472
vt 0.516938 0.158513
vt 0.956493 0.909876
vt 0.950690 0.908114
vt 0.567572 0.214389
vt 0.564174 0.212067
vt 0.564604 0.206849
vt 0.627424 0.375135
vt 0.136080 0.128173
vt 0.136391 0.135641
vt 0.134910 0.137608
vt 0.772239 0.136642
vt 0.770727 0.156739
vt 0.864629 0.990692
vt 0.866368 0.990123
vt 0.866061 0.991606
vt 0.170935 0.916469
vt 0.361844 0.781481
vt 0.199082 0.922395
vt 0.126170 0.269061
vt 0.717869 0.620078
vt 0.097862 0.605121
vt 0.162999 0.908224
vt 0.723323 0.852764
vt 0.442239 0.876900
vt 0.061017 0.571928
vt 0.079619 0.568966
vt 0.091712 0.596538
vt 0.991697 0.895811
vt 0.993263 0.895878
vt 0.991063 0.896634
vt 0.091569 0.663175
vt 0.084695 0.649085
vt 0.750497 0.312233
vt 0.737808 0.158276
vt 0.730664 0.159793
vt 0.692371 0.290704
vt 0.691595 0.296824
vt 0.685704 0.294047
vt 0.806881 0.735762
vt 0.933324 0.651328
vt 0.758148 0.048051
vt 0.134010 0.890113
vt 0.772789 0.635282
vt 0.754873 0.034819
vt 0.093229 0.635784
vt 0.975882 0.472635
vt 0.978001 0.469896
vt 0.979606 0.472534
vt 0.780627 0.512537
vt 0.776046 0.502461
vt 0.777675 0.497278
vt 0.739562 0.316675
vt 0.986343 0.327306
vt 0.982714 0.328315
vt 0.984122 0.327271
vt 0.003607 0.114273
vt 0.006329 0.127108
vt 0.001848 0.134326
vt 0.727740 0.159566
vt 0.709111 0.161534
vt 0.713891 0.155322
vt 0.712512 0.161816
vt 0.978565 0.713960
vt 0.974454 0.713662
vt 0.974330 0.712089
vt 0.728225 0.168235
vt 0.724568 0.162385
vt 0.319148 0.985444
vt 0.318623 0.988440
vt 0.317999 0.985229
vt 0.712707 0.860188
vt 0.722192 0.859312
vt 0.823629 0.751807
vt 0.819942 0.750442
vt 0.676427 0.283567
vt 0.686376 0.279860
vt 0.680868 0.285456
vt 0.122478 0.264358
vt 0.716186 0.182244
vt 0.367806 0.760315
vt 0.712824 0.193121
vt 0.704025 0.188558
vt 0.805740 0.250138
vt 0.806854 0.254736
vt 0.829590 0.036744
vt 0.596958 0.365052
vt 0.007780 0.112304
vt 0.023834 0.993808
vt 0.025234 0.992037
vt 0.024819 0.993991
vt 0.165390 0.919967
vt 0.164645 0.913809
vt 0.155640 0.906218
vt 0.803925 0.991652
vt 0.802974 0.989200
vt 0.804973 0.989905
vt 0.708398 0.396956
vt 0.712639 0.395907
vt 0.712370 0.396161
vt 0.713321 0.395754
vt 0.713617 0.395056
vt 0.028201 0.996586
vt 0.027856 0.997180
vt 0.027774 0.996379
vt 0.122034 0.264471
vt 0.681310 0.266999
vt 0.735557 0.182871
vt 0.728850 0.176177
vt 0.729015 0.175976
vt 0.028129 0.997170
vt 0.727631 0.174864
vt 0.721705 0.175996
vt 0.121661 0.264583
vt 0.722032 0.185639
vt 0.718453 0.177150
vt 0.661915 0.268422
vt 0.794817 0.273505
vt 0.860635 0.432442
vt 0.842157 0.031916
vt 0.519943 0.150984
vt 0.520879 0.148034
vt 0.825149 0.371495
vt 0.817651 0.371631
vt 0.822795 0.355727
vt 0.503552 0.421827
vt 0.494524 0.426989
vt 0.498977 0.392490
vt 0.090791 0.616360
vt 0.088438 0.608769
vt 0.090730 0.598128
vt 0.697046 0.398483
vt 0.698636 0.411036
vt 0.695111 0.402566
vt 0.444872 0.868281
vt 0.713523 0.400917
vt 0.704540 0.406610
vt 0.027774 0.997975
vt 0.728178 0.177174
vt 0.728416 0.175720
vt 0.728120 0.177948
vt 0.387095 0.616357
vt 0.384953 0.615081
vt 0.384462 0.608450
vt 0.119266 0.405706
vt 0.120284 0.403350
vt 0.204584 0.406824
vt 0.848118 0.030578
vt 0.720649 0.636098
vt 0.265677 0.051367
vt 0.261498 0.052476
vt 0.263029 0.046587
vt 0.026125 0.278026
vt 0.026672 0.297414
vt 0.022410 0.280410
vt 0.086505 0.601732
vt 0.805269 0.790915
vt 0.803324 0.796325
vt 0.804466 0.787170
vt 0.730099 0.302842
vt 0.765119 0.170230
vt 0.009099 0.538861
vt 0.011526 0.527352
vt 0.752810 0.158148
vt 0.021779 0.547060
vt 0.746967 0.159762
vt 0.994437 0.345279
vt 0.995488 0.345521
vt 0.993626 0.346124
vt 0.150390 0.906034
vt 0.947397 0.648602
vt 0.389019 0.610599
vt 0.798545 0.735245
vt 0.145435 0.897254
vt 0.743250 0.844693
vt 0.666324 0.254268
vt 0.752056 0.641441
vt 0.505374 0.006059
vt 0.503678 0.020157
vt 0.499826 0.002143
vt 0.586591 0.194000
vt 0.099752 0.637505
vt 0.111563 0.501848
vt 0.111122 0.473824
vt 0.708341 0.298985
vt 0.280783 0.117912
vt 0.284675 0.106834
vt 0.284733 0.118028
vt 0.205239 0.396533
vt 0.867870 0.432231
vt 0.981314 0.022831
vt 0.976286 0.022077
vt 0.981418 0.019968
vt 0.729341 0.640398
vt 0.463439 0.599463
vt 0.468312 0.599414
vt 0.075685 0.625417
vt 0.620568 0.398553
vt 0.662956 0.402140
vt 0.698422 0.283195
vt 0.188762 0.931729
vt 0.687152 0.273528
vt 0.694969 0.266051
vt 0.689506 0.274736
vt 0.145227 0.903354
vt 0.687670 0.263668
vt 0.695866 0.257889
vt 0.701939 0.262008
vt 0.982714 0.142591
vt 0.985997 0.141367
vt 0.986954 0.142893
vt 0.806367 0.269664
vt 0.989923 0.684420
vt 0.987827 0.683850
vt 0.989214 0.683375
vt 0.903548 0.237837
vt 0.911498 0.243359
vt 0.904567 0.261320
vt 0.911577 0.253202
vt 0.110803 0.493588
vt 0.666735 0.385979
vt 0.195224 0.934629
vt 0.193092 0.939259
vt 0.819406 0.991501
vt 0.819079 0.989188
vt 0.820431 0.991465
vt 0.711110 0.409969
vt 0.714328 0.408438
vt 0.703136 0.279749
vt 0.695228 0.282690
vt 0.695776 0.272940
vt 0.282578 0.110702
vt 0.732893 0.184954
vt 0.744091 0.653075
vt 0.740529 0.631161
vt 0.376408 0.759883
vt 0.779020 0.266282
vt 0.768941 0.254036
vt 0.035898 0.576103
vt 0.053478 0.586894
vt 0.729074 0.292311
vt 0.721233 0.301186
vt 0.719226 0.291762
vt 0.991829 0.584699
vt 0.993384 0.584418
vt 0.993324 0.585256
vt 0.943761 0.981541
vt 0.942383 0.982808
vt 0.942692 0.981141
vt 0.810371 0.051070
vt 0.807538 0.045626
vt 0.816295 0.056791
vt 0.440511 0.868775
vt 0.281801 0.979095
vt 0.282813 0.984232
vt 0.280875 0.984234
vt 0.362979 0.767774
vt 0.297758 0.982955
vt 0.298561 0.979027
vt 0.301636 0.979681
vt 0.768910 0.648468
vt 0.737315 0.632754
vt 0.129137 0.022875
vt 0.127946 0.010441
vt 0.129977 0.007613
vt 0.091450 0.617208
vt 0.111426 0.465302
vt 0.479304 0.701645
vt 0.002954 0.102190
vt 0.005177 0.099362
vt 0.939578 0.644794
vt 0.578899 0.419194
vt 0.581335 0.426543
vt 0.578649 0.426696
vt 0.609210 0.677801
vt 0.611276 0.684444
vt 0.609046 0.682185
vt 0.763515 0.651448
vt 0.734070 0.190028
vt 0.732948 0.189061
vt 0.756282 0.655129
vt 0.773156 0.271607
vt 0.760689 0.037400
vt 0.590178 0.199467
vt 0.580683 0.199649
vt 0.860274 0.866322
vt 0.862762 0.882294
vt 0.860974 0.881113
vt 0.018343 0.289222
vt 0.078493 0.606124
vt 0.085720 0.667514
vt 0.079624 0.654378
vt 0.897690 0.254684
vt 0.437091 0.888850
vt 0.425910 0.885616
vt 0.436472 0.876836
vt 0.756343 0.177012
vt 0.748756 0.167467
vt 0.974905 0.380933
vt 0.975699 0.379577
vt 0.978266 0.382940
vt 0.484736 0.674276
vt 0.484306 0.681835
vt 0.483857 0.674985
vt 0.556168 0.173493
vt 0.555737 0.165721
vt 0.556770 0.167635
vt 0.687946 0.394326
vt 0.681897 0.397925
vt 0.697839 0.389939
vt 0.681455 0.378365
vt 0.690163 0.382825
vt 0.776842 0.274126
vt 0.690411 0.269063
vt 0.688037 0.258469
vt 0.521530 0.726009
vt 0.527326 0.713722
vt 0.524237 0.732095
vt 0.151269 0.587669
vt 0.154490 0.582445
vt 0.168025 0.599114
vt 0.430739 0.870495
vt 0.822646 0.047731
vt 0.742424 0.850907
vt 0.077832 0.643289
vt 0.435364 0.897022
vt 0.427473 0.901250
vt 0.159774 0.580067
vt 0.167519 0.583976
vt 0.174879 0.592796
vt 0.425533 0.877582
vt 0.425512 0.869946
vt 0.592406 0.381446
vt 0.609276 0.408224
vt 0.087261 0.506736
vt 0.001755 0.278632
vt 0.003192 0.276682
vt 0.002038 0.279606
vt 0.151441 0.187492
vt 0.150860 0.178978
vt 0.153174 0.177580
vt 0.175422 0.450795
vt 0.183300 0.466162
vt 0.178105 0.459053
vt 0.271676 0.056271
vt 0.272546 0.057014
vt 0.270284 0.062830
vt 0.694988 0.246177
vt 0.697383 0.241962
vt 0.705554 0.250112
vt 0.835037 0.028938
vt 0.723006 0.645729
vt 0.494244 0.022317
vt 0.527157 0.724157
vt 0.076232 0.615043
vt 0.748034 0.289681
vt 0.479299 0.685157
vt 0.212946 0.171348
vt 0.216234 0.173535
vt 0.211526 0.196598
vt 0.721960 0.276056
vt 0.254210 0.430262
vt 0.250556 0.428585
vt 0.261521 0.430630
vt 0.751114 0.177917
vt 0.741834 0.185605
vt 0.742709 0.175630
vt 0.686963 0.373230
vt 0.285335 0.095964
vt 0.290093 0.110253
vt 0.816142 0.028973
vt 0.801216 0.721439
vt 0.811597 0.729547
vt 0.273810 0.065280
vt 0.462847 0.586070
vt 0.459925 0.585082
vt 0.074006 0.617875
vt 0.160746 0.603188
vt 0.724420 0.271712
vt 0.127203 0.139213
vt 0.128099 0.113421
vt 0.130830 0.129664
vt 0.131881 0.109689
vt 0.753811 0.663933
vt 0.296247 0.097755
vt 0.707910 0.241139
vt 0.894864 0.271256
vt 0.646804 0.403443
vt 0.753681 0.183785
vt 0.759348 0.185477
vt 0.752535 0.187814
vt 0.980447 0.406617
vt 0.977607 0.410330
vt 0.975642 0.407571
vt 0.797644 0.279920
vt 0.191704 0.143999
vt 0.191545 0.138106
vt 0.202862 0.142549
vt 0.706874 0.236352
vt 0.829171 0.026787
vt 0.414747 0.899922
vt 0.975153 0.728067
vt 0.978684 0.725554
vt 0.980807 0.728010
vt 0.087616 0.468236
vt 0.153014 0.054409
vt 0.148013 0.052116
vt 0.152611 0.048194
vt 0.707811 0.259029
vt 0.721225 0.261139
vt 0.734404 0.657837
vt 0.817414 0.375232
vt 0.576479 0.198701
vt 0.503123 0.888357
vt 0.505892 0.881389
vt 0.522826 0.894135
vt 0.056459 0.656495
vt 0.895750 0.235173
vt 0.901796 0.223917
vt 0.908526 0.222315
vt 0.180228 0.588835
vt 0.653086 0.406579
vt 0.460479 0.674169
vt 0.733526 0.272427
vt 0.695240 0.393015
vt 0.705390 0.394037
vt 0.699301 0.395034
vt 0.215061 0.164110
vt 0.175561 0.464947
vt 0.176106 0.470207
vt 0.807343 0.280154
vt 0.712304 0.247330
vt 0.977749 0.603043
vt 0.977275 0.599367
vt 0.980732 0.599665
vt 0.609335 0.847925
vt 0.614157 0.842094
vt 0.616647 0.847102
vt 0.420534 0.868209
vt 0.412185 0.859407
vt 0.421753 0.864382
vt 0.456515 0.688885
vt 0.279580 0.981589
vt 0.278787 0.981125
vt 0.279086 0.978705
vt 0.237149 0.986991
vt 0.237556 0.985882
vt 0.237749 0.988051
vt 0.796703 0.037181
vt 0.803681 0.043591
vt 0.992154 0.893070
vt 0.991063 0.892781
vt 0.992402 0.892402
vt 0.453467 0.675020
vt 0.455206 0.670718
vt 0.209663 0.155761
vt 0.426974 0.981923
vt 0.428897 0.978732
vt 0.430527 0.982388
vt 0.741798 0.661778
vt 0.744276 0.662980
vt 0.778572 0.680603
vt 0.779539 0.690493
vt 0.776549 0.684889
vt 0.807400 0.038767
vt 0.697322 0.378623
vt 0.756682 0.846123
vt 0.824426 0.026905
vt 0.570572 0.191858
vt 0.841245 0.027548
vt 0.842083 0.025906
vt 0.186747 0.605378
vt 0.228796 0.572129
vt 0.226209 0.572203
vt 0.227029 0.553725
vt 0.238165 0.428875
vt 0.237358 0.425663
vt 0.237343 0.985649
vt 0.237298 0.985213
vt 0.981464 0.321435
vt 0.981852 0.321533
vt 0.978595 0.321890
vt 0.297859 0.614996
vt 0.298590 0.610328
vt 0.301358 0.609857
vt 0.693780 0.381198
vt 0.700384 0.384838
vt 0.212755 0.146490
vt 0.277376 0.097779
vt 0.282156 0.099278
vt 0.208961 0.140396
vt 0.914507 0.779291
vt 0.913754 0.792411
vt 0.910298 0.779783
vt 0.206886 0.135722
vt 0.757890 0.851573
vt 0.179255 0.611029
vt 0.412063 0.862923
vt 0.085644 0.489498
vt 0.095588 0.460915
vt 0.092049 0.446336
vt 0.798908 0.038151
vt 0.674407 0.096853
vt 0.674362 0.104255
vt 0.672004 0.090355
vt 0.990211 0.234978
vt 0.988158 0.235453
vt 0.987734 0.234113
vt 0.698032 0.367896
vt 0.801582 0.963445
vt 0.794238 0.966097
vt 0.799354 0.958897
vt 0.202722 0.131306
vt 0.369192 0.746610
vt 0.406678 0.878056
vt 0.089402 0.481005
vt 0.458892 0.692635
vt 0.743949 0.280793
vt 0.452138 0.683538
vt 0.316537 0.987634
vt 0.317914 0.985213
vt 0.317914 0.988110
vt 0.727750 0.658272
vt 0.723308 0.655187
vt 0.124464 0.102890
vt 0.114894 0.105393
vt 0.119605 0.101666
vt 0.842401 0.022529
vt 0.903294 0.214058
vt 0.411679 0.913686
vt 0.704584 0.392035
vt 0.228631 0.967731
vt 0.219790 0.969846
vt 0.229866 0.963919
vt 0.272972 0.091093
vt 0.595680 0.920311
vt 0.599259 0.914612
vt 0.601759 0.917561
vt 0.566431 0.188319
vt 0.501600 0.454687
vt 0.187276 0.633586
vt 0.184416 0.644106
vt 0.183483 0.641585
vt 0.405333 0.866579
vt 0.670789 0.406583
vt 0.948325 0.508109
vt 0.943558 0.512946
vt 0.934150 0.506456
vt 0.736996 0.275721
vt 0.939079 0.511971
vt 0.827366 0.503368
vt 0.823421 0.493358
vt 0.838993 0.500474
vt 0.574833 0.142895
vt 0.577086 0.135499
vt 0.578335 0.138851
vt 0.703131 0.373580
vt 0.786690 0.960580
vt 0.764650 0.011872
vt 0.748067 0.032460
vt 0.495267 0.456500
vt 0.476625 0.250713
vt 0.474783 0.238290
vt 0.492260 0.240469
vt 0.192464 0.595154
vt 0.241645 0.188726
vt 0.243140 0.181448
vt 0.244618 0.186076
vt 0.236267 0.174155
vt 0.386609 0.836598
vt 0.394571 0.835703
vt 0.396304 0.837418
vt 0.572510 0.133706
vt 0.213200 0.960204
vt 0.227821 0.955273
vt 0.698926 0.379098
vt 0.220208 0.949680
vt 0.776884 0.690777
vt 0.043872 0.570887
vt 0.030765 0.581718
vt 0.477190 0.867428
vt 0.488781 0.878283
vt 0.523599 0.867153
vt 0.531089 0.898769
vt 0.401653 0.856768
vt 0.081576 0.516272
vt 0.839447 0.505773
vt 0.944585 0.496168
vt 0.932842 0.502658
vt 0.929671 0.497441
vt 0.240764 0.163081
vt 0.239569 0.173632
vt 0.730113 0.262969
vt 0.930216 0.480354
vt 0.983189 0.563062
vt 0.983304 0.561167
vt 0.986117 0.562131
vt 0.241272 0.152182
vt 0.928165 0.494422
vt 0.929099 0.492862
vt 0.928223 0.492964
vt 0.776552 0.691828
vt 0.775799 0.692140
vt 0.927251 0.493188
vt 0.153409 0.967201
vt 0.148645 0.959312
vt 0.157665 0.965052
vt 0.794204 0.948303
vt 0.786504 0.943675
vt 0.801976 0.695998
vt 0.811673 0.708023
vt 0.525961 0.593037
vt 0.521385 0.586410
vt 0.525353 0.584620
vt 0.063617 0.608199
vt 0.461289 0.250829
vt 0.456197 0.241711
vt 0.642482 0.306583
vt 0.642219 0.298120
vt 0.644288 0.305125
vt 0.401172 0.833014
vt 0.407419 0.834974
vt 0.926433 0.491477
vt 0.924680 0.481834
vt 0.226244 0.387422
vt 0.121444 0.106774
vt 0.107762 0.124098
vt 0.481728 0.229776
vt 0.187461 0.599450
vt 0.397828 0.860131
vt 0.628471 0.415150
vt 0.086936 0.464356
vt 0.940484 0.486517
vt 0.944133 0.493904
vt 0.242802 0.156800
vt 0.141143 0.530592
vt 0.137935 0.530065
vt 0.139165 0.522000
vt 0.766179 0.981582
vt 0.764687 0.982184
vt 0.765576 0.978733
vt 0.058169 0.644406
vt 0.139173 0.516178
vt 0.142050 0.515744
vt 0.602117 0.906709
vt 0.760658 0.856081
vt 0.755765 0.861260
vt 0.042446 0.586559
vt 0.361395 0.984298
vt 0.359691 0.982562
vt 0.362125 0.980958
vt 0.493418 0.204202
vt 0.499075 0.226908
vt 0.493391 0.213571
vt 0.085738 0.448968
vt 0.157645 0.957896
vt 0.787348 0.951786
vt 0.773291 0.014798
vt 0.480577 0.847855
vt 0.572110 0.836854
vt 0.581911 0.841512
vt 0.554301 0.845249
vt 0.528227 0.879132
vt 0.054340 0.630022
vt 0.996681 0.567195
vt 0.997429 0.567869
vt 0.995780 0.567869
vt 0.386830 0.872016
vt 0.669156 0.428338
vt 0.676803 0.416173
vt 0.229135 0.430891
vt 0.233862 0.443904
vt 0.219442 0.435000
vt 0.238940 0.719707
vt 0.189827 0.720405
vt 0.243791 0.699050
vt 0.025952 0.533539
vt 0.027004 0.520903
vt 0.042486 0.514150
vt 0.405013 0.829711
vt 0.418367 0.828352
vt 0.152903 0.953824
vt 0.130941 0.526547
vt 0.500807 0.683467
vt 0.495635 0.680544
vt 0.499602 0.677504
vt 0.598908 0.905193
vt 0.835820 0.011368
vt 0.834086 0.002305
vt 0.762317 0.659669
vt 0.766206 0.659854
vt 0.760880 0.670350
vt 0.557841 0.872236
vt 0.552067 0.854698
vt 0.490947 0.214731
vt 0.383530 0.914937
vt 0.644204 0.289091
vt 0.645343 0.300820
vt 0.390415 0.891128
vt 0.792728 0.931580
vt 0.782860 0.919737
vt 0.791582 0.915753
vt 0.032087 0.511372
vt 0.523931 0.595882
vt 0.910968 0.798478
vt 0.906763 0.787130
vt 0.504910 0.859811
vt 0.611898 0.566478
vt 0.613881 0.559387
vt 0.617792 0.566087
vt 0.649960 0.419627
vt 0.841521 0.513248
vt 0.233466 0.696031
vt 0.928378 0.472206
vt 0.931726 0.467338
vt 0.109606 0.110441
vt 0.848499 0.011163
vt 0.320818 0.372631
vt 0.317021 0.365703
vt 0.316712 0.340692
vt 0.190733 0.600810
vt 0.191151 0.601434
vt 0.843637 0.110009
vt 0.843855 0.108566
vt 0.844098 0.108960
vt 0.995535 0.987466
vt 0.994803 0.987479
vt 0.994501 0.987076
vt 0.191635 0.600253
vt 0.642609 0.292987
vt 0.399304 0.902583
vt 0.644658 0.420038
vt 0.081887 0.465633
vt 0.829843 0.527568
vt 0.016817 0.449210
vt 0.017431 0.453593
vt 0.016081 0.452962
vt 0.397090 0.576224
vt 0.399578 0.575218
vt 0.402087 0.577572
vt 0.898774 0.798174
vt 0.357009 0.736459
vt 0.499711 0.465040
vt 0.222778 0.400101
vt 0.466408 0.234460
vt 0.327654 0.365463
vt 0.639374 0.292425
vt 0.641758 0.294793
vt 0.640774 0.291905
vt 0.993626 0.987479
vt 0.592428 0.998425
vt 0.591883 0.999146
vt 0.591940 0.998075
vt 0.592849 0.999146
vt 0.229926 0.729157
vt 0.940941 0.484001
vt 0.159317 0.951657
vt 0.481942 0.225692
vt 0.450962 0.245811
vt 0.440826 0.234450
vt 0.198175 0.619653
vt 0.845694 0.107206
vt 0.641901 0.291802
vt 0.843133 0.106682
vt 0.844731 0.106343
vt 0.843136 0.108647
vt 0.842288 0.107338
vt 0.995780 0.004832
vt 0.997487 0.004832
vt 0.997004 0.005555
vt 0.164035 0.940255
vt 0.161596 0.947736
vt 0.156998 0.938852
vt 0.558511 0.958339
vt 0.561974 0.950836
vt 0.565460 0.953896
vt 0.406724 0.819832
vt 0.816455 0.697467
vt 0.480712 0.200282
vt 0.195039 0.600074
vt 0.201718 0.601465
vt 0.068234 0.511608
vt 0.057827 0.497482
vt 0.755788 0.009474
vt 0.047401 0.612807
vt 0.056277 0.650173
vt 0.462410 0.223181
vt 0.243559 0.993657
vt 0.242613 0.992611
vt 0.243753 0.992752
vt 0.992384 0.915828
vt 0.991063 0.917475
vt 0.991167 0.915512
vt 0.326420 0.986089
vt 0.326889 0.988081
vt 0.325700 0.986670
vt 0.325278 0.988851
vt 0.629568 0.425485
vt 0.651295 0.418375
vt 0.029384 0.551477
vt 0.060664 0.553400
vt 0.016039 0.457440
vt 0.216789 0.378172
vt 0.831113 0.006761
vt 0.604498 0.593996
vt 0.606375 0.588488
vt 0.608919 0.594714
vt 0.487278 0.197939
vt 0.752782 0.439312
vt 0.753267 0.425508
vt 0.754880 0.439897
vt 0.620553 0.556056
vt 0.617300 0.428114
vt 0.065021 0.488018
vt 0.063913 0.475050
vt 0.061972 0.463645
vt 0.676231 0.428800
vt 0.408783 0.813672
vt 0.945570 0.477279
vt 0.846784 0.002854
vt 0.589890 0.816814
vt 0.589919 0.846169
vt 0.395390 0.856519
vt 0.384061 0.859329
vt 0.390099 0.857044
vt 0.152343 0.939186
vt 0.147267 0.949192
vt 0.155018 0.944877
vt 0.154395 0.945983
vt 0.997606 0.216034
vt 0.998002 0.216034
vt 0.997733 0.216266
vt 0.998944 0.998075
vt 0.998944 0.998907
vt 0.998743 0.998218
vt 0.999013 0.216095
vt 0.997606 0.833108
vt 0.998773 0.832803
vt 0.998897 0.833108
vt 0.154907 0.945022
vt 0.155082 0.944623
vt 0.998870 0.997639
vt 0.998684 0.997834
vt 0.997606 0.997639
vt 0.300199 0.322520
vt 0.304206 0.317424
vt 0.303518 0.327532
vt 0.527604 0.946217
vt 0.523882 0.940267
vt 0.529295 0.944352
vt 0.217174 0.572633
vt 0.219594 0.572310
vt 0.223666 0.581731
vt 0.215559 0.700187
vt 0.543425 0.864524
vt 0.543608 0.859162
vt 0.547517 0.863532
vt 0.760681 0.006697
vt 0.772617 0.010827
vt 0.023831 0.560060
vt 0.024926 0.564091
vt 0.023853 0.565586
vt 0.529263 0.192815
vt 0.525486 0.191664
vt 0.540348 0.191320
vt 0.989856 0.256094
vt 0.987734 0.254993
vt 0.990778 0.254993
vt 0.333172 0.525896
vt 0.332653 0.518832
vt 0.337319 0.525751
vt 0.843324 0.104749
vt 0.843222 0.096733
vt 0.844924 0.101349
vt 0.840432 0.099129
vt 0.388358 0.905086
vt 0.212554 0.581856
vt 0.218034 0.577377
vt 0.210795 0.585863
vt 0.618693 0.553891
vt 0.087489 0.831831
vt 0.084385 0.833686
vt 0.083619 0.831484
vt 0.638147 0.430138
vt 0.651700 0.430881
vt 0.948197 0.472098
vt 0.616705 0.246284
vt 0.621209 0.244373
vt 0.622369 0.251068
vt 0.788525 0.904171
vt 0.552252 0.950754
vt 0.550942 0.945926
vt 0.555343 0.951742
vt 0.161964 0.665298
vt 0.161686 0.657167
vt 0.166540 0.655487
vt 0.901393 0.048922
vt 0.902661 0.060621
vt 0.901264 0.059406
vt 0.751971 0.455188
vt 0.756343 0.459211
vt 0.750269 0.464303
vt 0.751803 0.006013
vt 0.756994 0.003148
vt 0.964122 0.225147
vt 0.960748 0.240524
vt 0.957059 0.236819
vt 0.383593 0.863670
vt 0.392196 0.860608
vt 0.833782 0.478015
vt 0.832626 0.471543
vt 0.835623 0.472143
vt 0.892858 0.941570
vt 0.892896 0.932385
vt 0.896408 0.931246
vt 0.889836 0.941165
vt 0.643099 0.436530
vt 0.645154 0.424125
vt 0.020513 0.827974
vt 0.024118 0.822830
vt 0.031776 0.826234
vt 0.058680 0.520816
vt 0.259697 0.118825
vt 0.256325 0.111082
vt 0.261438 0.111167
vt 0.894158 0.797066
vt 0.893893 0.795056
vt 0.661388 0.338424
vt 0.663013 0.338260
vt 0.661864 0.344221
vt 0.665316 0.345447
vt 0.223095 0.378064
vt 0.095966 0.116240
vt 0.551236 0.870461
vt 0.232059 0.385642
vt 0.978327 0.449739
vt 0.979829 0.452706
vt 0.975981 0.451047
vt 0.337612 0.515802
vt 0.640065 0.285545
vt 0.643737 0.275711
vt 0.217081 0.605642
vt 0.002720 0.815471
vt 0.011004 0.835775
vt 0.003092 0.823058
vt 0.823692 0.532960
vt 0.668581 0.436097
vt 0.830121 0.531200
vt 0.859470 0.529899
vt 0.417018 0.590031
vt 0.415876 0.590776
vt 0.414424 0.585768
vt 0.896817 0.801316
vt 0.473290 0.859268
vt 0.538609 0.183029
vt 0.544306 0.187979
vt 0.047901 0.649244
vt 0.236127 0.106154
vt 0.232203 0.102161
vt 0.237075 0.100393
vt 0.954048 0.229795
vt 0.461613 0.217369
vt 0.455344 0.221297
vt 0.452107 0.223716
vt 0.670308 0.385974
vt 0.673044 0.381724
vt 0.672115 0.389065
vt 0.196470 0.606979
vt 0.211415 0.613076
vt 0.211798 0.602756
vt 0.205308 0.606465
vt 0.772154 0.912418
vt 0.766591 0.910194
vt 0.778043 0.905623
vt 0.299716 0.316767
vt 0.116721 0.935585
vt 0.113561 0.942571
vt 0.113309 0.939216
vt 0.093078 0.838881
vt 0.087574 0.849494
vt 0.123069 0.937354
vt 0.122311 0.954088
vt 0.206202 0.529776
vt 0.204090 0.531007
vt 0.207668 0.514096
vt 0.316158 0.182214
vt 0.312372 0.189635
vt 0.311648 0.179123
vt 0.581111 0.534287
vt 0.578814 0.543191
vt 0.578305 0.524984
vt 0.083115 0.539397
vt 0.484669 0.988705
vt 0.484902 0.985968
vt 0.486821 0.986375
vt 0.912101 0.807214
vt 0.589254 0.874272
vt 0.454391 0.213209
vt 0.483591 0.194594
vt 0.190643 0.068034
vt 0.191992 0.061276
vt 0.193759 0.067630
vt 0.988835 0.662480
vt 0.989641 0.663910
vt 0.987800 0.663792
vt 0.990562 0.663446
vt 0.204378 0.606227
vt 0.203216 0.606430
vt 0.004191 0.333503
vt 0.002748 0.315730
vt 0.008063 0.321880
vt 0.382215 0.905268
vt 0.371665 0.907041
vt 0.162823 0.648772
vt 0.228618 0.592445
vt 0.974312 0.875162
vt 0.978255 0.877442
vt 0.975102 0.878264
vt 0.234633 0.130051
vt 0.235867 0.149511
vt 0.221033 0.140649
vt 0.029499 0.836507
vt 0.198075 0.445353
vt 0.772469 0.457145
vt 0.773006 0.468904
vt 0.767710 0.465059
vt 0.760651 0.468324
vt 0.803707 0.690746
vt 0.811902 0.690665
vt 0.661200 0.349185
vt 0.048818 0.632267
vt 0.472880 0.186476
vt 0.382893 0.923465
vt 0.194808 0.065526
vt 0.208678 0.608018
vt 0.141725 0.952185
vt 0.155506 0.925875
vt 0.138031 0.927599
vt 0.144733 0.912410
vt 0.151154 0.928976
vt 0.579562 0.383376
vt 0.581651 0.384938
vt 0.581384 0.391417
vt 0.212067 0.597552
vt 0.421125 0.770722
vt 0.405231 0.774970
vt 0.418309 0.763526
vt 0.418436 0.781282
vt 0.795322 0.989582
vt 0.794313 0.991685
vt 0.794313 0.989188
vt 0.524837 0.933514
vt 0.079222 0.819301
vt 0.073290 0.834715
vt 0.070355 0.824575
vt 0.647015 0.436147
vt 0.650772 0.435377
vt 0.198044 0.439113
vt 0.213207 0.434260
vt 0.203781 0.434234
vt 0.210541 0.422410
vt 0.831697 0.349474
vt 0.848850 0.344426
vt 0.854246 0.361658
vt 0.763681 0.457262
vt 0.015888 0.616488
vt 0.010929 0.615438
vt 0.017707 0.614666
vt 0.013662 0.608681
vt 0.214189 0.369539
vt 0.225924 0.366672
vt 0.768605 0.000831
vt 0.739547 0.541524
vt 0.743656 0.545216
vt 0.740008 0.549210
vt 0.235249 0.109852
vt 0.233241 0.107896
vt 0.294463 0.511749
vt 0.292978 0.514577
vt 0.289953 0.510290
vt 0.985112 0.482657
vt 0.985184 0.484281
vt 0.984013 0.484028
vt 0.218641 0.625105
vt 0.982867 0.482465
vt 0.381724 0.868479
vt 0.379686 0.868075
vt 0.779148 0.906545
vt 0.779389 0.906277
vt 0.781457 0.906249
vt 0.140717 0.953411
vt 0.537487 0.243615
vt 0.537527 0.239334
vt 0.542190 0.243384
vt 0.666822 0.866938
vt 0.664419 0.885529
vt 0.659647 0.869577
vt 0.559458 0.924236
vt 0.045065 0.827878
vt 0.204303 0.514584
vt 0.870629 0.426667
vt 0.884309 0.421032
vt 0.885576 0.427882
vt 0.858812 0.348710
vt 0.894185 0.802981
vt 0.897520 0.808612
vt 0.896993 0.811593
vt 0.903562 0.404627
vt 0.900638 0.413203
vt 0.899654 0.406601
vt 0.525491 0.183819
vt 0.048683 0.640739
vt 0.033746 0.646161
vt 0.292151 0.506721
vt 0.981340 0.093095
vt 0.974121 0.091741
vt 0.980626 0.089882
vt 0.274368 0.990774
vt 0.274035 0.991499
vt 0.274534 0.989342
vt 0.421701 0.784897
vt 0.415574 0.789794
vt 0.860036 0.455235
vt 0.861388 0.456761
vt 0.860038 0.455637
vt 0.671126 0.996379
vt 0.671126 0.997843
vt 0.670174 0.996747
vt 0.509915 0.991694
vt 0.509615 0.991508
vt 0.511369 0.991097
vt 0.510515 0.989391
vt 0.136015 0.938615
vt 0.221236 0.162500
vt 0.063980 0.830546
vt 0.063544 0.838103
vt 0.016024 0.838411
vt 0.310084 0.189734
vt 0.573164 0.213717
vt 0.576738 0.205624
vt 0.579910 0.218763
vt 0.113713 0.324824
vt 0.105433 0.328721
vt 0.108127 0.319638
vt 0.902488 0.065157
vt 0.901329 0.082427
vt 0.887111 0.425492
vt 0.901393 0.419307
vt 0.493705 0.838049
vt 0.036760 0.656290
vt 0.428948 0.212086
vt 0.451943 0.225126
vt 0.807153 0.994376
vt 0.808778 0.995881
vt 0.807153 0.996085
vt 0.843416 0.090192
vt 0.844912 0.088915
vt 0.842144 0.092086
vt 0.842184 0.089909
vt 0.374376 0.865990
vt 0.373676 0.892667
vt 0.373036 0.883009
vt 0.136305 0.913913
vt 0.772087 0.906991
vt 0.769760 0.902589
vt 0.166140 0.647477
vt 0.114969 0.948780
vt 0.628746 0.438354
vt 0.865775 0.533238
vt 0.852098 0.541273
vt 0.200020 0.421715
vt 0.405136 0.809825
vt 0.408071 0.807937
vt 0.817819 0.690019
vt 0.901998 0.817144
vt 0.094785 0.128641
vt 0.776199 0.002837
vt 0.927587 0.382975
vt 0.935987 0.377864
vt 0.936735 0.382448
vt 0.032548 0.634390
vt 0.046210 0.664863
vt 0.024741 0.671208
vt 0.719406 0.996925
vt 0.719474 0.997854
vt 0.718922 0.997572
vt 0.719474 0.996379
vt 0.990400 0.028102
vt 0.988457 0.027554
vt 0.990952 0.027519
vt 0.997606 0.920747
vt 0.998871 0.920747
vt 0.998339 0.921225
vt 0.988445 0.028142
vt 0.375816 0.911256
vt 0.089315 0.865069
vt 0.693929 0.415446
vt 0.686329 0.436107
vt 0.691033 0.415888
vt 0.246760 0.609050
vt 0.237576 0.603896
vt 0.003533 0.020465
vt 0.009010 0.016128
vt 0.001325 0.042739
vt 0.943902 0.154815
vt 0.944338 0.146476
vt 0.947244 0.154271
vt 0.756521 0.478626
vt 0.745360 0.479633
vt 0.863335 0.419936
vt 0.755162 0.469788
vt 0.613302 0.208601
vt 0.613982 0.220904
vt 0.607481 0.206530
vt 0.965632 0.263281
vt 0.961182 0.266334
vt 0.965321 0.252332
vt 0.303994 0.688961
vt 0.316267 0.679976
vt 0.306837 0.696573
vt 0.897154 0.806867
vt 0.319530 0.697111
vt 0.577285 0.909464
vt 0.585244 0.907534
vt 0.584712 0.918324
vt 0.517129 0.834664
vt 0.480453 0.176419
vt 0.445191 0.978705
vt 0.447338 0.979798
vt 0.445967 0.981557
vt 0.141075 0.942006
vt 0.650383 0.898371
vt 0.634861 0.437668
vt 0.584391 0.211099
vt 0.831221 0.358114
vt 0.104640 0.942218
vt 0.107079 0.937871
vt 0.108375 0.944174
vt 0.595924 0.215631
vt 0.604776 0.427845
vt 0.605877 0.444807
vt 0.602532 0.449098
vt 0.782304 0.007688
vt 0.091633 0.125304
vt 0.533314 0.174076
vt 0.873407 0.994850
vt 0.874110 0.994376
vt 0.874110 0.996121
vt 0.482319 0.187691
vt 0.986813 0.082125
vt 0.985884 0.085684
vt 0.983551 0.083934
vt 0.374547 0.877354
vt 0.862465 0.451879
vt 0.872169 0.452997
vt 0.983446 0.616982
vt 0.986511 0.615115
vt 0.986240 0.617282
vt 0.762314 0.899440
vt 0.210824 0.740770
vt 0.210088 0.753100
vt 0.203602 0.745591
vt 0.214154 0.982068
vt 0.216198 0.978705
vt 0.216196 0.984386
vt 0.067737 0.473194
vt 0.062130 0.474236
vt 0.583576 0.215904
vt 0.585048 0.213437
vt 0.585536 0.215953
vt 0.064488 0.470969
vt 0.113744 0.331203
vt 0.171374 0.930125
vt 0.174342 0.923980
vt 0.174319 0.942674
vt 0.915156 0.820636
vt 0.173079 0.999308
vt 0.173079 0.998075
vt 0.173209 0.998864
vt 0.897467 0.811156
vt 0.897402 0.811500
vt 0.606580 0.437719
vt 0.606797 0.437971
vt 0.897734 0.810443
vt 0.526167 0.174352
vt 0.247494 0.386385
vt 0.245059 0.392729
vt 0.242040 0.394330
vt 0.523991 0.846677
vt 0.476309 0.180456
vt 0.213605 0.607651
vt 0.219039 0.620609
vt 0.361130 0.988162
vt 0.360014 0.985295
vt 0.361088 0.986941
vt 0.362389 0.985558
vt 0.004828 0.313303
vt 0.005471 0.317903
vt 0.140814 0.909102
vt 0.141357 0.910651
vt 0.993438 0.343722
vt 0.992823 0.344587
vt 0.991063 0.343722
vt 0.409008 0.792009
vt 0.647833 0.438921
vt 0.943391 0.142486
vt 0.649247 0.438915
vt 0.669588 0.598299
vt 0.670599 0.597646
vt 0.669906 0.606527
vt 0.585509 0.212425
vt 0.669668 0.597224
vt 0.951721 0.140644
vt 0.669521 0.596802
vt 0.673214 0.595621
vt 0.754949 0.492911
vt 0.742506 0.485511
vt 0.757440 0.485497
vt 0.169947 0.935878
vt 0.179035 0.997907
vt 0.177711 0.997536
vt 0.179035 0.996379
vt 0.289899 0.878498
vt 0.274149 0.873305
vt 0.288922 0.873589
vt 0.110164 0.333543
vt 0.104089 0.336553
vt 0.107657 0.939238
vt 0.572794 0.920621
vt 0.980129 0.386996
vt 0.974988 0.389066
vt 0.975151 0.386156
vt 0.999128 0.048135
vt 0.999804 0.048135
vt 0.999466 0.048176
vt 0.959740 0.256506
vt 0.959020 0.252043
vt 0.934617 0.403931
vt 0.098088 0.140435
vt 0.953666 0.225585
vt 0.953624 0.216379
vt 0.862090 0.467201
vt 0.160234 0.996379
vt 0.159690 0.997935
vt 0.159407 0.996379
vt 0.004446 0.314482
vt 0.003308 0.313201
vt 0.137437 0.907809
vt 0.139046 0.943589
vt 0.132652 0.945918
vt 0.237655 0.607653
vt 0.228754 0.613256
vt 0.323982 0.512093
vt 0.322990 0.520905
vt 0.319307 0.513163
vt 0.895156 0.909924
vt 0.020253 0.853780
vt 0.998989 0.175988
vt 0.997606 0.175445
vt 0.998989 0.175126
vt 0.832823 0.541375
vt 0.832288 0.369673
vt 0.849458 0.374990
vt 0.769652 0.487784
vt 0.289573 0.856387
vt 0.288472 0.871488
vt 0.887355 0.408410
vt 0.279147 0.004077
vt 0.278476 0.008319
vt 0.277664 0.008147
vt 0.278055 0.005627
vt 0.097723 0.931550
vt 0.100238 0.934146
vt 0.097146 0.937730
vt 0.608378 0.228388
vt 0.600954 0.228853
vt 0.976718 0.463058
vt 0.976184 0.465189
vt 0.974159 0.463080
vt 0.049322 0.992037
vt 0.050846 0.993885
vt 0.049322 0.994099
vt 0.960258 0.252954
vt 0.249575 0.377070
vt 0.995579 0.599963
vt 0.993626 0.599963
vt 0.994405 0.599179
vt 0.732545 0.994116
vt 0.732545 0.992037
vt 0.733595 0.993174
vt 0.344224 0.983681
vt 0.346261 0.980001
vt 0.347577 0.984190
vt 0.376162 0.909606
vt 0.170186 0.315445
vt 0.164195 0.327790
vt 0.167076 0.316402
vt 0.439567 0.188975
vt 0.437254 0.185068
vt 0.439738 0.183911
vt 0.071799 0.844816
vt 0.585304 0.203901
vt 0.298758 0.994247
vt 0.298661 0.993129
vt 0.298758 0.992036
vt 0.979619 0.885651
vt 0.975617 0.884609
vt 0.976745 0.882500
vt 0.276812 0.002643
vt 0.093402 0.169597
vt 0.092456 0.164136
vt 0.093481 0.167150
vt 0.979872 0.465469
vt 0.978253 0.467121
vt 0.998857 0.919917
vt 0.998048 0.920664
vt 0.997606 0.919917
vt 0.990838 0.052184
vt 0.990714 0.053411
vt 0.988272 0.052610
vt 0.091626 0.133578
vt 0.505632 0.836940
vt 0.995516 0.949822
vt 0.995229 0.950736
vt 0.993722 0.950043
vt 0.350199 0.372155
vt 0.351528 0.370847
vt 0.350811 0.386300
vt 0.344262 0.980060
vt 0.418957 0.491432
vt 0.420727 0.485866
vt 0.421585 0.490024
vt 0.764210 0.255732
vt 0.760889 0.257519
vt 0.760975 0.252728
vt 0.437155 0.189054
vt 0.438174 0.189886
vt 0.115511 0.953975
vt 0.989729 0.059286
vt 0.988885 0.060807
vt 0.987734 0.059033
vt 0.945560 0.139624
vt 0.944857 0.133173
vt 0.202380 0.733534
vt 0.400421 0.807032
vt 0.392836 0.802572
vt 0.764419 0.483720
vt 0.299040 0.879199
vt 0.976469 0.885291
vt 0.100550 0.927714
vt 0.102740 0.932017
vt 0.891055 0.413178
vt 0.888513 0.415627
vt 0.276458 0.866624
vt 0.577880 0.876481
vt 0.567593 0.877929
vt 0.963062 0.211281
vt 0.320431 0.327327
vt 0.435044 0.210482
vt 0.374392 0.088786
vt 0.370701 0.082584
vt 0.373326 0.079151
vt 0.867074 0.469024
vt 0.135702 0.915453
vt 0.771604 0.890309
vt 0.778019 0.897058
vt 0.764996 0.895560
vt 0.650812 0.882474
vt 0.979460 0.099879
vt 0.974559 0.097647
vt 0.980759 0.096557
vt 0.229784 0.160920
vt 0.246716 0.146483
vt 0.985206 0.173118
vt 0.983690 0.172493
vt 0.985902 0.171398
vt 0.186765 0.441684
vt 0.831547 0.544690
vt 0.186362 0.425554
vt 0.909414 0.825511
vt 0.023794 0.986321
vt 0.025367 0.986403
vt 0.023984 0.988830
vt 0.947113 0.372846
vt 0.953876 0.373089
vt 0.959520 0.206033
vt 0.454827 0.192392
vt 0.412675 0.793996
vt 0.133195 0.910880
vt 0.169714 0.319162
vt 0.986338 0.559137
vt 0.983244 0.559671
vt 0.984868 0.558393
vt 0.982830 0.171144
vt 0.529647 0.909313
vt 0.078209 0.845912
vt 0.618713 0.606567
vt 0.621056 0.605814
vt 0.618684 0.618039
vt 0.754683 0.492874
vt 0.762440 0.494850
vt 0.760351 0.486365
vt 0.902273 0.821653
vt 0.897954 0.823940
vt 0.916911 0.823580
vt 0.915586 0.827319
vt 0.106306 0.934452
vt 0.109390 0.926452
vt 0.574442 0.928386
vt 0.993633 0.715235
vt 0.995506 0.716875
vt 0.994034 0.717074
vt 0.983789 0.516467
vt 0.986178 0.517819
vt 0.982720 0.518530
vt 0.943083 0.383104
vt 0.937899 0.394093
vt 0.785248 0.147602
vt 0.784344 0.154688
vt 0.777720 0.160416
vt 0.020073 0.645359
vt 0.022168 0.665011
vt 0.355124 0.376883
vt 0.352505 0.386371
vt 0.442435 0.205836
vt 0.993626 0.356118
vt 0.995622 0.356118
vt 0.994514 0.356768
vt 0.443495 0.214495
vt 0.522647 0.994376
vt 0.522647 0.996170
vt 0.521758 0.994971
vt 0.763500 0.265153
vt 0.998279 0.792319
vt 0.998915 0.792419
vt 0.997606 0.792419
vt 0.996779 0.715243
vt 0.996779 0.713827
vt 0.997331 0.713869
vt 0.170725 0.323927
vt 0.995781 0.713763
vt 0.220109 0.611886
vt 0.650670 0.907928
vt 0.986307 0.147184
vt 0.982931 0.147259
vt 0.983865 0.145963
vt 0.016816 0.853989
vt 0.012551 0.850523
vt 0.008160 0.844440
vt 0.892840 0.668591
vt 0.897458 0.667649
vt 0.899149 0.675555
vt 0.006935 0.837985
vt 0.846616 0.548421
vt 0.622073 0.615013
vt 0.834137 0.383899
vt 0.171081 0.938147
vt 0.168400 0.946363
vt 0.606598 0.452678
vt 0.986560 0.516115
vt 0.220669 0.612326
vt 0.221248 0.615094
vt 0.777597 0.888484
vt 0.212142 0.768535
vt 0.203627 0.761399
vt 0.202929 0.753242
vt 0.086848 0.856749
vt 0.084932 0.867305
vt 0.894091 0.676728
vt 0.671347 0.609054
vt 0.622341 0.622041
vt 0.620335 0.625159
vt 0.280573 0.858459
vt 0.414850 0.979686
vt 0.417573 0.982049
vt 0.415150 0.984363
vt 0.584557 0.929501
vt 0.615475 0.273197
vt 0.616936 0.266127
vt 0.617510 0.273960
vt 0.327485 0.688414
vt 0.338832 0.690738
vt 0.092014 0.144519
vt 0.103770 0.144620
vt 0.098297 0.141145
vt 0.103627 0.141329
vt 0.304060 0.075165
vt 0.302452 0.095143
vt 0.301778 0.073980
vt 0.304419 0.088388
vt 0.206279 0.174035
vt 0.204993 0.171051
vt 0.206977 0.162822
vt 0.678056 0.448722
vt 0.043337 0.001923
vt 0.080959 0.021412
vt 0.033945 0.008617
vt 0.060544 0.857159
vt 0.034297 0.861327
vt 0.386370 0.792226
vt 0.389323 0.783278
vt 0.606748 0.456079
vt 0.592930 0.205720
vt 0.600099 0.204262
vt 0.948536 0.412464
vt 0.255493 0.385020
vt 0.976533 0.957067
vt 0.978163 0.955852
vt 0.980149 0.957535
vt 0.526828 0.165354
vt 0.531626 0.156960
vt 0.531712 0.164479
vt 0.508964 0.616920
vt 0.505350 0.602342
vt 0.514993 0.609284
vt 0.292657 0.256089
vt 0.296437 0.254787
vt 0.295494 0.260635
vt 0.106005 0.163074
vt 0.097868 0.158565
vt 0.148709 0.686751
vt 0.172178 0.673185
vt 0.163575 0.692152
vt 0.552242 0.145505
vt 0.463135 0.178379
vt 0.209127 0.986080
vt 0.209305 0.988920
vt 0.207568 0.986681
vt 0.979028 0.810577
vt 0.975513 0.807944
vt 0.979147 0.807379
vt 0.718330 0.315958
vt 0.717145 0.322406
vt 0.716048 0.316103
vt 0.665939 0.891392
vt 0.229090 0.178235
vt 0.037864 0.850096
vt 0.154169 0.231025
vt 0.154721 0.230968
vt 0.155291 0.230950
vt 0.157822 0.232730
vt 0.157319 0.228636
vt 0.592888 0.224332
vt 0.306377 0.673426
vt 0.313907 0.669128
vt 0.905495 0.829562
vt 0.836459 0.321864
vt 0.839068 0.316173
vt 0.840478 0.324648
vt 0.523777 0.610402
vt 0.516051 0.599567
vt 0.280003 0.391769
vt 0.264562 0.393072
vt 0.546374 0.142828
vt 0.791301 0.887245
vt 0.789443 0.890979
vt 0.784203 0.885032
vt 0.974657 0.811799
vt 0.783885 0.889106
vt 0.204642 0.767552
vt 0.925948 0.519550
vt 0.925955 0.509067
vt 0.927945 0.508043
vt 0.564741 0.920579
vt 0.563962 0.932778
vt 0.526344 0.916988
vt 0.914215 0.831251
vt 0.980879 0.743242
vt 0.976394 0.744789
vt 0.976548 0.742544
vt 0.712318 0.014533
vt 0.713836 0.005229
vt 0.718613 0.011978
vt 0.330686 0.343791
vt 0.219134 0.633853
vt 0.225555 0.628191
vt 0.665294 0.919121
vt 0.374785 0.553303
vt 0.372612 0.552748
vt 0.374667 0.548151
vt 0.223385 0.176698
vt 0.659840 0.467334
vt 0.752749 0.533063
vt 0.858878 0.381359
vt 0.906267 0.828399
vt 0.578680 0.940554
vt 0.238517 0.364433
vt 0.251893 0.367141
vt 0.269662 0.379923
vt 0.097790 0.167952
vt 0.534132 0.147659
vt 0.269988 0.005565
vt 0.272122 0.025215
vt 0.269910 0.025728
vt 0.167733 0.334530
vt 0.122434 0.963982
vt 0.067597 0.870126
vt 0.399570 0.779154
vt 0.299249 0.834320
vt 0.987224 0.205153
vt 0.986359 0.206830
vt 0.984943 0.205607
vt 0.976754 0.935118
vt 0.975849 0.933442
vt 0.978871 0.933754
vt 0.591111 0.922478
vt 0.587468 0.929050
vt 0.720324 0.003335
vt 0.202768 0.670284
vt 0.170857 0.336837
vt 0.116307 0.965862
vt 0.890277 0.904607
vt 0.066630 0.851985
vt 0.053115 0.857160
vt 0.057005 0.489045
vt 0.041358 0.488706
vt 0.054713 0.480019
vt 0.853219 0.402648
vt 0.935190 0.892147
vt 0.933257 0.859936
vt 0.938344 0.873539
vt 0.992392 0.332494
vt 0.991119 0.331788
vt 0.993434 0.331556
vt 0.560495 0.205424
vt 0.556408 0.201409
vt 0.562004 0.199396
vt 0.101683 0.925125
vt 0.105310 0.918964
vt 0.258171 0.375887
vt 0.026244 0.612088
vt 0.027370 0.608386
vt 0.194558 0.661959
vt 0.677179 0.909774
vt 0.670293 0.920885
vt 0.674529 0.905014
vt 0.667498 0.899761
vt 0.220850 0.176568
vt 0.527289 0.908975
vt 0.044826 0.028220
vt 0.067153 0.853568
vt 0.066961 0.852804
vt 0.075559 0.523116
vt 0.282227 0.852481
vt 0.281656 0.844161
vt 0.558883 0.192226
vt 0.015852 0.637324
vt 0.024484 0.617051
vt 0.109465 0.216942
vt 0.556740 0.119971
vt 0.561644 0.129674
vt 0.755954 0.297113
vt 0.757132 0.307438
vt 0.754874 0.321529
vt 0.480450 0.171800
vt 0.561920 0.919312
vt 0.019414 0.072096
vt 0.175371 0.957302
vt 0.552364 0.802925
vt 0.550954 0.798479
vt 0.552977 0.790156
vt 0.554142 0.192890
vt 0.034112 0.415412
vt 0.032538 0.416403
vt 0.032937 0.408366
vt 0.781954 0.173794
vt 0.524714 0.831740
vt 0.528252 0.833140
vt 0.117662 0.181745
vt 0.117991 0.186996
vt 0.116001 0.202351
vt 0.471878 0.168202
vt 0.193374 0.452546
vt 0.188087 0.454701
vt 0.187149 0.450299
vt 0.470524 0.168849
vt 0.792278 0.282080
vt 0.798601 0.288358
vt 0.794901 0.294635
vt 0.177382 0.437771
vt 0.193578 0.702482
vt 0.549593 0.785171
vt 0.126577 0.927521
vt 0.108372 0.913523
vt 0.953291 0.414885
vt 0.954040 0.416633
vt 0.099919 0.913365
vt 0.098469 0.908988
vt 0.094789 0.175566
vt 0.660615 0.116293
vt 0.650896 0.107659
vt 0.661626 0.097519
vt 0.638139 0.918258
vt 0.639848 0.937277
vt 0.627807 0.934281
vt 0.564834 0.917606
vt 0.565904 0.918112
vt 0.895007 0.904254
vt 0.847988 0.560434
vt 0.831468 0.544623
vt 0.318312 0.665461
vt 0.319807 0.676231
vt 0.330486 0.671686
vt 0.325441 0.683572
vt 0.212519 0.801670
vt 0.209725 0.802724
vt 0.211058 0.798522
vt 0.653727 0.116362
vt 0.463765 0.169107
vt 0.444032 0.195999
vt 0.994743 0.017059
vt 0.994998 0.016375
vt 0.995670 0.016193
vt 0.993626 0.016193
vt 0.562734 0.917039
vt 0.564434 0.917735
vt 0.759657 0.986552
vt 0.759611 0.986945
vt 0.759529 0.987318
vt 0.759422 0.988061
vt 0.210386 0.985213
vt 0.210309 0.987379
vt 0.209556 0.986439
vt 0.759074 0.985213
vt 0.759074 0.988607
vt 0.895624 0.901985
vt 0.895714 0.899947
vt 0.892259 0.899550
vt 0.676458 0.986001
vt 0.677912 0.986164
vt 0.678017 0.988620
vt 0.461254 0.998075
vt 0.461254 0.999234
vt 0.461216 0.998687
vt 0.176554 0.438668
vt 0.554608 0.779198
vt 0.552818 0.783658
vt 0.202983 0.679347
vt 0.472809 0.161193
vt 0.623183 0.930529
vt 0.759611 0.985670
vt 0.999128 0.026829
vt 0.999625 0.026779
vt 0.999904 0.026829
vt 0.153676 0.288774
vt 0.154346 0.287945
vt 0.153925 0.288497
vt 0.824630 0.999079
vt 0.824439 0.998340
vt 0.824630 0.998075
vt 0.155615 0.285931
vt 0.154597 0.287673
vt 0.703228 0.988258
vt 0.702730 0.988632
vt 0.702758 0.985947
vt 0.997477 0.306865
vt 0.996497 0.307263
vt 0.995781 0.306865
vt 0.154767 0.287093
vt 0.267956 0.646142
vt 0.150035 0.440076
vt 0.746981 0.007495
vt 0.740875 0.016426
vt 0.727300 0.014422
vt 0.584075 0.942647
vt 0.353304 0.678420
vt 0.506705 0.590890
vt 0.092803 0.187844
vt 0.321066 0.406520
vt 0.311581 0.415102
vt 0.194602 0.456979
vt 0.189955 0.461936
vt 0.314914 0.326348
vt 0.171027 0.341486
vt 0.003803 0.051640
vt 0.004460 0.051494
vt 0.986243 0.387797
vt 0.986820 0.390848
vt 0.984272 0.388263
vt 0.120030 0.902282
vt 0.589915 0.931736
vt 0.594123 0.941179
vt 0.038694 0.404499
vt 0.037287 0.393541
vt 0.040387 0.393809
vt 0.477588 0.983826
vt 0.477493 0.979755
vt 0.479979 0.980988
vt 0.105450 0.906128
vt 0.837934 0.213757
vt 0.836367 0.225669
vt 0.827715 0.221492
vt 0.514537 0.595666
vt 0.181622 0.699430
vt 0.529877 0.141336
vt 0.528032 0.132521
vt 0.531873 0.829227
vt 0.398261 0.066839
vt 0.397392 0.071070
vt 0.394659 0.059305
vt 0.991063 0.474521
vt 0.993412 0.474521
vt 0.991652 0.475324
vt 0.426119 0.201156
vt 0.424988 0.212021
vt 0.647644 0.922469
vt 0.007289 0.065966
vt 0.999801 0.048459
vt 0.999500 0.048492
vt 0.999128 0.048459
vt 0.071838 0.880406
vt 0.805259 0.324911
vt 0.791511 0.298818
vt 0.835906 0.408558
vt 0.069156 0.988298
vt 0.069170 0.985232
vt 0.070146 0.987359
vt 0.898122 0.398065
vt 0.891430 0.398154
vt 0.901337 0.384301
vt 0.903553 0.395138
vt 0.890336 0.337162
vt 0.882755 0.343212
vt 0.890363 0.332333
vt 0.372250 0.688027
vt 0.348097 0.686104
vt 0.362095 0.691227
vt 0.368487 0.693540
vt 0.013049 0.621239
vt 0.440610 0.193633
vt 0.482028 0.148501
vt 0.491173 0.139668
vt 0.489531 0.147516
vt 0.980016 0.195982
vt 0.976985 0.192893
vt 0.980936 0.189746
vt 0.231307 0.634990
vt 0.261769 0.626356
vt 0.126257 0.922686
vt 0.652560 0.291401
vt 0.651690 0.287084
vt 0.654372 0.282084
vt 0.650850 0.273411
vt 0.651726 0.271036
vt 0.829684 0.231710
vt 0.013945 0.666149
vt 0.021513 0.644292
vt 0.300188 0.379106
vt 0.562879 0.113943
vt 0.756876 0.320617
vt 0.469214 0.160305
vt 0.477894 0.142580
vt 0.631380 0.894329
vt 0.635048 0.888282
vt 0.639580 0.895137
vt 0.228043 0.195967
vt 0.225067 0.198520
vt 0.221567 0.182630
vt 0.875973 0.348707
vt 0.875151 0.341367
vt 0.112550 0.904023
vt 0.085475 0.176664
vt 0.075928 0.188812
vt 0.083370 0.177100
vt 0.091622 0.177418
vt 0.315539 0.390314
vt 0.112502 0.217688
vt 0.118158 0.218772
vt 0.208269 0.643979
vt 0.214875 0.653998
vt 0.393717 0.064213
vt 0.248084 0.626956
vt 0.242622 0.634190
vt 0.991063 0.632182
vt 0.992324 0.630277
vt 0.993278 0.632052
vt 0.075830 0.559037
vt 0.116192 0.563369
vt 0.758164 0.536653
vt 0.589843 0.949802
vt 0.512874 0.655027
vt 0.513980 0.649577
vt 0.518223 0.655940
vt 0.315106 0.868575
vt 0.308411 0.843161
vt 0.318040 0.847430
vt 0.322088 0.416933
vt 0.390094 0.060785
vt 0.201967 0.633911
vt 0.217005 0.641364
vt 0.212716 0.639053
vt 0.487691 0.156977
vt 0.208227 0.453266
vt 0.214986 0.450822
vt 0.212099 0.461856
vt 0.436708 0.207011
vt 0.619049 0.898008
vt 0.223510 0.646311
vt 0.226540 0.651332
vt 0.986003 0.816660
vt 0.982799 0.816837
vt 0.984746 0.814742
vt 0.226452 0.637708
vt 0.974688 0.196486
vt 0.974888 0.193879
vt 0.748675 0.988410
vt 0.749558 0.985681
vt 0.751283 0.986068
vt 0.255006 0.633105
vt 0.027940 0.892236
vt 0.791913 0.322073
vt 0.789226 0.311525
vt 0.184700 0.214264
vt 0.187238 0.217493
vt 0.184305 0.226894
vt 0.025108 0.879087
vt 0.037266 0.855118
vt 0.035327 0.871196
vt 0.847458 0.574372
vt 0.842005 0.580283
vt 0.515187 0.126244
vt 0.998951 0.556403
vt 0.998114 0.556679
vt 0.997606 0.556403
vt 0.603339 0.172180
vt 0.602385 0.172902
vt 0.599595 0.173493
vt 0.602925 0.169893
vt 0.598274 0.178015
vt 0.603629 0.175514
vt 0.124972 0.225622
vt 0.123885 0.229912
vt 0.197953 0.992037
vt 0.199069 0.992099
vt 0.198104 0.993967
vt 0.586841 0.019621
vt 0.586087 0.022538
vt 0.581449 0.020275
vt 0.649096 0.114707
vt 0.433218 0.197171
vt 0.813753 0.997719
vt 0.814898 0.996379
vt 0.814898 0.997809
vt 0.236413 0.644675
vt 0.889984 0.375043
vt 0.881502 0.326797
vt 0.003463 0.637326
vt 0.523189 0.121103
vt 0.284715 0.370612
vt 0.558971 0.102415
vt 0.561691 0.111926
vt 0.219603 0.658921
vt 0.474596 0.146417
vt 0.860135 0.801289
vt 0.856493 0.794002
vt 0.861782 0.785801
vt 0.832535 0.397080
vt 0.178717 0.704395
vt 0.395804 0.760421
vt 0.337512 0.662993
vt 0.115093 0.223699
vt 0.471936 0.157247
vt 0.975258 0.376709
vt 0.978199 0.375259
vt 0.976351 0.377764
vt 0.234099 0.579757
vt 0.234926 0.570727
vt 0.237526 0.577511
vt 0.478284 0.150244
vt 0.480825 0.153170
vt 0.982714 0.535996
vt 0.984563 0.534095
vt 0.986894 0.535609
vt 0.327338 0.403316
vt 0.333475 0.408479
vt 0.334398 0.422310
vt 0.031445 0.032439
vt 0.186103 0.227764
vt 0.812780 0.328803
vt 0.388505 0.754428
vt 0.287201 0.814863
vt 0.516902 0.662323
vt 0.276138 0.836551
vt 0.279159 0.824363
vt 0.280150 0.838439
vt 0.271162 0.827458
vt 0.273735 0.831802
vt 0.545237 0.105354
vt 0.668379 0.725462
vt 0.668883 0.724157
vt 0.670020 0.717399
vt 0.586383 0.009063
vt 0.673347 0.720211
vt 0.669244 0.726446
vt 0.390106 0.056132
vt 0.397872 0.057436
vt 0.483612 0.467448
vt 0.485753 0.461375
vt 0.489515 0.466605
vt 0.427537 0.197927
vt 0.430862 0.191997
vt 0.429865 0.189204
vt 0.431628 0.182299
vt 0.654861 0.924120
vt 0.655033 0.927841
vt 0.233691 0.196634
vt 0.234834 0.190869
vt 0.657503 0.497087
vt 0.673583 0.470701
vt 0.769906 0.506296
vt 0.770658 0.520537
vt 0.126320 0.903850
vt 0.220350 0.682545
vt 0.327136 0.403186
vt 0.980240 0.377018
vt 0.994777 0.377164
vt 0.993626 0.377763
vt 0.993879 0.376009
vt 0.221956 0.643424
vt 0.018801 0.881148
vt 0.873133 0.328895
vt 0.092114 0.217374
vt 0.460717 0.158121
vt 0.457209 0.169369
vt 0.342900 0.409905
vt 0.343916 0.417566
vt 0.336450 0.008461
vt 0.338362 0.002480
vt 0.342053 0.003456
vt 0.684344 0.477410
vt 0.681084 0.470351
vt 0.685959 0.469631
vt 0.023038 0.511595
vt 0.847025 0.587658
vt 0.600429 0.954732
vt 0.245868 0.041601
vt 0.246935 0.052538
vt 0.243387 0.043512
vt 0.597426 0.939392
vt 0.603125 0.944524
vt 0.836214 0.238265
vt 0.328997 0.870092
vt 0.328045 0.860237
vt 0.481416 0.160474
vt 0.711599 0.599961
vt 0.705364 0.593764
vt 0.711858 0.592021
vt 0.616246 0.914139
vt 0.339905 0.009789
vt 0.426670 0.183323
vt 0.427119 0.177929
vt 0.797764 0.341536
vt 0.036514 0.892108
vt 0.138750 0.427888
vt 0.824803 0.576710
vt 0.822594 0.554497
vt 0.210763 0.416218
vt 0.210109 0.410409
vt 0.213798 0.412789
vt 0.954603 0.814413
vt 0.960489 0.816445
vt 0.951608 0.822272
vt 0.385570 0.669774
vt 0.575186 0.017225
vt 0.573467 0.013330
vt 0.578218 0.013248
vt 0.234003 0.649617
vt 0.241043 0.654952
vt 0.245655 0.652026
vt 0.079146 0.981882
vt 0.080673 0.983326
vt 0.080236 0.984986
vt 0.998931 0.228944
vt 0.997606 0.228041
vt 0.998977 0.228041
vt 0.238117 0.195034
vt 0.037654 0.888726
vt 0.781565 0.367398
vt 0.776695 0.363537
vt 0.781233 0.359097
vt 0.834470 0.242102
vt 0.346616 0.660667
vt 0.354426 0.668414
vt 0.227295 0.657096
vt 0.222807 0.670943
vt 0.351013 0.639581
vt 0.354442 0.631838
vt 0.355313 0.637036
vt 0.611531 0.440064
vt 0.611417 0.435023
vt 0.613267 0.430021
vt 0.235512 0.649522
vt 0.236548 0.649221
vt 0.997035 0.620015
vt 0.995982 0.620790
vt 0.995780 0.619350
vt 0.247992 0.656233
vt 0.102922 0.563925
vt 0.778443 0.369706
vt 0.122667 0.896522
vt 0.384497 0.691359
vt 0.396774 0.687438
vt 0.388084 0.693204
vt 0.576785 0.009223
vt 0.577649 0.010132
vt 0.578116 0.009803
vt 0.999128 0.055709
vt 0.999482 0.055635
vt 0.999745 0.055709
vt 0.353301 0.641672
vt 0.704544 0.585779
vt 0.704242 0.584749
vt 0.706093 0.582026
vt 0.703535 0.583898
vt 0.237461 0.649875
vt 0.389497 0.561923
vt 0.394450 0.561251
vt 0.390815 0.572192
vt 0.332637 0.038756
vt 0.333700 0.033895
vt 0.332882 0.037946
vt 0.978663 0.444579
vt 0.974291 0.440377
vt 0.978693 0.439395
vt 0.689072 0.478011
vt 0.692114 0.486323
vt 0.675107 0.469889
vt 0.678355 0.466917
vt 0.958996 0.826138
vt 0.351934 0.662656
vt 0.539123 0.455463
vt 0.536808 0.439230
vt 0.544293 0.458020
vt 0.104229 0.224122
vt 0.586260 0.002032
vt 0.976627 0.853595
vt 0.979939 0.853438
vt 0.977614 0.854802
vt 0.340328 0.416372
vt 0.336217 0.409895
vt 0.344745 0.418412
vt 0.711911 0.586175
vt 0.334276 0.038521
vt 0.962348 0.818482
vt 0.375298 0.665378
vt 0.024540 0.970751
vt 0.011988 0.967946
vt 0.022209 0.962111
vt 0.515147 0.113164
vt 0.542983 0.428862
vt 0.330068 0.385347
vt 0.335833 0.392569
vt 0.460803 0.153073
vt 0.335128 0.405543
vt 0.339351 0.404711
vt 0.614260 0.927238
vt 0.393836 0.569962
vt 0.687890 0.489526
vt 0.102731 0.527308
vt 0.842778 0.430468
vt 0.902821 0.349089
vt 0.904157 0.376405
vt 0.332415 0.871431
vt 0.336638 0.859045
vt 0.339343 0.867562
vt 0.030416 0.570384
vt 0.027823 0.567510
vt 0.027869 0.557314
vt 0.078163 0.210335
vt 0.200796 0.697086
vt 0.593468 0.347394
vt 0.596507 0.340598
vt 0.595635 0.349222
vt 0.346548 0.412977
vt 0.273329 0.646821
vt 0.026198 0.907338
vt 0.056731 0.890301
vt 0.995529 0.768226
vt 0.993626 0.768226
vt 0.995030 0.766975
vt 0.027346 0.500879
vt 0.135885 0.368582
vt 0.136523 0.359967
vt 0.138608 0.364033
vt 0.245280 0.661809
vt 0.332385 0.022943
vt 0.329026 0.010953
vt 0.326727 0.013467
vt 0.320138 0.016716
vt 0.328538 0.006987
vt 0.080943 0.047116
vt 0.044992 0.080010
vt 0.385999 0.765845
vt 0.780513 0.931155
vt 0.767757 0.933580
vt 0.764049 0.922773
vt 0.347160 0.875515
vt 0.365995 0.659639
vt 0.313575 0.825267
vt 0.549709 0.083141
vt 0.234231 0.653279
vt 0.347476 0.027237
vt 0.337953 0.015705
vt 0.139359 0.337763
vt 0.116242 0.359263
vt 0.113962 0.341238
vt 0.357266 0.651394
vt 0.527295 0.111831
vt 0.107467 0.234913
vt 0.106012 0.245477
vt 0.560481 0.082250
vt 0.447577 0.148513
vt 0.995658 0.061929
vt 0.993626 0.061929
vt 0.994530 0.060949
vt 0.339493 0.404135
vt 0.346218 0.396134
vt 0.345432 0.404164
vt 0.346026 0.023860
vt 0.244421 0.667807
vt 0.687343 0.501491
vt 0.139138 0.737755
vt 0.095182 0.235455
vt 0.443327 0.170063
vt 0.437018 0.176842
vt 0.431917 0.173234
vt 0.240643 0.649204
vt 0.245906 0.653176
vt 0.667102 0.489037
vt 0.834617 0.416350
vt 0.727446 0.037502
vt 0.703834 0.026395
vt 0.959342 0.838877
vt 0.355559 0.644137
vt 0.348867 0.864091
vt 0.337925 0.844873
vt 0.338352 0.852523
vt 0.503861 0.122908
vt 0.496079 0.109047
vt 0.523000 0.104546
vt 0.305133 0.369260
vt 0.311424 0.372895
vt 0.451499 0.158214
vt 0.129769 0.698854
vt 0.122852 0.685032
vt 0.129021 0.681901
vt 0.012879 0.959311
vt 0.069011 0.195029
vt 0.309785 0.807860
vt 0.321655 0.807333
vt 0.113663 0.014942
vt 0.111667 0.011778
vt 0.111919 0.006822
vt 0.262701 0.672167
vt 0.357707 0.868345
vt 0.065328 0.176680
vt 0.067773 0.181109
vt 0.066298 0.187126
vt 0.673872 0.685690
vt 0.675385 0.681700
vt 0.679181 0.681345
vt 0.132484 0.314256
vt 0.129099 0.320325
vt 0.128583 0.315334
vt 0.320429 0.023333
vt 0.339407 0.852912
vt 0.345746 0.851265
vt 0.507438 0.102932
vt 0.415223 0.689854
vt 0.420866 0.697820
vt 0.329272 0.023613
vt 0.326440 0.027354
vt 0.014320 0.510581
vt 0.152523 0.717137
vt 0.417135 0.681038
vt 0.241528 0.672634
vt 0.553177 0.068387
vt 0.241170 0.668358
vt 0.245278 0.676681
vt 0.347208 0.388460
vt 0.346277 0.391554
vt 0.345654 0.391731
vt 0.998906 0.524541
vt 0.998093 0.525820
vt 0.997606 0.524541
vt 0.993626 0.097534
vt 0.994892 0.097132
vt 0.995679 0.097534
vt 0.329720 0.024766
vt 0.610665 0.912219
vt 0.610472 0.892621
vt 0.315852 0.033546
vt 0.118685 0.984301
vt 0.116544 0.982061
vt 0.118055 0.979992
vt 0.127806 0.362070
vt 0.112351 0.368706
vt 0.707368 0.041634
vt 0.934173 0.539167
vt 0.935323 0.532758
vt 0.937178 0.536256
vt 0.528526 0.100673
vt 0.534581 0.102385
vt 0.626287 0.881993
vt 0.625919 0.872501
vt 0.631683 0.882905
vt 0.608472 0.911858
vt 0.430749 0.159249
vt 0.248145 0.684452
vt 0.246709 0.673962
vt 0.310178 0.030907
vt 0.340544 0.847097
vt 0.983317 0.602255
vt 0.983719 0.600355
vt 0.986564 0.602247
vt 0.331779 0.378066
vt 0.346027 0.380738
vt 0.354540 0.027953
vt 0.350960 0.029655
vt 0.107598 0.445754
vt 0.105551 0.453224
vt 0.102777 0.448254
vt 0.352444 0.855713
vt 0.385101 0.657057
vt 0.334589 0.818276
vt 0.357484 0.021800
vt 0.070019 0.898487
vt 0.065909 0.906031
vt 0.858400 0.431200
vt 0.858684 0.359613
vt 0.984881 0.202302
vt 0.983516 0.199829
vt 0.986020 0.200562
vt 0.682756 0.939526
vt 0.656154 0.945367
vt 0.664825 0.936282
vt 0.088890 0.241935
vt 0.360310 0.013688
vt 0.354475 0.020410
vt 0.675368 0.512724
vt 0.344774 0.842294
vt 0.654066 0.936006
vt 0.566756 0.107852
vt 0.568180 0.100536
vt 0.567565 0.104488
vt 0.111665 0.447275
vt 0.111442 0.454169
vt 0.112136 0.448121
vt 0.434165 0.149929
vt 0.773216 0.549287
vt 0.952513 0.853376
vt 0.934507 0.518275
vt 0.784694 0.577547
vt 0.784918 0.577033
vt 0.785243 0.576634
vt 0.786490 0.573800
vt 0.218898 0.354361
vt 0.214284 0.357496
vt 0.213272 0.351856
vt 0.785090 0.576341
vt 0.550624 0.766668
vt 0.550099 0.766609
vt 0.547890 0.764767
vt 0.246835 0.981380
vt 0.243841 0.984113
vt 0.243091 0.979587
vt 0.377634 0.652108
vt 0.323239 0.790465
vt 0.548464 0.076482
vt 0.101540 0.251195
vt 0.150154 0.700520
vt 0.762262 0.545288
vt 0.721877 0.066975
vt 0.951989 0.837229
vt 0.949990 0.840369
vt 0.775468 0.957503
vt 0.764718 0.955799
vt 0.786229 0.575526
vt 0.546308 0.766517
vt 0.325016 0.035461
vt 0.318224 0.036940
vt 0.692121 0.515981
vt 0.812440 0.355162
vt 0.098290 0.352651
vt 0.747973 0.545626
vt 0.745807 0.523020
vt 0.394699 0.743826
vt 0.861061 0.608747
vt 0.854990 0.610076
vt 0.858872 0.601537
vt 0.854536 0.603438
vt 0.398184 0.662033
vt 0.575913 0.088674
vt 0.570517 0.086473
vt 0.577275 0.081911
vt 0.611812 0.882871
vt 0.613161 0.871903
vt 0.615743 0.884091
vt 0.378940 0.028463
vt 0.324764 0.046785
vt 0.111943 0.058859
vt 0.733808 0.212796
vt 0.730657 0.213843
vt 0.737105 0.206577
vt 0.890025 0.350485
vt 0.793235 0.574929
vt 0.789447 0.573140
vt 0.792839 0.568434
vt 0.212015 0.354440
vt 0.349943 0.846599
vt 0.147376 0.847501
vt 0.150431 0.836896
vt 0.150563 0.853500
vt 0.374926 0.650887
vt 0.345040 0.828062
vt 0.348264 0.832641
vt 0.238969 0.683761
vt 0.309864 0.042460
vt 0.320760 0.045320
vt 0.092282 0.251367
vt 0.443154 0.139804
vt 0.642472 0.496945
vt 0.112369 0.440098
vt 0.130868 0.444285
vt 0.138485 0.562497
vt 0.693580 0.012266
vt 0.687556 0.018880
vt 0.688314 0.001713
vt 0.755276 0.544937
vt 0.787304 0.571842
vt 0.348515 0.234949
vt 0.348781 0.224511
vt 0.352973 0.235202
vt 0.051288 0.809602
vt 0.059112 0.803927
vt 0.062067 0.814208
vt 0.069570 0.219599
vt 0.572170 0.078943
vt 0.415705 0.668090
vt 0.645580 0.859578
vt 0.639418 0.874013
vt 0.436446 0.689587
vt 0.438139 0.696360
vt 0.799870 0.354140
vt 0.542555 0.765911
vt 0.544557 0.764842
vt 0.543879 0.764900
vt 0.994922 0.463254
vt 0.993626 0.462748
vt 0.995204 0.462463
vt 0.995598 0.463254
vt 0.544095 0.762827
vt 0.546459 0.762853
vt 0.995781 0.710049
vt 0.997382 0.710049
vt 0.996303 0.711265
vt 0.542810 0.760197
vt 0.784805 0.569242
vt 0.787080 0.565271
vt 0.384848 0.646245
vt 0.394546 0.648373
vt 0.571684 0.092275
vt 0.566794 0.095599
vt 0.301897 0.045310
vt 0.960336 0.850587
vt 0.356782 0.849531
vt 0.995780 0.194817
vt 0.996841 0.194158
vt 0.997480 0.194817
vt 0.992718 0.247323
vt 0.991063 0.247551
vt 0.991310 0.245892
vt 0.747520 0.802081
vt 0.739042 0.788036
vt 0.744450 0.788082
vt 0.378648 0.826068
vt 0.375715 0.840170
vt 0.375665 0.830202
vt 0.682122 0.961377
vt 0.816750 0.560006
vt 0.814004 0.552953
vt 0.819068 0.552333
vt 0.411825 0.656449
vt 0.338094 0.797135
vt 0.250765 0.703554
vt 0.257409 0.708620
vt 0.693783 0.527699
vt 0.036195 0.319246
vt 0.016724 0.336262
vt 0.021788 0.319390
vt 0.033303 0.307348
vt 0.532169 0.815513
vt 0.533853 0.807480
vt 0.542619 0.817954
vt 0.714103 0.071081
vt 0.502107 0.085105
vt 0.506887 0.097364
vt 0.075271 0.227729
vt 0.650524 0.865531
vt 0.111406 0.429640
vt 0.768727 0.547893
vt 0.584465 0.663911
vt 0.605302 0.663107
vt 0.595589 0.663174
vt 0.582457 0.650943
vt 0.595384 0.649618
vt 0.583057 0.655813
vt 0.664480 0.858729
vt 0.663474 0.862738
vt 0.392718 0.737992
vt 0.394755 0.737317
vt 0.732608 0.201347
vt 0.529694 0.760573
vt 0.051330 0.822285
vt 0.546437 0.739391
vt 0.532548 0.740797
vt 0.546973 0.734910
vt 0.519444 0.082892
vt 0.638239 0.478134
vt 0.631048 0.465918
vt 0.641766 0.470520
vt 0.524919 0.090616
vt 0.624956 0.854897
vt 0.469911 0.133344
vt 0.457368 0.135502
vt 0.461058 0.121456
vt 0.012804 0.523739
vt 0.005474 0.517455
vt 0.097439 0.372525
vt 0.817379 0.346264
vt 0.732061 0.198615
vt 0.690553 0.023057
vt 0.704557 0.071782
vt 0.371397 0.854295
vt 0.367721 0.860139
vt 0.364999 0.645172
vt 0.375467 0.642618
vt 0.376168 0.646944
vt 0.367221 0.639859
vt 0.738152 0.805252
vt 0.380507 0.652981
vt 0.381256 0.649103
vt 0.647109 0.949864
vt 0.649525 0.938692
vt 0.399615 0.642463
vt 0.411990 0.654828
vt 0.396854 0.646165
vt 0.572512 0.067755
vt 0.574448 0.074488
vt 0.433423 0.682459
vt 0.472276 0.123003
vt 0.327225 0.056372
vt 0.376229 0.005622
vt 0.303870 0.057675
vt 0.975557 0.736399
vt 0.978831 0.741163
vt 0.974151 0.740079
vt 0.800574 0.379938
vt 0.788814 0.384126
vt 0.526499 0.817505
vt 0.527632 0.804856
vt 0.686207 0.023627
vt 0.543008 0.807959
vt 0.802152 0.968133
vt 0.804917 0.956846
vt 0.805674 0.968002
vt 0.792000 0.560889
vt 0.059608 0.822410
vt 0.746082 0.808376
vt 0.541384 0.731804
vt 0.443186 0.127192
vt 0.268450 0.622529
vt 0.265220 0.620947
vt 0.268735 0.614160
vt 0.002598 0.497917
vt 0.001498 0.493388
vt 0.005435 0.500393
vt 0.009009 0.493381
vt 0.029933 0.126279
vt 0.007286 0.089502
vt 0.003688 0.520743
vt 0.140593 0.572339
vt 0.133897 0.712155
vt 0.536061 0.787902
vt 0.529348 0.783608
vt 0.542658 0.777386
vt 0.981139 0.085269
vt 0.974723 0.087889
vt 0.974804 0.084340
vt 0.763265 0.962335
vt 0.346203 0.800089
vt 0.348755 0.808998
vt 0.431271 0.671273
vt 0.296835 0.048022
vt 0.940305 0.436242
vt 0.944433 0.426977
vt 0.948919 0.439093
vt 0.045418 0.983217
vt 0.041313 0.983316
vt 0.042523 0.979794
vt 0.366572 0.841503
vt 0.371953 0.836420
vt 0.538181 0.752620
vt 0.542832 0.746234
vt 0.397281 0.633897
vt 0.406390 0.639028
vt 0.427027 0.662670
vt 0.952276 0.425418
vt 0.578085 0.298604
vt 0.574781 0.298971
vt 0.575394 0.292627
vt 0.124687 0.046813
vt 0.665651 0.003477
vt 0.533993 0.766584
vt 0.359146 0.851080
vt 0.362341 0.843141
vt 0.121150 0.830581
vt 0.116465 0.823951
vt 0.123429 0.821996
vt 0.498372 0.127257
vt 0.485907 0.118973
vt 0.634422 0.451930
vt 0.639382 0.457161
vt 0.294115 0.054426
vt 0.039368 0.482939
vt 0.030546 0.479811
vt 0.044501 0.472421
vt 0.049132 0.455964
vt 0.691487 0.538988
vt 0.660815 0.845986
vt 0.652803 0.846457
vt 0.568464 0.701084
vt 0.558004 0.708258
vt 0.562469 0.701066
vt 0.137925 0.536261
vt 0.428544 0.664104
vt 0.898598 0.747443
vt 0.886806 0.735762
vt 0.884713 0.728064
vt 0.041854 0.322318
vt 0.034325 0.326359
vt 0.655667 0.534585
vt 0.089091 0.327271
vt 0.091931 0.318076
vt 0.094339 0.326531
vt 0.879454 0.722916
vt 0.876116 0.715101
vt 0.868877 0.709643
vt 0.686224 0.058750
vt 0.489938 0.759924
vt 0.485316 0.749027
vt 0.493043 0.755675
vt 0.526855 0.748991
vt 0.375926 0.846355
vt 0.380804 0.839674
vt 0.520357 0.742762
vt 0.663404 0.969942
vt 0.677927 0.971615
vt 0.427587 0.633813
vt 0.425503 0.656698
vt 0.310463 0.072881
vt 0.251056 0.709700
vt 0.027272 0.486655
vt 0.166598 0.051490
vt 0.159538 0.056267
vt 0.157844 0.045056
vt 0.579178 0.692102
vt 0.585589 0.693097
vt 0.442518 0.114327
vt 0.559354 0.716531
vt 0.547263 0.708161
vt 0.417329 0.803698
vt 0.416980 0.799474
vt 0.421643 0.797874
vt 0.295282 0.672249
vt 0.093217 0.342565
vt 0.519045 0.776978
vt 0.610730 0.865421
vt 0.612045 0.862186
vt 0.995604 0.324563
vt 0.995604 0.325671
vt 0.993626 0.325113
vt 0.337209 0.064822
vt 0.950533 0.450633
vt 0.938528 0.451737
vt 0.158236 0.069362
vt 0.898420 0.710474
vt 0.544589 0.723647
vt 0.540721 0.712198
vt 0.004795 0.481696
vt 0.042976 0.108350
vt 0.673873 0.028046
vt 0.695822 0.074905
vt 0.603245 0.575959
vt 0.620883 0.576230
vt 0.608493 0.580989
vt 0.868731 0.701553
vt 0.110137 0.421635
vt 0.091613 0.355905
vt 0.468624 0.147770
vt 0.466128 0.138585
vt 0.468420 0.137774
vt 0.808730 0.382333
vt 0.809023 0.374634
vt 0.812255 0.379984
vt 0.478107 0.595511
vt 0.479272 0.585930
vt 0.480887 0.589928
vt 0.353781 0.067926
vt 0.350291 0.077903
vt 0.395752 0.012388
vt 0.388375 0.040577
vt 0.388338 0.005375
vt 0.469406 0.114591
vt 0.451724 0.119714
vt 0.583482 0.707050
vt 0.048013 0.442084
vt 0.081581 0.388594
vt 0.101507 0.388200
vt 0.511688 0.810246
vt 0.378879 0.848835
vt 0.116187 0.814615
vt 0.131215 0.809317
vt 0.486133 0.928448
vt 0.486324 0.911001
vt 0.501382 0.918915
vt 0.013830 0.352102
vt 0.032102 0.104933
vt 0.021519 0.109963
vt 0.034805 0.099362
vt 0.418178 0.792333
vt 0.425242 0.791042
vt 0.018465 0.117319
vt 0.124215 0.738387
vt 0.522839 0.759799
vt 0.698785 0.090959
vt 0.686352 0.089278
vt 0.531404 0.198930
vt 0.534542 0.203662
vt 0.531093 0.206834
vt 0.818570 0.905383
vt 0.811984 0.897769
vt 0.826629 0.905014
vt 0.408909 0.029062
vt 0.504646 0.932603
vt 0.629520 0.839790
vt 0.647060 0.831811
vt 0.284110 0.693160
vt 0.909261 0.748521
vt 0.019796 0.350376
vt 0.013243 0.471876
vt 0.299782 0.684303
vt 0.682416 0.067240
vt 0.530296 0.211969
vt 0.535870 0.207671
vt 0.523463 0.746908
vt 0.407773 0.048080
vt 0.389704 0.049791
vt 0.420129 0.038656
vt 0.620134 0.850470
vt 0.623580 0.849401
vt 0.173257 0.060705
vt 0.893581 0.780812
vt 0.901028 0.775563
vt 0.898799 0.786461
vt 0.021146 0.475209
vt 0.457324 0.110126
vt 0.451623 0.093055
vt 0.655139 0.828740
vt 0.486128 0.896256
vt 0.486304 0.891294
vt 0.492516 0.893760
vt 0.513640 0.820503
vt 0.056846 0.603555
vt 0.059122 0.605348
vt 0.059497 0.609440
vt 0.239079 0.404122
vt 0.231976 0.412508
vt 0.230929 0.401043
vt 0.991614 0.105397
vt 0.992140 0.103402
vt 0.993263 0.104885
vt 0.356164 0.091924
vt 0.333170 0.095715
vt 0.824297 0.890443
vt 0.974916 0.512484
vt 0.979914 0.514561
vt 0.975734 0.515417
vt 0.897555 0.128913
vt 0.890930 0.120962
vt 0.900955 0.112279
vt 0.635117 0.527592
vt 0.090118 0.439887
vt 0.133826 0.696059
vt 0.230200 0.405020
vt 0.934402 0.210890
vt 0.935118 0.206558
vt 0.943175 0.207427
vt 0.404918 0.621816
vt 0.415945 0.621460
vt 0.425223 0.852036
vt 0.422040 0.835156
vt 0.427532 0.833041
vt 0.304714 0.067116
vt 0.490409 0.938143
vt 0.900514 0.124189
vt 0.804363 0.907799
vt 0.798301 0.872140
vt 0.799307 0.890673
vt 0.894939 0.488883
vt 0.893463 0.499065
vt 0.881491 0.495964
vt 0.041771 0.107315
vt 0.031865 0.119585
vt 0.207562 0.821793
vt 0.203243 0.822033
vt 0.206964 0.816164
vt 0.125027 0.064172
vt 0.444222 0.694483
vt 0.450434 0.699679
vt 0.444475 0.704393
vt 0.975363 0.788046
vt 0.978764 0.786685
vt 0.978573 0.788687
vt 0.628817 0.551692
vt 0.635159 0.561270
vt 0.624371 0.559726
vt 0.631152 0.640373
vt 0.140536 0.822662
vt 0.524463 0.070085
vt 0.539109 0.064844
vt 0.534010 0.072571
vt 0.921132 0.134690
vt 0.908114 0.134995
vt 0.627968 0.822069
vt 0.910368 0.734820
vt 0.873594 0.529038
vt 0.867711 0.504934
vt 0.874764 0.508750
vt 0.894081 0.686300
vt 0.158890 0.576324
vt 0.508943 0.811775
vt 0.750848 0.707323
vt 0.751096 0.700290
vt 0.753704 0.700402
vt 0.678917 0.085369
vt 0.924540 0.558162
vt 0.928184 0.545120
vt 0.934309 0.560153
vt 0.934465 0.546660
vt 0.938643 0.218062
vt 0.921383 0.554219
vt 0.524657 0.981974
vt 0.523685 0.980155
vt 0.524728 0.979605
vt 0.877850 0.795310
vt 0.622309 0.836172
vt 0.625853 0.829363
vt 0.806146 0.870030
vt 0.891186 0.520173
vt 0.439737 0.056759
vt 0.443114 0.067363
vt 0.437671 0.070633
vt 0.044304 0.104340
vt 0.066380 0.359699
vt 0.678347 0.879131
vt 0.680177 0.873829
vt 0.684599 0.880841
vt 0.626453 0.564773
vt 0.636241 0.566082
vt 0.484761 0.067780
vt 0.493814 0.067509
vt 0.440928 0.849533
vt 0.145328 0.814608
vt 0.532248 0.045965
vt 0.123149 0.797539
vt 0.125533 0.802941
vt 0.160760 0.077756
vt 0.889458 0.750136
vt 0.005816 0.380855
vt 0.570609 0.727951
vt 0.551916 0.734172
vt 0.636737 0.649066
vt 0.130901 0.793990
vt 0.833385 0.900435
vt 0.876669 0.791617
vt 0.951380 0.462657
vt 0.622468 0.317156
vt 0.629351 0.301834
vt 0.630502 0.314023
vt 0.889621 0.768621
vt 0.642027 0.815489
vt 0.445375 0.090014
vt 0.510197 0.898840
vt 0.685804 0.873069
vt 0.016611 0.981831
vt 0.015236 0.980216
vt 0.015600 0.978705
vt 0.615914 0.640217
vt 0.137798 0.831027
vt 0.944552 0.461775
vt 0.033098 0.438907
vt 0.641951 0.055679
vt 0.658991 0.074469
vt 0.245799 0.411383
vt 0.436385 0.829268
vt 0.344193 0.089372
vt 0.310274 0.089300
vt 0.496653 0.939934
vt 0.142115 0.849590
vt 0.136288 0.844618
vt 0.142652 0.835793
vt 0.904375 0.094300
vt 0.910426 0.717882
vt 0.648820 0.817973
vt 0.005353 0.468927
vt 0.078711 0.949945
vt 0.090393 0.953356
vt 0.090510 0.972664
vt 0.200000 0.805686
vt 0.097901 0.082172
vt 0.627134 0.016574
vt 0.628978 0.668829
vt 0.615272 0.670901
vt 0.646261 0.548129
vt 0.630081 0.679638
vt 0.621141 0.686379
vt 0.617462 0.672826
vt 0.156740 0.075778
vt 0.021005 0.443246
vt 0.002659 0.373096
vt 0.640115 0.155846
vt 0.639050 0.151560
vt 0.640399 0.148235
vt 0.628721 0.674527
vt 0.983115 0.454735
vt 0.986093 0.452921
vt 0.987010 0.455756
vt 0.924946 0.139047
vt 0.335143 0.973642
vt 0.333131 0.968919
vt 0.339469 0.969711
vt 0.598380 0.706875
vt 0.592806 0.701722
vt 0.592749 0.722385
vt 0.800632 0.856760
vt 0.791596 0.860099
vt 0.796629 0.839062
vt 0.516058 0.903679
vt 0.077618 0.974045
vt 0.926339 0.573002
vt 0.434794 0.649730
vt 0.434958 0.654690
vt 0.431792 0.651690
vt 0.109407 0.971456
vt 0.097462 0.955678
vt 0.109992 0.960713
vt 0.413389 0.608817
vt 0.449759 0.830408
vt 0.833708 0.878098
vt 0.560318 0.058391
vt 0.548552 0.061623
vt 0.553496 0.052608
vt 0.799912 0.983236
vt 0.799825 0.979526
vt 0.801808 0.979179
vt 0.178028 0.033213
vt 0.184950 0.033424
vt 0.175981 0.046282
vt 0.562084 0.052604
vt 0.564590 0.055275
vt 0.346195 0.963818
vt 0.347048 0.968812
vt 0.470800 0.085716
vt 0.464649 0.086872
vt 0.473883 0.076177
vt 0.627214 0.804649
vt 0.516989 0.926735
vt 0.910236 0.696842
vt 0.205008 0.804103
vt 0.507214 0.830533
vt 0.471272 0.796682
vt 0.049439 0.332569
vt 0.048782 0.321714
vt 0.059845 0.331522
vt 0.944359 0.226579
vt 0.935596 0.228428
vt 0.215679 0.221052
vt 0.213875 0.222102
vt 0.216009 0.211537
vt 0.452154 0.849163
vt 0.543049 0.048055
vt 0.158602 0.083705
vt 0.503355 0.943197
vt 0.182318 0.040923
vt 0.329976 0.961091
vt 0.522926 0.259999
vt 0.523347 0.251833
vt 0.523186 0.259574
vt 0.329941 0.955957
vt 0.174362 0.995446
vt 0.173580 0.996236
vt 0.173580 0.994376
vt 0.885492 0.541943
vt 0.869726 0.541444
vt 0.132177 0.062828
vt 0.043269 0.351354
vt 0.220454 0.039896
vt 0.223637 0.056746
vt 0.194979 0.034060
vt 0.902804 0.306617
vt 0.897703 0.305019
vt 0.901166 0.298936
vt 0.511088 0.777423
vt 0.659770 0.579973
vt 0.627270 0.581806
vt 0.496453 0.050278
vt 0.409856 0.021555
vt 0.423442 0.018232
vt 0.870602 0.795957
vt 0.956078 0.883387
vt 0.957117 0.873220
vt 0.963181 0.876521
vt 0.395331 0.489970
vt 0.394013 0.490457
vt 0.397067 0.483021
vt 0.961940 0.869976
vt 0.875586 0.663384
vt 0.875598 0.663931
vt 0.875353 0.663894
vt 0.875810 0.664733
vt 0.916019 0.086931
vt 0.899008 0.312018
vt 0.887055 0.306770
vt 0.900001 0.289275
vt 0.138265 0.791187
vt 0.420477 0.818200
vt 0.535431 0.049081
vt 0.604787 0.693126
vt 0.610368 0.694061
vt 0.604755 0.697462
vt 0.187726 0.041445
vt 0.962992 0.886499
vt 0.958187 0.888879
vt 0.807968 0.858287
vt 0.818519 0.862572
vt 0.958942 0.864253
vt 0.962074 0.863022
vt 0.960378 0.860302
vt 0.874749 0.664415
vt 0.877195 0.672784
vt 0.871656 0.661083
vt 0.519036 0.257430
vt 0.522700 0.260126
vt 0.452803 0.072056
vt 0.880944 0.751820
vt 0.786651 0.850752
vt 0.789188 0.840304
vt 0.791478 0.816223
vt 0.633052 0.686132
vt 0.630240 0.687519
vt 0.649394 0.561073
vt 0.460476 0.829646
vt 0.521117 0.045425
vt 0.188654 0.049043
vt 0.181519 0.054245
vt 0.178175 0.051671
vt 0.188356 0.044986
vt 0.619832 0.805648
vt 0.331471 0.947952
vt 0.346124 0.957542
vt 0.875328 0.686321
vt 0.871289 0.686602
vt 0.630840 0.188518
vt 0.629832 0.180514
vt 0.631976 0.182826
vt 0.327129 0.950900
vt 0.403569 0.844071
vt 0.409943 0.843559
vt 0.409157 0.846302
vt 0.326039 0.949665
vt 0.327995 0.947723
vt 0.787666 0.853752
vt 0.030669 0.130088
vt 0.411655 0.604108
vt 0.145467 0.830329
vt 0.156355 0.823667
vt 0.323934 0.105040
vt 0.373231 0.744893
vt 0.383108 0.747431
vt 0.384725 0.752783
vt 0.352401 0.959710
vt 0.371308 0.738390
vt 0.385007 0.739034
vt 0.869458 0.679138
vt 0.405012 0.850705
vt 0.990725 0.358074
vt 0.988949 0.359056
vt 0.988103 0.358084
vt 0.066092 0.427874
vt 0.168948 0.559652
vt 0.463350 0.816675
vt 0.426552 0.611441
vt 0.445905 0.025956
vt 0.426113 0.806619
vt 0.637126 0.538130
vt 0.631317 0.543051
vt 0.633919 0.534322
vt 0.894068 0.533621
vt 0.913695 0.080959
vt 0.198185 0.803657
vt 0.887293 0.686127
vt 0.889104 0.683095
vt 0.651743 0.567173
vt 0.104508 0.953483
vt 0.157396 0.833903
vt 0.157357 0.807474
vt 0.348277 0.089564
vt 0.352227 0.097451
vt 0.436036 0.639740
vt 0.442310 0.626531
vt 0.440609 0.643673
vt 0.004503 0.609441
vt 0.003049 0.604776
vt 0.011707 0.601011
vt 0.814300 0.854514
vt 0.344542 0.950284
vt 0.030847 0.370799
vt 0.031824 0.362025
vt 0.876368 0.733124
vt 0.052805 0.118894
vt 0.067303 0.971286
vt 0.352945 0.038358
vt 0.354320 0.035246
vt 0.356861 0.035357
vt 0.154261 0.059697
vt 0.833583 0.768939
vt 0.831154 0.761447
vt 0.838417 0.753813
vt 0.626002 0.623152
vt 0.851759 0.088374
vt 0.852833 0.071109
vt 0.859042 0.077949
vt 0.297754 0.205559
vt 0.301675 0.201429
vt 0.300237 0.217835
vt 0.849294 0.823524
vt 0.850270 0.820428
vt 0.857461 0.822648
vt 0.204311 0.384174
vt 0.200523 0.375806
vt 0.203606 0.363875
vt 0.593426 0.429152
vt 0.593866 0.436603
vt 0.587950 0.429805
vt 0.189062 0.964653
vt 0.192876 0.950664
vt 0.197662 0.969525
vt 0.207898 0.948732
vt 0.196458 0.945975
vt 0.201842 0.944587
vt 0.729375 0.675736
vt 0.725422 0.682503
vt 0.725008 0.673623
vt 0.202576 0.797404
vt 0.582787 0.314714
vt 0.584948 0.303864
vt 0.589624 0.306954
vt 0.424546 0.066930
vt 0.420375 0.072447
vt 0.417714 0.063064
vt 0.443777 0.011790
vt 0.435923 0.813773
vt 0.207631 0.370795
vt 0.003304 0.594219
vt 0.830399 0.589798
vt 0.828124 0.583186
vt 0.831632 0.581144
vt 0.045868 0.143468
vt 0.141948 0.369762
vt 0.162544 0.358367
vt 0.146421 0.383179
vt 0.016603 0.468773
vt 0.018159 0.129784
vt 0.044068 0.370381
vt 0.590042 0.309371
vt 0.201387 0.044941
vt 0.201260 0.046169
vt 0.206269 0.067814
vt 0.932134 0.244792
vt 0.642690 0.671367
vt 0.435613 0.613271
vt 0.857839 0.092158
vt 0.294150 0.221902
vt 0.886998 0.994087
vt 0.886357 0.992037
vt 0.887484 0.992037
vt 0.544003 0.043595
vt 0.186867 0.973905
vt 0.193057 0.970456
vt 0.986944 0.621934
vt 0.983366 0.622429
vt 0.984437 0.621748
vt 0.338205 0.058044
vt 0.336965 0.059350
vt 0.336851 0.053610
vt 0.352517 0.950684
vt 0.820760 0.985213
vt 0.820760 0.987674
vt 0.820079 0.987617
vt 0.006706 0.587532
vt 0.464827 0.063273
vt 0.473734 0.072842
vt 0.984877 0.216602
vt 0.984634 0.214422
vt 0.986829 0.214618
vt 0.631133 0.800189
vt 0.452085 0.177073
vt 0.445390 0.174307
vt 0.451144 0.171276
vt 0.872006 0.736169
vt 0.022392 0.434255
vt 0.027124 0.434979
vt 0.356342 0.058775
vt 0.892727 0.682535
vt 0.998886 0.939876
vt 0.998225 0.939991
vt 0.997606 0.939876
vt 0.671174 0.082056
vt 0.656853 0.089244
vt 0.052429 0.316525
vt 0.625863 0.595993
vt 0.633845 0.595164
vt 0.421978 0.587104
vt 0.429230 0.589466
vt 0.163441 0.830026
vt 0.616022 0.700971
vt 0.539800 0.038535
vt 0.734565 0.685810
vt 0.447049 0.183649
vt 0.792096 0.869506
vt 0.768385 0.875556
vt 0.784528 0.866725
vt 0.001938 0.387964
vt 0.003950 0.402452
vt 0.585865 0.738355
vt 0.075609 0.104941
vt 0.053295 0.112090
vt 0.353822 0.059007
vt 0.832895 0.756456
vt 0.837431 0.750404
vt 0.455471 0.595236
vt 0.454930 0.615594
vt 0.452784 0.595242
vt 0.649547 0.646723
vt 0.449851 0.637674
vt 0.446914 0.813156
vt 0.446625 0.647890
vt 0.185255 0.968749
vt 0.183857 0.967873
vt 0.183251 0.962375
vt 0.349744 0.949388
vt 0.333549 0.943579
vt 0.773252 0.882347
vt 0.331104 0.942598
vt 0.779847 0.841758
vt 0.837805 0.991672
vt 0.836791 0.989943
vt 0.837805 0.989188
vt 0.924276 0.077205
vt 0.010820 0.456229
vt 0.117494 0.084833
vt 0.150628 0.064643
vt 0.135840 0.065156
vt 0.879215 0.296222
vt 0.884615 0.280639
vt 0.844894 0.295029
vt 0.813684 0.297862
vt 0.841698 0.270993
vt 0.858286 0.056478
vt 0.855029 0.034746
vt 0.868948 0.054512
vt 0.662530 0.554836
vt 0.852603 0.103765
vt 0.268596 0.925846
vt 0.275234 0.950547
vt 0.266504 0.932626
vt 0.993418 0.462924
vt 0.991702 0.463652
vt 0.991063 0.462924
vt 0.266643 0.948320
vt 0.630068 0.700931
vt 0.855322 0.834868
vt 0.477830 0.266408
vt 0.472395 0.271624
vt 0.477154 0.259011
vt 0.190742 0.954501
vt 0.821880 0.848827
vt 0.627257 0.797184
vt 0.189239 0.946333
vt 0.192459 0.946886
vt 0.777653 0.865833
vt 0.727974 0.998995
vt 0.728411 0.998075
vt 0.728566 0.999110
vt 0.205450 0.999256
vt 0.205450 0.998074
vt 0.206476 0.999022
vt 0.043351 0.985991
vt 0.044921 0.985680
vt 0.042727 0.986873
vt 0.043850 0.987338
vt 0.043218 0.988491
vt 0.780474 0.863977
vt 0.781836 0.864213
vt 0.158159 0.384864
vt 0.096438 0.097795
vt 0.715116 0.431022
vt 0.726317 0.441973
vt 0.717341 0.437383
vt 0.875537 0.082716
vt 0.864038 0.073994
vt 0.874929 0.075712
vt 0.445077 0.599892
vt 0.267210 0.957493
vt 0.211740 0.511083
vt 0.212239 0.503150
vt 0.213465 0.510132
vt 0.965736 0.793037
vt 0.969127 0.795220
vt 0.967010 0.806912
vt 0.832790 0.863724
vt 0.185193 0.956235
vt 0.472994 0.060868
vt 0.735775 0.677217
vt 0.008901 0.405105
vt 0.017232 0.392835
vt 0.984291 0.571101
vt 0.982714 0.569788
vt 0.986471 0.570932
vt 0.002141 0.456591
vt 0.020838 0.433460
vt 0.908893 0.691134
vt 0.731363 0.432540
vt 0.725258 0.409519
vt 0.716673 0.417783
vt 0.718588 0.411946
vt 0.881412 0.302331
vt 0.874951 0.065215
vt 0.830127 0.305380
vt 0.861376 0.031622
vt 0.652031 0.691174
vt 0.437714 0.597422
vt 0.435349 0.590140
vt 0.435875 0.592923
vt 0.308765 0.125107
vt 0.858718 0.101403
vt 0.513848 0.027566
vt 0.636148 0.707938
vt 0.471830 0.263509
vt 0.985772 0.015963
vt 0.983608 0.017897
vt 0.982714 0.015656
vt 0.824726 0.595746
vt 0.243844 0.137277
vt 0.241441 0.133886
vt 0.243901 0.131491
vt 0.738838 0.685427
vt 0.242367 0.102463
vt 0.245339 0.101383
vt 0.247596 0.106675
vt 0.563544 0.028004
vt 0.554565 0.030769
vt 0.563672 0.024278
vt 0.777318 0.851773
vt 0.833712 0.746513
vt 0.831842 0.738281
vt 0.836338 0.742753
vt 0.723563 0.423435
vt 0.339900 0.752468
vt 0.334106 0.751666
vt 0.332611 0.743442
vt 0.888794 0.271483
vt 0.892419 0.279906
vt 0.475655 0.779470
vt 0.987734 0.452049
vt 0.990000 0.450059
vt 0.990427 0.452398
vt 0.934148 0.251024
vt 0.937140 0.586995
vt 0.655312 0.627522
vt 0.653729 0.614895
vt 0.446560 0.994185
vt 0.446560 0.992037
vt 0.447323 0.993693
vt 0.169989 0.815497
vt 0.301509 0.105308
vt 0.563712 0.001406
vt 0.567926 0.001864
vt 0.561221 0.008489
vt 0.215123 0.504203
vt 0.434370 0.801604
vt 0.610137 0.805615
vt 0.611543 0.798470
vt 0.616897 0.721215
vt 0.605829 0.719135
vt 0.830562 0.598642
vt 0.595884 0.739648
vt 0.782500 0.832510
vt 0.776176 0.811944
vt 0.896466 0.546323
vt 0.784137 0.808261
vt 0.064076 0.114674
vt 0.058355 0.121927
vt 0.869356 0.731838
vt 0.127474 0.078205
vt 0.673047 0.652966
vt 0.673985 0.643245
vt 0.684082 0.648785
vt 0.662487 0.281453
vt 0.666102 0.283810
vt 0.662913 0.287783
vt 0.585053 0.764647
vt 0.584133 0.757036
vt 0.585981 0.753208
vt 0.584121 0.764578
vt 0.682741 0.639843
vt 0.488908 0.675143
vt 0.492212 0.678124
vt 0.489427 0.684638
vt 0.877822 0.280318
vt 0.928640 0.970553
vt 0.925324 0.971421
vt 0.932860 0.957379
vt 0.885878 0.245531
vt 0.890355 0.244935
vt 0.890504 0.258111
vt 0.667771 0.558319
vt 0.444149 0.614165
vt 0.294969 0.241564
vt 0.158469 0.185324
vt 0.162540 0.183870
vt 0.160623 0.190923
vt 0.162729 0.164838
vt 0.161497 0.177312
vt 0.158413 0.168977
vt 0.502565 0.032375
vt 0.440612 0.788685
vt 0.201238 0.310605
vt 0.200909 0.303409
vt 0.204327 0.306714
vt 0.044489 0.598381
vt 0.042820 0.591691
vt 0.045215 0.592065
vt 0.617767 0.791520
vt 0.456415 0.062365
vt 0.774025 0.865042
vt 0.771009 0.830038
vt 0.157458 0.355105
vt 0.057138 0.124320
vt 0.057745 0.123095
vt 0.652928 0.997828
vt 0.653843 0.996379
vt 0.654256 0.997828
vt 0.715958 0.370574
vt 0.718119 0.380918
vt 0.713383 0.375385
vt 0.341315 0.746910
vt 0.344963 0.736353
vt 0.995519 0.975444
vt 0.993626 0.975444
vt 0.994823 0.974658
vt 0.875856 0.069098
vt 0.421536 0.933841
vt 0.418478 0.932531
vt 0.425876 0.927759
vt 0.927116 0.962087
vt 0.927382 0.952902
vt 0.930200 0.945366
vt 0.933755 0.966944
vt 0.934100 0.945401
vt 0.939088 0.945145
vt 0.165506 0.228840
vt 0.160473 0.225981
vt 0.163065 0.225458
vt 0.267246 0.918168
vt 0.301240 0.231212
vt 0.140907 0.782783
vt 0.143683 0.781696
vt 0.147648 0.787282
vt 0.158221 0.178389
vt 0.975635 0.281922
vt 0.979489 0.284629
vt 0.975997 0.285176
vt 0.338812 0.048575
vt 0.335804 0.050993
vt 0.334629 0.045581
vt 0.828504 0.851734
vt 0.536298 0.011845
vt 0.544445 0.034452
vt 0.429634 0.773391
vt 0.185463 0.294827
vt 0.189809 0.295288
vt 0.242899 0.111223
vt 0.978592 0.661342
vt 0.979082 0.666362
vt 0.975866 0.662120
vt 0.031545 0.383093
vt 0.772243 0.802188
vt 0.059068 0.146089
vt 0.036085 0.982036
vt 0.036971 0.978983
vt 0.035985 0.985326
vt 0.157118 0.742694
vt 0.157199 0.747205
vt 0.155076 0.743922
vt 0.181211 0.551701
vt 0.683168 0.659542
vt 0.864892 0.323523
vt 0.869111 0.298745
vt 0.873472 0.319048
vt 0.871998 0.305261
vt 0.981466 0.077444
vt 0.978034 0.081949
vt 0.974674 0.077353
vt 0.846638 0.757182
vt 0.853640 0.758768
vt 0.579209 0.751125
vt 0.585100 0.744621
vt 0.990629 0.505446
vt 0.988244 0.505500
vt 0.990168 0.503711
vt 0.989858 0.047942
vt 0.987734 0.046727
vt 0.990068 0.046360
vt 0.434317 0.924122
vt 0.431976 0.922230
vt 0.429296 0.916150
vt 0.430476 0.913537
vt 0.838936 0.730025
vt 0.836876 0.720582
vt 0.845789 0.712889
vt 0.444741 0.607177
vt 0.293169 0.232235
vt 0.215409 0.501870
vt 0.863705 0.854495
vt 0.222686 0.853179
vt 0.221882 0.840291
vt 0.226756 0.846129
vt 0.219487 0.845574
vt 0.459280 0.797856
vt 0.130286 0.784956
vt 0.128366 0.783372
vt 0.132923 0.780629
vt 0.193516 0.316411
vt 0.245802 0.131931
vt 0.244608 0.126524
vt 0.624772 0.794510
vt 0.762907 0.866627
vt 0.023754 0.399705
vt 0.034644 0.368022
vt 0.038607 0.375290
vt 0.737796 0.429245
vt 0.728874 0.424462
vt 0.732482 0.414905
vt 0.743558 0.963595
vt 0.750956 0.955268
vt 0.753350 0.971196
vt 0.161204 0.750786
vt 0.165262 0.747607
vt 0.163995 0.760444
vt 0.724469 0.395891
vt 0.716098 0.391285
vt 0.711059 0.110393
vt 0.705067 0.109934
vt 0.708490 0.101155
vt 0.680343 0.660355
vt 0.935278 0.263982
vt 0.942553 0.253361
vt 0.953619 0.249646
vt 0.993470 0.209186
vt 0.992328 0.210020
vt 0.991063 0.209186
vt 0.836656 0.249813
vt 0.841451 0.740620
vt 0.849865 0.734291
vt 0.877817 0.279662
vt 0.869293 0.280589
vt 0.436688 0.928590
vt 0.432228 0.933712
vt 0.330886 0.984568
vt 0.329926 0.982069
vt 0.331971 0.982005
vt 0.125636 0.320064
vt 0.120077 0.315709
vt 0.125252 0.316107
vt 0.645994 0.082776
vt 0.203301 0.178186
vt 0.202614 0.201447
vt 0.200845 0.196634
vt 0.857838 0.114782
vt 0.160685 0.207310
vt 0.152855 0.200937
vt 0.569054 0.021536
vt 0.563432 0.018358
vt 0.428635 0.035837
vt 0.435355 0.032892
vt 0.430872 0.040233
vt 0.117910 0.990493
vt 0.119452 0.989575
vt 0.119452 0.991717
vt 0.290931 0.311666
vt 0.287280 0.314718
vt 0.293081 0.310884
vt 0.286832 0.308760
vt 0.471417 0.258394
vt 0.993626 0.335030
vt 0.994543 0.335071
vt 0.994696 0.335774
vt 0.249338 0.111991
vt 0.248471 0.111882
vt 0.602506 0.736163
vt 0.168333 0.400721
vt 0.161013 0.394400
vt 0.008570 0.442233
vt 0.111567 0.086994
vt 0.114812 0.099997
vt 0.579377 0.962485
vt 0.569638 0.959299
vt 0.581337 0.953587
vt 0.515580 0.266417
vt 0.515588 0.272283
vt 0.506931 0.270833
vt 0.732254 0.387297
vt 0.593270 0.304170
vt 0.595512 0.301643
vt 0.118873 0.842094
vt 0.129651 0.837217
vt 0.128256 0.845708
vt 0.578999 0.289425
vt 0.589678 0.280153
vt 0.584359 0.291677
vt 0.583869 0.282654
vt 0.975556 0.891237
vt 0.977828 0.891083
vt 0.977197 0.892645
vt 0.990813 0.152905
vt 0.988091 0.152868
vt 0.988375 0.151509
vt 0.106837 0.840231
vt 0.101365 0.816675
vt 0.107951 0.823419
vt 0.428618 0.861201
vt 0.433774 0.859420
vt 0.432971 0.862828
vt 0.192232 0.389947
vt 0.193002 0.379352
vt 0.196808 0.388066
vt 0.459308 0.642495
vt 0.475807 0.635767
vt 0.469278 0.645413
vt 0.865129 0.027832
vt 0.861007 0.024348
vt 0.873498 0.014245
vt 0.592310 0.668960
vt 0.599336 0.666945
vt 0.598350 0.679302
vt 0.169322 0.823163
vt 0.181466 0.824099
vt 0.027306 0.820251
vt 0.021983 0.816536
vt 0.032401 0.818190
vt 0.164082 0.222419
vt 0.958693 0.809732
vt 0.980337 0.822010
vt 0.978005 0.824963
vt 0.975676 0.822482
vt 0.234906 0.334799
vt 0.244435 0.340036
vt 0.237556 0.339486
vt 0.472525 0.053245
vt 0.081986 0.994490
vt 0.082571 0.994472
vt 0.081566 0.995148
vt 0.999780 0.049022
vt 0.999128 0.049022
vt 0.999498 0.048575
vt 0.066075 0.319825
vt 0.065316 0.319608
vt 0.064628 0.317493
vt 0.248252 0.112951
vt 0.249044 0.113026
vt 0.247641 0.112818
vt 0.247875 0.113287
vt 0.882270 0.826512
vt 0.876460 0.813151
vt 0.887186 0.807965
vt 0.761979 0.882211
vt 0.073641 0.134044
vt 0.084290 0.107149
vt 0.058508 0.444871
vt 0.735959 0.448257
vt 0.349630 0.442186
vt 0.340575 0.438097
vt 0.348172 0.427354
vt 0.575296 0.966972
vt 0.736826 0.412682
vt 0.138991 0.692782
vt 0.138534 0.681278
vt 0.143880 0.695020
vt 0.157141 0.756144
vt 0.712096 0.107755
vt 0.400053 0.820342
vt 0.401096 0.817172
vt 0.401532 0.819391
vt 0.704868 0.105373
vt 0.705304 0.104286
vt 0.962760 0.992783
vt 0.961828 0.992977
vt 0.962715 0.992104
vt 0.962766 0.994083
vt 0.602592 0.996792
vt 0.602715 0.996379
vt 0.602963 0.997214
vt 0.603030 0.996636
vt 0.171816 0.999039
vt 0.171416 0.998894
vt 0.171816 0.998075
vt 0.171432 0.999295
vt 0.724586 0.367122
vt 0.319905 0.644085
vt 0.319302 0.641297
vt 0.327545 0.648406
vt 0.117901 0.848985
vt 0.149019 0.984537
vt 0.146458 0.984578
vt 0.146667 0.979374
vt 0.909592 0.506848
vt 0.904937 0.498843
vt 0.916088 0.502100
vt 0.854327 0.748270
vt 0.861539 0.253252
vt 0.870011 0.247704
vt 0.458998 0.626159
vt 0.925174 0.943333
vt 0.601025 0.672524
vt 0.433658 0.086354
vt 0.655417 0.674530
vt 0.157452 0.799802
vt 0.172064 0.809448
vt 0.155704 0.211896
vt 0.570607 0.010635
vt 0.870467 0.084117
vt 0.870767 0.086476
vt 0.867084 0.089491
vt 0.952696 0.795658
vt 0.956041 0.793245
vt 0.228423 0.838353
vt 0.978157 0.835391
vt 0.976456 0.838153
vt 0.974440 0.836759
vt 0.619061 0.547532
vt 0.622583 0.546705
vt 0.624447 0.549655
vt 0.776047 0.034928
vt 0.774292 0.023393
vt 0.782441 0.035899
vt 0.783603 0.028333
vt 0.520965 0.996151
vt 0.519794 0.995746
vt 0.520965 0.994376
vt 0.868420 0.821975
vt 0.248334 0.113579
vt 0.005998 0.412760
vt 0.018482 0.423251
vt 0.452738 0.773348
vt 0.761546 0.827388
vt 0.887645 0.798105
vt 0.767212 0.820530
vt 0.569188 0.970868
vt 0.125622 0.885740
vt 0.108824 0.892709
vt 0.127190 0.876022
vt 0.046141 0.340969
vt 0.728590 0.423386
vt 0.759180 0.969325
vt 0.808489 0.006041
vt 0.816112 0.002249
vt 0.816301 0.021819
vt 0.705638 0.100887
vt 0.116825 0.869649
vt 0.105466 0.853427
vt 0.410644 0.979433
vt 0.413141 0.979089
vt 0.413945 0.983710
vt 0.338224 0.736663
vt 0.778502 0.549658
vt 0.779258 0.545611
vt 0.785501 0.548569
vt 0.332872 0.735332
vt 0.887441 0.671382
vt 0.887490 0.677675
vt 0.883340 0.672406
vt 0.879448 0.667817
vt 0.883859 0.664239
vt 0.886417 0.667928
vt 0.872743 0.285865
vt 0.574357 0.612838
vt 0.564659 0.611752
vt 0.576354 0.605113
vt 0.096643 0.828334
vt 0.570787 0.315015
vt 0.573889 0.308819
vt 0.573032 0.314330
vt 0.548102 0.204614
vt 0.543373 0.205287
vt 0.544319 0.198713
vt 0.288469 0.935431
vt 0.289132 0.930619
vt 0.292799 0.935774
vt 0.478460 0.642458
vt 0.591642 0.675081
vt 0.140189 0.067145
vt 0.133871 0.093302
vt 0.132002 0.079037
vt 0.927069 0.589385
vt 0.954184 0.496875
vt 0.948415 0.480621
vt 0.957748 0.472104
vt 0.659353 0.601572
vt 0.160282 0.787459
vt 0.037687 0.818239
vt 0.039673 0.812917
vt 0.040472 0.819892
vt 0.044751 0.819771
vt 0.143996 0.772826
vt 0.979100 0.334665
vt 0.980101 0.338396
vt 0.974602 0.336860
vt 0.152438 0.773557
vt 0.745674 0.088357
vt 0.745335 0.084135
vt 0.749020 0.085104
vt 0.878634 0.858443
vt 0.745347 0.079235
vt 0.737051 0.079255
vt 0.743629 0.078430
vt 0.142418 0.416209
vt 0.143744 0.421597
vt 0.139954 0.422537
vt 0.131222 0.777454
vt 0.135219 0.776827
vt 0.478436 0.056389
vt 0.476838 0.051647
vt 0.547753 0.845974
vt 0.544918 0.845744
vt 0.546819 0.841109
vt 0.984253 0.051993
vt 0.985287 0.050869
vt 0.987525 0.050780
vt 0.188484 0.319611
vt 0.187752 0.307972
vt 0.066698 0.325161
vt 0.065437 0.322215
vt 0.071372 0.324172
vt 0.082961 0.995056
vt 0.997606 0.641171
vt 0.998919 0.641171
vt 0.997849 0.641726
vt 0.191779 0.997958
vt 0.191779 0.996379
vt 0.192029 0.997506
vt 0.067176 0.316258
vt 0.067843 0.318848
vt 0.249812 0.113666
vt 0.249150 0.114593
vt 0.020112 0.414068
vt 0.442031 0.766324
vt 0.029715 0.140396
vt 0.041140 0.156046
vt 0.033023 0.163244
vt 0.096899 0.102255
vt 0.360234 0.884674
vt 0.359948 0.892333
vt 0.358193 0.882141
vt 0.993626 0.356852
vt 0.995575 0.356852
vt 0.995011 0.358436
vt 0.809572 0.024051
vt 0.940160 0.279526
vt 0.402229 0.503201
vt 0.399398 0.499609
vt 0.402929 0.498390
vt 0.720257 0.364066
vt 0.723621 0.364631
vt 0.784234 0.552482
vt 0.664404 0.700593
vt 0.662607 0.693986
vt 0.668177 0.700225
vt 0.669140 0.688871
vt 0.107492 0.993029
vt 0.107702 0.992043
vt 0.108799 0.993869
vt 0.105604 0.845674
vt 0.985155 0.399339
vt 0.986190 0.400380
vt 0.983034 0.401830
vt 0.812126 0.274837
vt 0.223406 0.077063
vt 0.220797 0.064830
vt 0.225294 0.064803
vt 0.010613 0.310366
vt 0.006085 0.307895
vt 0.008704 0.303814
vt 0.866347 0.024369
vt 0.001501 0.301297
vt 0.473203 0.759246
vt 0.421617 0.101458
vt 0.865465 0.105759
vt 0.233949 0.349537
vt 0.234992 0.342878
vt 0.170751 0.508781
vt 0.166830 0.516363
vt 0.167730 0.503985
vt 0.028610 0.408817
vt 0.986248 0.531809
vt 0.983169 0.531810
vt 0.985085 0.529429
vt 0.983913 0.529286
vt 0.983001 0.530443
vt 0.068897 0.319186
vt 0.758661 0.874697
vt 0.173884 0.358678
vt 0.885473 0.554425
vt 0.043676 0.143369
vt 0.178610 0.390353
vt 0.088865 0.118363
vt 0.090368 0.105977
vt 0.992334 0.671780
vt 0.991090 0.670331
vt 0.992313 0.669990
vt 0.734083 0.408419
vt 0.747073 0.410250
vt 0.817489 0.327131
vt 0.836630 0.330988
vt 0.837607 0.332022
vt 0.835232 0.330457
vt 0.095170 0.999287
vt 0.094308 0.998990
vt 0.095170 0.998075
vt 0.882251 0.998075
vt 0.882855 0.998684
vt 0.882251 0.999020
vt 0.999128 0.037291
vt 0.999851 0.037291
vt 0.999183 0.037867
vt 0.913872 0.110960
vt 0.913509 0.103263
vt 0.915548 0.098113
vt 0.835801 0.330050
vt 0.997606 0.155091
vt 0.998595 0.154483
vt 0.999005 0.155091
vt 0.913412 0.103365
vt 0.913746 0.101408
vt 0.105493 0.876747
vt 0.570746 0.952313
vt 0.823228 0.005047
vt 0.496753 0.958195
vt 0.489494 0.962694
vt 0.496357 0.947881
vt 0.860426 0.306155
vt 0.502808 0.952430
vt 0.509247 0.947024
vt 0.511739 0.953658
vt 0.984387 0.233255
vt 0.986780 0.236110
vt 0.983895 0.236583
vt 0.781894 0.528511
vt 0.778759 0.535424
vt 0.778363 0.527164
vt 0.899234 0.501658
vt 0.927719 0.539229
vt 0.924554 0.539730
vt 0.925772 0.536879
vt 0.980319 0.216344
vt 0.976286 0.219916
vt 0.975609 0.216258
vt 0.103763 0.022613
vt 0.107045 0.015682
vt 0.109780 0.015349
vt 0.227608 0.076372
vt 0.430980 0.934325
vt 0.433317 0.946010
vt 0.985965 0.582897
vt 0.983553 0.581699
vt 0.985966 0.580612
vt 0.670630 0.541619
vt 0.188628 0.819101
vt 0.172830 0.803964
vt 0.963635 0.811049
vt 0.801267 0.015065
vt 0.793565 0.023964
vt 0.799438 0.006653
vt 0.245782 0.344034
vt 0.979604 0.838757
vt 0.156849 0.508431
vt 0.757285 0.878590
vt 0.182291 0.381625
vt 0.743970 0.968689
vt 0.744324 0.970919
vt 0.834561 0.329102
vt 0.993626 0.591529
vt 0.995587 0.591529
vt 0.994517 0.592178
vt 0.968881 0.153283
vt 0.963059 0.145463
vt 0.969350 0.148349
vt 0.026581 0.172122
vt 0.027145 0.182393
vt 0.023078 0.181608
vt 0.592763 0.275259
vt 0.596166 0.273327
vt 0.595459 0.279829
vt 0.393410 0.480972
vt 0.389044 0.476442
vt 0.399278 0.477085
vt 0.566048 0.605022
vt 0.090578 0.817595
vt 0.813599 0.269887
vt 0.811074 0.245921
vt 0.827324 0.245920
vt 0.997606 0.549343
vt 0.997606 0.548186
vt 0.998908 0.549214
vt 0.194636 0.828438
vt 0.301419 0.362069
vt 0.300093 0.365463
vt 0.299960 0.350548
vt 0.427261 0.048508
vt 0.956973 0.808089
vt 0.433904 0.054501
vt 0.429613 0.059963
vt 0.736279 0.073963
vt 0.742042 0.075879
vt 0.772335 0.031346
vt 0.077055 0.331419
vt 0.077695 0.325509
vt 0.757589 0.884617
vt 0.517472 0.011886
vt 0.544061 0.004924
vt 0.545620 0.009219
vt 0.892913 0.555126
vt 0.048317 0.405410
vt 0.187077 0.570946
vt 0.830916 0.326790
vt 0.104338 0.859745
vt 0.831175 0.314147
vt 0.830269 0.308978
vt 0.321518 0.636207
vt 0.333642 0.633197
vt 0.968242 0.983554
vt 0.967521 0.980657
vt 0.968815 0.981142
vt 0.918497 0.531087
vt 0.915781 0.533868
vt 0.918786 0.540659
vt 0.587684 0.674692
vt 0.583497 0.686140
vt 0.581275 0.675508
vt 0.288865 0.959868
vt 0.292911 0.956389
vt 0.288416 0.965005
vt 0.921390 0.521580
vt 0.922415 0.525345
vt 0.580858 0.681506
vt 0.991063 0.282830
vt 0.992627 0.282180
vt 0.993462 0.282830
vt 0.980532 0.897502
vt 0.979048 0.896361
vt 0.980511 0.896267
vt 0.854812 0.125092
vt 0.862573 0.137017
vt 0.016004 0.798982
vt 0.028497 0.795462
vt 0.790673 0.005742
vt 0.740718 0.091060
vt 0.884872 0.854140
vt 0.540862 0.842007
vt 0.543596 0.838467
vt 0.994963 0.857413
vt 0.993626 0.855787
vt 0.995497 0.855787
vt 0.024834 0.414506
vt 0.990510 0.319382
vt 0.987734 0.319232
vt 0.989454 0.318187
vt 0.734468 0.463074
vt 0.740478 0.472101
vt 0.728281 0.470667
vt 0.727329 0.473236
vt 0.922168 0.110230
vt 0.733168 0.401079
vt 0.739610 0.401779
vt 0.508029 0.279847
vt 0.824018 0.009599
vt 0.110322 0.228439
vt 0.112278 0.231409
vt 0.111020 0.234359
vt 0.113315 0.237210
vt 0.853332 0.325285
vt 0.738447 0.370140
vt 0.952065 0.288386
vt 0.879135 0.571600
vt 0.866125 0.555834
vt 0.878741 0.553242
vt 0.392243 0.459587
vt 0.357582 0.112545
vt 0.358490 0.110955
vt 0.360733 0.111447
vt 0.436066 0.491755
vt 0.426592 0.493137
vt 0.437172 0.481814
vt 0.445397 0.478877
vt 0.853446 0.706962
vt 0.852601 0.734866
vt 0.817455 0.241032
vt 0.891930 0.151941
vt 0.893253 0.138966
vt 0.901425 0.153910
vt 0.647879 0.090237
vt 0.672534 0.549445
vt 0.444874 0.030225
vt 0.014800 0.805917
vt 0.491450 0.031307
vt 0.491402 0.026987
vt 0.495563 0.030355
vt 0.496233 0.027793
vt 0.447804 0.040089
vt 0.796658 0.002583
vt 0.635203 0.725021
vt 0.659895 0.982717
vt 0.657983 0.982824
vt 0.657315 0.980028
vt 0.528041 0.002571
vt 0.452341 0.762286
vt 0.176265 0.394010
vt 0.746794 0.432933
vt 0.998861 0.943130
vt 0.997877 0.942800
vt 0.998629 0.942543
vt 0.964694 0.160720
vt 0.955960 0.153886
vt 0.736219 0.398941
vt 0.731746 0.365764
vt 0.336359 0.653297
vt 0.024914 0.194805
vt 0.863575 0.294899
vt 0.291120 0.942373
vt 0.297545 0.947062
vt 0.571272 0.597625
vt 0.718022 0.992972
vt 0.719330 0.992126
vt 0.719313 0.994104
vt 0.101908 0.012821
vt 0.102560 0.002935
vt 0.002923 0.764459
vt 0.009008 0.763843
vt 0.002540 0.765737
vt 0.356730 0.109944
vt 0.307668 0.936408
vt 0.301394 0.939461
vt 0.446002 0.488957
vt 0.602027 0.680338
vt 0.897295 0.135337
vt 0.847709 0.704786
vt 0.681844 0.555103
vt 0.663848 0.587498
vt 0.164318 0.777060
vt 0.160602 0.779837
vt 0.365625 0.954221
vt 0.368984 0.948477
vt 0.375892 0.963974
vt 0.049621 0.163460
vt 0.761973 0.799994
vt 0.349057 0.891769
vt 0.730697 0.057092
vt 0.731844 0.066466
vt 0.728576 0.065102
vt 0.179927 0.655255
vt 0.180168 0.651945
vt 0.183834 0.653653
vt 0.920369 0.089366
vt 0.827239 0.317646
vt 0.819713 0.311652
vt 0.027738 0.191664
vt 0.247798 0.720964
vt 0.247232 0.710989
vt 0.260523 0.718957
vt 0.678391 0.851508
vt 0.675925 0.852235
vt 0.674564 0.843038
vt 0.675445 0.850980
vt 0.356253 0.108321
vt 0.358064 0.109549
vt 0.003719 0.772299
vt 0.001790 0.765204
vt 0.987940 0.222934
vt 0.988730 0.221758
vt 0.989842 0.222500
vt 0.990775 0.221428
vt 0.987734 0.221428
vt 0.150996 0.082062
vt 0.149874 0.073338
vt 0.151262 0.080261
vt 0.133883 0.101980
vt 0.124289 0.096405
vt 0.127415 0.096014
vt 0.477960 0.657723
vt 0.479137 0.647829
vt 0.480389 0.652271
vt 0.667688 0.650930
vt 0.012185 0.799916
vt 0.737123 0.089442
vt 0.169092 0.347707
vt 0.570346 0.981598
vt 0.568401 0.983585
vt 0.568480 0.978838
vt 0.671965 0.766232
vt 0.676629 0.762023
vt 0.678019 0.770658
vt 0.053492 0.432018
vt 0.743724 0.449133
vt 0.741468 0.445081
vt 0.741770 0.446482
vt 0.739447 0.979276
vt 0.737551 0.983799
vt 0.736963 0.981615
vt 0.917701 0.120099
vt 0.925127 0.124392
vt 0.922895 0.127904
vt 0.742798 0.409670
vt 0.823877 0.320824
vt 0.168510 0.775505
vt 0.155011 0.766023
vt 0.959098 0.160761
vt 0.508720 0.966907
vt 0.498596 0.966144
vt 0.181855 0.535419
vt 0.100271 0.864537
vt 0.955209 0.280121
vt 0.851633 0.308221
vt 0.182060 0.523985
vt 0.858705 0.573205
vt 0.772485 0.058235
vt 0.771460 0.076630
vt 0.768879 0.065836
vt 0.866429 0.746846
vt 0.729166 0.963239
vt 0.717150 0.946704
vt 0.732502 0.963569
vt 0.224048 0.989786
vt 0.224780 0.989188
vt 0.224279 0.991588
vt 0.148810 0.096078
vt 0.662955 0.679074
vt 0.665860 0.616677
vt 0.294879 0.136242
vt 0.290070 0.122047
vt 0.386348 0.506654
vt 0.383898 0.514469
vt 0.378351 0.506694
vt 0.037431 0.423258
vt 0.033799 0.428760
vt 0.029535 0.423186
vt 0.374510 0.938980
vt 0.376258 0.952152
vt 0.377933 0.941609
vt 0.023840 0.423506
vt 0.065442 0.165954
vt 0.077898 0.156021
vt 0.180655 0.831143
vt 0.174829 0.839216
vt 0.172710 0.827304
vt 0.807380 0.946392
vt 0.797976 0.945743
vt 0.801850 0.932616
vt 0.005654 0.423394
vt 0.008870 0.422908
vt 0.113237 0.895450
vt 0.111846 0.894480
vt 0.114504 0.894634
vt 0.736005 0.983081
vt 0.110345 0.896840
vt 0.740472 0.456200
vt 0.825043 0.337335
vt 0.831306 0.336965
vt 0.811242 0.025019
vt 0.738359 0.395566
vt 0.956561 0.146147
vt 0.854547 0.293751
vt 0.720224 0.942539
vt 0.563585 0.595813
vt 0.307610 0.951203
vt 0.148479 0.082760
vt 0.147462 0.071871
vt 0.427042 0.484347
vt 0.746218 0.994128
vt 0.745480 0.993438
vt 0.746218 0.992037
vt 0.862395 0.705021
vt 0.909474 0.158758
vt 0.912148 0.142982
vt 0.914360 0.145285
vt 0.463178 0.625120
vt 0.673491 0.569482
vt 0.393959 0.091088
vt 0.381809 0.075431
vt 0.398516 0.080599
vt 0.461713 0.032824
vt 0.871580 0.876501
vt 0.877667 0.110643
vt 0.870540 0.103190
vt 0.880876 0.099810
vt 0.176939 0.775913
vt 0.185074 0.812504
vt 0.018879 0.781523
vt 0.214245 0.835074
vt 0.197683 0.837733
vt 0.202915 0.829815
vt 0.206127 0.844270
vt 0.461300 0.767740
vt 0.756890 0.813867
vt 0.084695 0.138319
vt 0.927950 0.130103
vt 0.446367 0.593515
vt 0.444467 0.595277
vt 0.444362 0.590422
vt 0.813273 0.318912
vt 0.741746 0.388182
vt 0.334583 0.657459
vt 0.101253 0.868473
vt 0.732007 0.363176
vt 0.732056 0.362047
vt 0.270879 0.127351
vt 0.269378 0.114507
vt 0.271080 0.116822
vt 0.360371 0.105350
vt 0.361476 0.106709
vt 0.914008 0.160404
vt 0.852546 0.692314
vt 0.675777 0.665163
vt 0.308857 0.134608
vt 0.315597 0.117308
vt 0.004050 0.791277
vt 0.193667 0.799634
vt 0.203848 0.846527
vt 0.208528 0.848201
vt 0.206036 0.860077
vt 0.888680 0.072082
vt 0.882699 0.090809
vt 0.033675 0.179689
vt 0.085988 0.148214
vt 0.184023 0.345871
vt 0.742118 0.447707
vt 0.925276 0.091796
vt 0.845590 0.324989
vt 0.844316 0.319454
vt 0.926741 0.083308
vt 0.867604 0.768212
vt 0.867097 0.759795
vt 0.874178 0.769881
vt 0.875253 0.575646
vt 0.849166 0.301169
vt 0.774501 0.173071
vt 0.773961 0.181634
vt 0.772050 0.179870
vt 0.398954 0.464292
vt 0.404046 0.458729
vt 0.776533 0.076079
vt 0.737232 0.961959
vt 0.682240 0.849303
vt 0.683675 0.833428
vt 0.308786 0.942771
vt 0.084267 0.824819
vt 0.177643 0.083828
vt 0.151647 0.103264
vt 0.954398 0.030082
vt 0.946322 0.023361
vt 0.948391 0.016453
vt 0.845849 0.242439
vt 0.825199 0.726615
vt 0.821312 0.732278
vt 0.820459 0.707661
vt 0.978671 0.290767
vt 0.978538 0.294230
vt 0.974337 0.294453
vt 0.468888 0.027255
vt 0.186021 0.851205
vt 0.190009 0.361450
vt 0.819911 0.949543
vt 0.824765 0.947745
vt 0.279377 0.078677
vt 0.272013 0.077334
vt 0.258797 0.058626
vt 0.256279 0.061156
vt 0.248624 0.055252
vt 0.751559 0.414479
vt 0.742791 0.472272
vt 0.744937 0.466968
vt 0.925574 0.131892
vt 0.746798 0.398509
vt 0.979082 0.156482
vt 0.982134 0.160621
vt 0.979328 0.160800
vt 0.804989 0.825944
vt 0.807563 0.814889
vt 0.812684 0.825027
vt 0.512848 0.971638
vt 0.515223 0.967485
vt 0.249209 0.735562
vt 0.269890 0.739544
vt 0.466693 0.767194
vt 0.465757 0.772989
vt 0.465995 0.753334
vt 0.313209 0.968691
vt 0.308185 0.970981
vt 0.408953 0.477954
vt 0.420839 0.464071
vt 0.421639 0.477751
vt 0.445457 0.472024
vt 0.954539 0.015962
vt 0.874406 0.025451
vt 0.888042 0.009490
vt 0.884361 0.023670
vt 0.402675 0.087711
vt 0.027681 0.217396
vt 0.026372 0.224698
vt 0.023389 0.210131
vt 0.386904 0.492749
vt 0.389407 0.486270
vt 0.389602 0.491692
vt 0.651568 0.705015
vt 0.378174 0.512688
vt 0.893853 0.078234
vt 0.039642 0.788378
vt 0.187768 0.780527
vt 0.620455 0.729317
vt 0.056746 0.799063
vt 0.064501 0.787214
vt 0.187684 0.379576
vt 0.188203 0.383245
vt 0.071476 0.776096
vt 0.062636 0.772808
vt 0.068553 0.769284
vt 0.816161 0.927760
vt 0.818521 0.938856
vt 0.351101 0.908539
vt 0.748138 0.445340
vt 0.749298 0.435224
vt 0.237217 0.055807
vt 0.231142 0.058330
vt 0.228758 0.057222
vt 0.095374 0.884244
vt 0.092768 0.899991
vt 0.085532 0.893051
vt 0.096879 0.893959
vt 0.100654 0.879097
vt 0.090426 0.890732
vt 0.745361 0.363375
vt 0.741459 0.360545
vt 0.021856 0.204002
vt 0.027473 0.201185
vt 0.907846 0.552707
vt 0.183506 0.083989
vt 0.305054 0.959352
vt 0.913372 0.167039
vt 0.428473 0.471247
vt 0.868910 0.740966
vt 0.015429 0.766931
vt 0.008542 0.778547
vt 0.843295 0.952683
vt 0.848222 0.927718
vt 0.853326 0.940463
vt 0.415496 0.013370
vt 0.414199 0.005259
vt 0.416290 0.006323
vt 0.806679 0.241716
vt 0.014991 0.281744
vt 0.013279 0.298275
vt 0.074972 0.803679
vt 0.070016 0.813441
vt 0.071039 0.792658
vt 0.467988 0.005581
vt 0.459879 0.002069
vt 0.048910 0.801722
vt 0.044415 0.805687
vt 0.183218 0.764703
vt 0.159358 0.525450
vt 0.043208 0.179803
vt 0.363747 0.924030
vt 0.358150 0.930564
vt 0.357687 0.912437
vt 0.289954 0.089232
vt 0.290050 0.092113
vt 0.286675 0.088768
vt 0.218798 0.062225
vt 0.915531 0.563070
vt 0.913878 0.562739
vt 0.914361 0.556072
vt 0.707990 0.131071
vt 0.704340 0.116481
vt 0.710013 0.116329
vt 0.184196 0.331756
vt 0.186838 0.324603
vt 0.187618 0.338307
vt 0.908667 0.169084
vt 0.911303 0.180970
vt 0.413218 0.466415
vt 0.937775 0.800436
vt 0.933769 0.795648
vt 0.938919 0.797534
vt 0.831908 0.717410
vt 0.481289 0.645961
vt 0.384128 0.088439
vt 0.960665 0.169424
vt 0.969739 0.179212
vt 0.960071 0.182874
vt 0.927485 0.343957
vt 0.923661 0.361905
vt 0.919905 0.344225
vt 0.767000 0.436003
vt 0.762906 0.437090
vt 0.761209 0.432526
vt 0.467078 0.019630
vt 0.656946 0.717660
vt 0.890126 0.094637
vt 0.037535 0.208544
vt 0.051890 0.775523
vt 0.901757 0.545785
vt 0.808371 0.294289
vt 0.724225 0.939047
vt 0.846970 0.270329
vt 0.846463 0.264870
vt 0.859874 0.278818
vt 0.312040 0.650253
vt 0.313281 0.632094
vt 0.313704 0.641607
vt 0.411882 0.015432
vt 0.595657 0.689958
vt 0.591332 0.686065
vt 0.862689 0.686521
vt 0.972361 0.174049
vt 0.917132 0.359708
vt 0.924460 0.312119
vt 0.926966 0.319868
vt 0.925520 0.326103
vt 0.997393 0.752008
vt 0.995780 0.752789
vt 0.995780 0.751911
vt 0.205549 0.876180
vt 0.214307 0.882892
vt 0.030680 0.778686
vt 0.198449 0.793686
vt 0.041191 0.778328
vt 0.150060 0.520621
vt 0.149505 0.511411
vt 0.834510 0.948335
vt 0.827684 0.952696
vt 0.341622 0.922431
vt 0.187454 0.517689
vt 0.876413 0.752533
vt 0.200128 0.077162
vt 0.972247 0.167182
vt 0.297276 0.140164
vt 0.309239 0.152557
vt 0.291411 0.145401
vt 0.308554 0.139839
vt 0.351417 0.528303
vt 0.357083 0.532120
vt 0.351659 0.538950
vt 0.874649 0.123456
vt 0.195720 0.361854
vt 0.215891 0.342186
vt 0.182990 0.758559
vt 0.191794 0.762293
vt 0.904690 0.553416
vt 0.888237 0.053521
vt 0.894351 0.047941
vt 0.894976 0.049124
vt 0.991063 0.200919
vt 0.993477 0.200919
vt 0.991775 0.201660
vt 0.082786 0.826550
vt 0.440409 0.466550
vt 0.937543 0.792169
vt 0.145857 0.311749
vt 0.146212 0.330820
vt 0.137726 0.317236
vt 0.830555 0.703523
vt 0.431019 0.108716
vt 0.139574 0.756422
vt 0.122359 0.753269
vt 0.123282 0.746588
vt 0.039180 0.603897
vt 0.027454 0.594819
vt 0.037219 0.589916
vt 0.915506 0.321628
vt 0.924572 0.338024
vt 0.283548 0.134633
vt 0.883838 0.113625
vt 0.023514 0.777602
vt 0.204411 0.327966
vt 0.198095 0.340781
vt 0.190773 0.334136
vt 0.052923 0.179128
vt 0.185990 0.752025
vt 0.829756 0.935546
vt 0.327223 0.906862
vt 0.876249 0.768010
vt 0.887619 0.779252
vt 0.880383 0.780760
vt 0.885694 0.772421
vt 0.879627 0.776549
vt 0.451138 0.473955
vt 0.853187 0.265277
vt 0.845653 0.253726
vt 0.460122 0.621027
vt 0.462133 0.615980
vt 0.464486 0.621683
vt 0.993626 0.038852
vt 0.995642 0.038852
vt 0.994351 0.040216
vt 0.411036 0.088561
vt 0.678022 0.926297
vt 0.689026 0.920521
vt 0.692506 0.927776
vt 0.770229 0.442343
vt 0.661592 0.711318
vt 0.878686 0.872791
vt 0.044976 0.205225
vt 0.171516 0.525236
vt 0.169228 0.528478
vt 0.192682 0.770610
vt 0.984518 0.137862
vt 0.986670 0.138280
vt 0.984180 0.139321
vt 0.882852 0.770243
vt 0.942919 0.019528
vt 0.938476 0.010485
vt 0.906330 0.342579
vt 0.303495 0.156350
vt 0.358769 0.539093
vt 0.816090 0.230114
vt 0.820157 0.227452
vt 0.821357 0.235141
vt 0.342419 0.933402
vt 0.854565 0.554632
vt 0.472069 0.100691
vt 0.466885 0.099949
vt 0.469613 0.096898
vt 0.734661 0.664097
vt 0.734536 0.670039
vt 0.732080 0.668643
vt 0.006649 0.778957
vt 0.955993 0.009253
vt 0.895676 0.020420
vt 0.892884 0.022797
vt 0.867746 0.693688
vt 0.029627 0.600829
vt 0.913099 0.333602
vt 0.762196 0.446174
vt 0.680986 0.919144
vt 0.196089 0.779879
vt 0.195708 0.748775
vt 0.361368 0.936528
vt 0.363485 0.932083
vt 0.209481 0.981888
vt 0.209705 0.978893
vt 0.210111 0.980037
vt 0.853046 0.573329
vt 0.267744 0.715329
vt 0.268459 0.708640
vt 0.269324 0.711218
vt 0.436459 0.947025
vt 0.438253 0.952550
vt 0.959157 0.010451
vt 0.035983 0.997936
vt 0.035678 0.996379
vt 0.036846 0.996379
vt 0.946189 0.009105
vt 0.844195 0.247372
vt 0.333937 0.429520
vt 0.330192 0.435175
vt 0.323165 0.429622
vt 0.009153 0.673384
vt 0.013019 0.682453
vt 0.010143 0.681421
vt 0.018683 0.259944
vt 0.560354 0.431316
vt 0.553843 0.457286
vt 0.553568 0.446403
vt 0.238209 0.929325
vt 0.236395 0.932785
vt 0.236366 0.931982
vt 0.025617 0.224360
vt 0.026279 0.226894
vt 0.236407 0.930075
vt 0.235514 0.931982
vt 0.141008 0.762725
vt 0.997606 0.946867
vt 0.998848 0.946092
vt 0.998848 0.946930
vt 0.195648 0.875587
vt 0.054841 0.205169
vt 0.193800 0.776061
vt 0.646442 0.997864
vt 0.645821 0.997104
vt 0.646442 0.996379
vt 0.194064 0.776022
vt 0.193930 0.775716
vt 0.991063 0.086162
vt 0.993471 0.085590
vt 0.993471 0.086950
vt 0.045609 0.767182
vt 0.327450 0.922847
vt 0.797403 0.928142
vt 0.804932 0.917503
vt 0.454990 0.452274
vt 0.455630 0.449500
vt 0.458940 0.441516
vt 0.463876 0.453676
vt 0.270964 0.720951
vt 0.915087 0.550020
vt 0.914350 0.548310
vt 0.915876 0.546376
vt 0.713742 0.944705
vt 0.987059 0.022293
vt 0.984037 0.025721
vt 0.984359 0.022492
vt 0.696862 0.509311
vt 0.698735 0.494898
vt 0.701041 0.508048
vt 0.675321 0.836028
vt 0.230729 0.528857
vt 0.232845 0.527685
vt 0.232703 0.533566
vt 0.941305 0.639729
vt 0.937254 0.627073
vt 0.941315 0.625698
vt 0.433474 0.461555
vt 0.891017 0.015936
vt 0.894961 0.015872
vt 0.137932 0.329743
vt 0.136396 0.769436
vt 0.290178 0.145879
vt 0.221582 0.345629
vt 0.225118 0.341499
vt 0.886447 0.871059
vt 0.999611 0.066994
vt 0.999233 0.067309
vt 0.999128 0.066994
vt 0.953485 0.749802
vt 0.952044 0.744184
vt 0.952295 0.744115
vt 0.354195 0.939483
vt 0.830519 0.928576
vt 0.331557 0.897232
vt 0.473417 0.453561
vt 0.468919 0.453511
vt 0.862667 0.546498
vt 0.856604 0.547016
vt 0.454694 0.463364
vt 0.461192 0.457085
vt 0.459123 0.463631
vt 0.946568 0.629778
vt 0.946238 0.639230
vt 0.818856 0.808890
vt 0.819363 0.806056
vt 0.821646 0.817723
vt 0.702567 0.494078
vt 0.703068 0.499439
vt 0.938527 0.606284
vt 0.881597 0.006360
vt 0.509819 0.766155
vt 0.516481 0.764319
vt 0.516174 0.769282
vt 0.688242 0.557338
vt 0.688432 0.561392
vt 0.684840 0.668882
vt 0.416730 0.109848
vt 0.290927 0.157796
vt 0.290070 0.149534
vt 0.291786 0.149876
vt 0.298950 0.152445
vt 0.083307 0.945468
vt 0.077941 0.942634
vt 0.085833 0.940358
vt 0.214645 0.331122
vt 0.948531 0.752141
vt 0.949742 0.745542
vt 0.490509 0.329881
vt 0.492467 0.327838
vt 0.491364 0.333584
vt 0.051440 0.771259
vt 0.056118 0.769076
vt 0.836415 0.944118
vt 0.990353 0.547365
vt 0.988339 0.548128
vt 0.987734 0.547007
vt 0.703135 0.513067
vt 0.471921 0.108367
vt 0.468005 0.106571
vt 0.942295 0.598427
vt 0.237582 0.910754
vt 0.250106 0.906826
vt 0.255199 0.913875
vt 0.153577 0.115639
vt 0.399139 0.267759
vt 0.403812 0.253081
vt 0.406342 0.270741
vt 0.081391 0.933204
vt 0.204392 0.890898
vt 0.201412 0.784426
vt 0.031721 0.772232
vt 0.031688 0.764941
vt 0.718064 0.357323
vt 0.716689 0.353312
vt 0.721921 0.350705
vt 0.475698 0.438149
vt 0.899092 0.548250
vt 0.484283 0.448205
vt 0.683137 0.551215
vt 0.680590 0.546254
vt 0.686462 0.550779
vt 0.480370 0.457353
vt 0.685733 0.544789
vt 0.452239 0.458400
vt 0.449749 0.464102
vt 0.443552 0.447007
vt 0.957359 0.002680
vt 0.949638 0.616308
vt 0.051981 0.466982
vt 0.054941 0.465189
vt 0.054992 0.470688
vt 0.950032 0.607788
vt 0.821209 0.701392
vt 0.502319 0.284590
vt 0.504449 0.292777
vt 0.498010 0.292184
vt 0.393667 0.127282
vt 0.372847 0.103255
vt 0.004963 0.576330
vt 0.003229 0.575683
vt 0.005312 0.569670
vt 0.387175 0.816504
vt 0.382427 0.812898
vt 0.391791 0.810641
vt 0.177526 0.988789
vt 0.177448 0.985308
vt 0.179355 0.985924
vt 0.879340 0.131917
vt 0.072862 0.944848
vt 0.065344 0.943170
vt 0.063048 0.931204
vt 0.202615 0.323576
vt 0.216515 0.317606
vt 0.351312 0.937229
vt 0.449478 0.938344
vt 0.443835 0.963957
vt 0.441437 0.958519
vt 0.454578 0.447190
vt 0.461832 0.450888
vt 0.454865 0.933252
vt 0.396741 0.451708
vt 0.400850 0.445880
vt 0.404001 0.451795
vt 0.386655 0.438462
vt 0.574359 0.742953
vt 0.577678 0.737732
vt 0.579188 0.739570
vt 0.407683 0.453125
vt 0.830019 0.810163
vt 0.919924 0.874171
vt 0.909791 0.857227
vt 0.917461 0.855511
vt 0.827554 0.804052
vt 0.322424 0.441763
vt 0.327958 0.450611
vt 0.332329 0.444218
vt 0.552167 0.413681
vt 0.555618 0.415312
vt 0.554783 0.420850
vt 0.865431 0.691841
vt 0.891312 0.002232
vt 0.548848 0.454319
vt 0.544618 0.466487
vt 0.306183 0.160008
vt 0.904006 0.335629
vt 0.123485 0.768531
vt 0.054821 0.211200
vt 0.945938 0.759236
vt 0.195196 0.777781
vt 0.201573 0.771550
vt 0.984410 0.954358
vt 0.986334 0.954749
vt 0.983895 0.955845
vt 0.417127 0.442531
vt 0.416341 0.442139
vt 0.419088 0.441582
vt 0.819921 0.823129
vt 0.827534 0.831899
vt 0.912944 0.873934
vt 0.913165 0.869470
vt 0.827944 0.821606
vt 0.832895 0.779753
vt 0.839363 0.779121
vt 0.829596 0.792861
vt 0.553955 0.425634
vt 0.552240 0.419187
vt 0.887878 0.030097
vt 0.897445 0.034043
vt 0.894560 0.044601
vt 0.877060 0.237822
vt 0.872573 0.231009
vt 0.884281 0.224187
vt 0.394411 0.824472
vt 0.387994 0.828285
vt 0.395087 0.814760
vt 0.578204 0.433899
vt 0.595954 0.453089
vt 0.663854 0.717201
vt 0.043435 0.221359
vt 0.034275 0.218595
vt 0.210114 0.786600
vt 0.206443 0.780319
vt 0.452550 0.444088
vt 0.431232 0.439123
vt 0.916385 0.884037
vt 0.834207 0.798686
vt 0.029898 0.948430
vt 0.025289 0.919055
vt 0.030179 0.934494
vt 0.974894 0.568237
vt 0.975798 0.565868
vt 0.977624 0.567575
vt 0.499578 0.989188
vt 0.500127 0.990611
vt 0.499578 0.991791
vt 0.008539 0.272088
vt 0.342882 0.629210
vt 0.344885 0.640533
vt 0.340978 0.627100
vt 0.226701 0.332244
vt 0.182178 0.985210
vt 0.182644 0.988935
vt 0.181444 0.988224
vt 0.430037 0.435931
vt 0.415670 0.439882
vt 0.252124 0.007209
vt 0.252525 0.002655
vt 0.256058 0.008344
vt 0.236130 0.951393
vt 0.247934 0.916199
vt 0.238301 0.951273
vt 0.831407 0.805797
vt 0.833216 0.817965
vt 0.833971 0.809253
vt 0.840089 0.794204
vt 0.465349 0.867423
vt 0.463757 0.857282
vt 0.466859 0.848272
vt 0.244522 0.925348
vt 0.464213 0.843545
vt 0.467168 0.839185
vt 0.011784 0.685996
vt 0.502065 0.298319
vt 0.901333 0.339256
vt 0.001116 0.568763
vt 0.589144 0.439447
vt 0.819204 0.204930
vt 0.104423 0.255442
vt 0.104844 0.265551
vt 0.101982 0.260166
vt 0.821867 0.212197
vt 0.192885 0.885377
vt 0.926791 0.745148
vt 0.939330 0.748216
vt 0.064562 0.757621
vt 0.065376 0.761336
vt 0.068727 0.746875
vt 0.073511 0.756051
vt 0.979139 0.938479
vt 0.975436 0.941015
vt 0.975314 0.938203
vt 0.906839 0.842582
vt 0.911035 0.844356
vt 0.885989 0.239126
vt 0.879527 0.240502
vt 0.598289 0.633279
vt 0.605354 0.629445
vt 0.606975 0.636959
vt 0.876163 0.226049
vt 0.582701 0.464796
vt 0.883194 0.152659
vt 0.663899 0.729646
vt 0.650966 0.733444
vt 0.944353 0.899702
vt 0.948463 0.890286
vt 0.949776 0.900444
vt 0.942902 0.888736
vt 0.943745 0.881905
vt 0.446072 0.425748
vt 0.427068 0.421830
vt 0.409704 0.418148
vt 0.979539 0.942160
vt 0.246745 0.941153
vt 0.498355 0.298422
vt 0.688533 0.905262
vt 0.681653 0.911800
vt 0.288015 0.163296
vt 0.928943 0.768723
vt 0.906995 0.858044
vt 0.182935 0.108585
vt 0.161139 0.127246
vt 0.162085 0.118662
vt 0.144212 0.131023
vt 0.141011 0.118161
vt 0.617642 0.784615
vt 0.608461 0.783713
vt 0.617495 0.766512
vt 0.196261 0.570090
vt 0.192879 0.564463
vt 0.202280 0.557880
vt 0.881100 0.224649
vt 0.055510 0.228061
vt 0.917075 0.759546
vt 0.035957 0.762929
vt 0.044387 0.754458
vt 0.004914 0.909401
vt 0.002776 0.894373
vt 0.008359 0.903719
vt 0.003831 0.875926
vt 0.011214 0.864480
vt 0.019308 0.927898
vt 0.019378 0.916535
vt 0.297368 0.163194
vt 0.572073 0.472957
vt 0.608141 0.773482
vt 0.209139 0.897457
vt 0.054891 0.759096
vt 0.838342 0.929163
vt 0.838125 0.935095
vt 0.826711 0.913688
vt 0.432753 0.413651
vt 0.979042 0.655273
vt 0.974713 0.653686
vt 0.980150 0.651251
vt 0.021789 0.953959
vt 0.024176 0.942410
vt 0.009207 0.862636
vt 0.515582 0.584829
vt 0.514410 0.589113
vt 0.512456 0.582835
vt 0.434103 0.113383
vt 0.413886 0.127304
vt 0.888612 0.236906
vt 0.897141 0.320574
vt 0.902442 0.313796
vt 0.995577 0.444455
vt 0.994346 0.445740
vt 0.993626 0.444455
vt 0.741026 0.987699
vt 0.741326 0.986011
vt 0.742251 0.988575
vt 0.872236 0.147934
vt 0.228629 0.317012
vt 0.952621 0.753976
vt 0.948544 0.769023
vt 0.954198 0.760028
vt 0.009744 0.912469
vt 0.894498 0.854174
vt 0.894488 0.842925
vt 0.910322 0.864803
vt 0.014134 0.937415
vt 0.258330 0.929060
vt 0.317800 0.646608
vt 0.320106 0.654280
vt 0.316879 0.649461
vt 0.565510 0.476559
vt 0.358326 0.133619
vt 0.697522 0.880972
vt 0.703700 0.882628
vt 0.697397 0.891172
vt 0.358364 0.320772
vt 0.358540 0.310295
vt 0.362679 0.320692
vt 0.460504 0.412109
vt 0.393214 0.421564
vt 0.907775 0.885862
vt 0.893484 0.855355
vt 0.974374 0.649117
vt 0.138990 0.016468
vt 0.138425 0.003314
vt 0.146197 0.010263
vt 0.547866 0.477375
vt 0.544883 0.472224
vt 0.656405 0.264547
vt 0.649875 0.266521
vt 0.654557 0.259050
vt 0.555661 0.480762
vt 0.878529 0.160221
vt 0.868518 0.170804
vt 0.875179 0.158849
vt 0.741548 0.535056
vt 0.736393 0.534128
vt 0.736881 0.523452
vt 0.016516 0.948943
vt 0.258880 0.918743
vt 0.440710 0.983473
vt 0.440642 0.978937
vt 0.441983 0.982797
vt 0.023092 0.265560
vt 0.022251 0.271836
vt 0.201127 0.548734
vt 0.289768 0.164510
vt 0.081889 0.904546
vt 0.671875 0.794718
vt 0.674751 0.800355
vt 0.671403 0.801098
vt 0.938141 0.318623
vt 0.942601 0.299866
vt 0.947246 0.310903
vt 0.901864 0.165608
vt 0.889097 0.174460
vt 0.889337 0.160588
vt 0.486951 0.427876
vt 0.900355 0.892415
vt 0.836808 0.826170
vt 0.848667 0.803656
vt 0.846522 0.839480
vt 0.851269 0.781748
vt 0.248819 0.951484
vt 0.986288 0.649461
vt 0.982874 0.647151
vt 0.986450 0.648201
vt 0.180342 0.513308
vt 0.179132 0.516199
vt 0.179105 0.503048
vt 0.141117 0.004441
vt 0.676081 0.794081
vt 0.615205 0.452290
vt 0.620768 0.444748
vt 0.624405 0.456674
vt 0.629922 0.443900
vt 0.921853 0.772829
vt 0.709240 0.876185
vt 0.319345 0.921749
vt 0.479917 0.407720
vt 0.832504 0.837033
vt 0.258323 0.944864
vt 0.979311 0.555391
vt 0.975348 0.557247
vt 0.976579 0.553777
vt 0.860539 0.778491
vt 0.425240 0.127213
vt 0.236812 0.072102
vt 0.243669 0.083098
vt 0.233880 0.081294
vt 0.290000 0.167027
vt 0.083681 0.921342
vt 0.683853 0.905016
vt 0.928029 0.256984
vt 0.925466 0.297968
vt 0.913011 0.267191
vt 0.036413 0.232404
vt 0.054402 0.254232
vt 0.838481 0.851577
vt 0.857934 0.776718
vt 0.554332 0.988640
vt 0.553255 0.985213
vt 0.555636 0.986347
vt 0.303611 0.165490
vt 0.299809 0.175451
vt 0.415432 0.132585
vt 0.396116 0.253272
vt 0.400552 0.247513
vt 0.997606 0.961614
vt 0.998715 0.961004
vt 0.998856 0.961614
vt 0.401915 0.135525
vt 0.695719 0.904997
vt 0.704743 0.911092
vt 0.362746 0.307218
vt 0.904352 0.178882
vt 0.980928 0.558462
vt 0.157013 0.138140
vt 0.298204 0.717876
vt 0.290863 0.709739
vt 0.305175 0.715594
vt 0.290723 0.169041
vt 0.994054 0.116157
vt 0.994987 0.116267
vt 0.994360 0.116732
vt 0.195674 0.549580
vt 0.931834 0.281652
vt 0.875011 0.151873
vt 0.935695 0.306502
vt 0.938034 0.778302
vt 0.927586 0.782738
vt 0.701113 0.915962
vt 0.332245 0.938998
vt 0.324300 0.937868
vt 0.381355 0.418087
vt 0.887774 0.838414
vt 0.325095 0.891979
vt 0.305163 0.895956
vt 0.330310 0.881049
vt 0.429275 0.134486
vt 0.312774 0.881213
vt 0.311746 0.883359
vt 0.311066 0.881968
vt 0.994991 0.810089
vt 0.993626 0.810569
vt 0.994317 0.809664
vt 0.311220 0.881332
vt 0.312613 0.880044
vt 0.999017 0.120588
vt 0.997606 0.120588
vt 0.998487 0.120122
vt 0.344584 0.649302
vt 0.341895 0.650537
vt 0.349118 0.126733
vt 0.352969 0.120763
vt 0.225077 0.304763
vt 0.237391 0.304992
vt 0.615862 0.461268
vt 0.888645 0.893492
vt 0.172998 0.122935
vt 0.188799 0.116929
vt 0.007538 0.259599
vt 0.005086 0.252149
vt 0.014936 0.248764
vt 0.298330 0.454609
vt 0.298088 0.448545
vt 0.300449 0.450846
vt 0.206141 0.550194
vt 0.428689 0.134776
vt 0.935424 0.979657
vt 0.936731 0.979109
vt 0.936819 0.981989
vt 0.249841 0.994376
vt 0.251141 0.995094
vt 0.249841 0.996194
vt 0.402852 0.140671
vt 0.943071 0.322210
vt 0.941663 0.328223
vt 0.070003 0.911230
vt 0.360390 0.142456
vt 0.265490 0.312288
vt 0.946165 0.778294
vt 0.938174 0.786355
vt 0.710530 0.906821
vt 0.706177 0.870373
vt 0.719619 0.865273
vt 0.711186 0.870276
vt 0.452053 0.393577
vt 0.139033 0.000835
vt 0.993341 0.768720
vt 0.991063 0.768720
vt 0.992450 0.767877
vt 0.954896 0.524737
vt 0.949458 0.517885
vt 0.958391 0.518340
vt 0.631232 0.985444
vt 0.631037 0.988303
vt 0.630072 0.987043
vt 0.556723 0.489980
vt 0.987278 0.110454
vt 0.983004 0.110298
vt 0.985636 0.108118
vt 0.604031 0.464540
vt 0.930775 0.785945
vt 0.954887 0.787692
vt 0.952879 0.783375
vt 0.721201 0.897285
vt 0.053608 0.741721
vt 0.056444 0.750017
vt 0.425361 0.390178
vt 0.892409 0.871203
vt 0.040743 0.274035
vt 0.020604 0.256102
vt 0.033407 0.258578
vt 0.315384 0.174168
vt 0.306473 0.171873
vt 0.550986 0.494716
vt 0.614072 0.761827
vt 0.884189 0.455420
vt 0.885926 0.466965
vt 0.882697 0.460495
vt 0.977054 0.420280
vt 0.976046 0.417885
vt 0.980725 0.418330
vt 0.558136 0.491421
vt 0.557062 0.492020
vt 0.086224 0.911262
vt 0.559329 0.488989
vt 0.941117 0.337852
vt 0.939610 0.336962
vt 0.943536 0.332721
vt 0.405932 0.249848
vt 0.288445 0.169974
vt 0.286979 0.171674
vt 0.404693 0.251553
vt 0.075330 0.247962
vt 0.711617 0.920305
vt 0.019266 0.758380
vt 0.706974 0.884507
vt 0.862130 0.772480
vt 0.893534 0.591248
vt 0.891842 0.592989
vt 0.892889 0.590449
vt 0.955336 0.527338
vt 0.959816 0.544582
vt 0.943190 0.529541
vt 0.018269 0.438443
vt 0.016281 0.440576
vt 0.016532 0.432246
vt 0.409440 0.077265
vt 0.403863 0.069288
vt 0.406068 0.061846
vt 0.300478 0.444484
vt 0.295272 0.891815
vt 0.555398 0.495674
vt 0.996310 0.581028
vt 0.997444 0.581364
vt 0.995780 0.581364
vt 0.995927 0.581068
vt 0.192806 0.544581
vt 0.683484 0.891440
vt 0.688598 0.899633
vt 0.704305 0.921430
vt 0.948727 0.867939
vt 0.949654 0.859902
vt 0.952370 0.862056
vt 0.050390 0.269028
vt 0.057338 0.281908
vt 0.314326 0.901081
vt 0.419845 0.131551
vt 0.345260 0.767710
vt 0.340931 0.760503
vt 0.349769 0.752588
vt 0.556736 0.492465
vt 0.557070 0.492975
vt 0.977088 0.499142
vt 0.974282 0.499368
vt 0.974914 0.496397
vt 0.194254 0.537733
vt 0.163200 0.476249
vt 0.162885 0.472216
vt 0.165838 0.471561
vt 0.374949 0.144767
vt 0.612279 0.464986
vt 0.063103 0.727287
vt 0.074682 0.735776
vt 0.396321 0.392614
vt 0.164097 0.148697
vt 0.871728 0.579448
vt 0.881556 0.599590
vt 0.864994 0.579145
vt 0.152391 0.664674
vt 0.152345 0.676771
vt 0.151012 0.665148
vt 0.860435 0.938480
vt 0.869950 0.936141
vt 0.860039 0.959528
vt 0.297335 0.697605
vt 0.060574 0.512642
vt 0.061880 0.516127
vt 0.059029 0.517522
vt 0.151906 0.448612
vt 0.150782 0.462171
vt 0.146091 0.450147
vt 0.882780 0.473454
vt 0.553681 0.997865
vt 0.553681 0.996379
vt 0.554590 0.997300
vt 0.978449 0.495980
vt 0.981193 0.496639
vt 0.435762 0.137696
vt 0.431020 0.145297
vt 0.006520 0.005148
vt 0.008509 0.006625
vt 0.006889 0.012992
vt 0.873295 0.182611
vt 0.884870 0.592747
vt 0.302159 0.698020
vt 0.979733 0.658904
vt 0.975826 0.657439
vt 0.979748 0.656017
vt 0.560566 0.497817
vt 0.574993 0.490177
vt 0.159389 0.462255
vt 0.991063 0.972739
vt 0.993309 0.972739
vt 0.992133 0.973342
vt 0.241577 0.440792
vt 0.239972 0.436429
vt 0.243610 0.434991
vt 0.719157 0.870945
vt 0.318202 0.940091
vt 0.189450 0.133076
vt 0.106762 0.723934
vt 0.088460 0.717744
vt 0.107405 0.711028
vt 0.565724 0.224107
vt 0.544633 0.223719
vt 0.554654 0.209277
vt 0.560309 0.163037
vt 0.568497 0.148030
vt 0.568797 0.164558
vt 0.858271 0.583390
vt 0.860961 0.578866
vt 0.142494 0.154595
vt 0.139159 0.148739
vt 0.425957 0.140947
vt 0.294149 0.183092
vt 0.290786 0.188435
vt 0.465035 0.926951
vt 0.479932 0.927933
vt 0.458889 0.932621
vt 0.412025 0.150857
vt 0.607621 0.468113
vt 0.012683 0.743616
vt 0.819830 0.138622
vt 0.810731 0.127934
vt 0.825498 0.123373
vt 0.539159 0.212291
vt 0.940738 0.532739
vt 0.059956 0.952331
vt 0.042732 0.954303
vt 0.054762 0.946443
vt 0.009831 0.234210
vt 0.555244 0.489603
vt 0.551279 0.484048
vt 0.558970 0.484985
vt 0.408938 0.156738
vt 0.784948 0.087233
vt 0.777650 0.079721
vt 0.779322 0.078306
vt 0.336883 0.765721
vt 0.346370 0.771272
vt 0.339964 0.783056
vt 0.412499 0.137695
vt 0.459784 0.937625
vt 0.477799 0.946660
vt 0.974408 0.147105
vt 0.979502 0.150802
vt 0.975573 0.149115
vt 0.037547 0.738721
vt 0.216534 0.108605
vt 0.082145 0.741889
vt 0.080055 0.669547
vt 0.083718 0.682822
vt 0.071941 0.681274
vt 0.963241 0.433222
vt 0.970914 0.432943
vt 0.959607 0.439194
vt 0.142634 0.754387
vt 0.143350 0.750435
vt 0.146625 0.755172
vt 0.148934 0.748928
vt 0.558007 0.155133
vt 0.306646 0.707552
vt 0.306558 0.702005
vt 0.944186 0.997777
vt 0.944732 0.996379
vt 0.945560 0.997777
vt 0.465922 0.963736
vt 0.460332 0.958412
vt 0.158060 0.469767
vt 0.689792 0.885814
vt 0.594837 0.235288
vt 0.589359 0.236784
vt 0.783500 0.608383
vt 0.787742 0.590056
vt 0.806188 0.590208
vt 0.760270 0.294530
vt 0.755471 0.282204
vt 0.767247 0.297237
vt 0.872787 0.481157
vt 0.875814 0.449292
vt 0.876175 0.474636
vt 0.056993 0.664981
vt 0.043161 0.253718
vt 0.905321 0.756485
vt 0.911238 0.759327
vt 0.905013 0.766608
vt 0.144416 0.743709
vt 0.961323 0.558353
vt 0.950911 0.556253
vt 0.042622 0.967363
vt 0.422353 0.150739
vt 0.691331 0.888966
vt 0.404289 0.154119
vt 0.007079 0.759508
vt 0.003106 0.757726
vt 0.314858 0.939220
vt 0.381130 0.388014
vt 0.207546 0.127221
vt 0.804949 0.611605
vt 0.830561 0.104307
vt 0.835435 0.104804
vt 0.811854 0.605846
vt 0.817938 0.585117
vt 0.818282 0.598810
vt 0.176867 0.321692
vt 0.177139 0.294556
vt 0.177402 0.332317
vt 0.539139 0.231803
vt 0.079853 0.688516
vt 0.800398 0.994784
vt 0.799411 0.996118
vt 0.799411 0.994376
vt 0.749217 0.274894
vt 0.053136 0.681663
vt 0.871606 0.597177
vt 0.169370 0.839114
vt 0.170242 0.849558
vt 0.166944 0.839556
vt 0.872174 0.963606
vt 0.865176 0.968368
vt 0.037847 0.963476
vt 0.567066 0.488948
vt 0.073105 0.252657
vt 0.710080 0.926632
vt 0.716077 0.927687
vt 0.811684 0.595371
vt 0.913583 0.418217
vt 0.908621 0.415821
vt 0.912936 0.407608
vt 0.683250 0.811365
vt 0.686674 0.809663
vt 0.686301 0.822028
vt 0.030826 0.241635
vt 0.716344 0.227332
vt 0.716382 0.209802
vt 0.723801 0.225746
vt 0.724638 0.211184
vt 0.559280 0.149223
vt 0.564416 0.144576
vt 0.164049 0.842076
vt 0.331101 0.779123
vt 0.568007 0.501618
vt 0.364885 0.161621
vt 0.863931 0.195944
vt 0.888660 0.202846
vt 0.858854 0.859714
vt 0.109483 0.692091
vt 0.090619 0.696900
vt 0.089699 0.684745
vt 0.930507 0.417047
vt 0.696476 0.822424
vt 0.862536 0.010225
vt 0.855875 0.011692
vt 0.861028 0.003582
vt 0.879356 0.455402
vt 0.924681 0.664147
vt 0.922934 0.679082
vt 0.914302 0.671484
vt 0.856367 0.005098
vt 0.413745 0.799576
vt 0.413228 0.805190
vt 0.410813 0.801419
vt 0.556628 0.152715
vt 0.296451 0.902196
vt 0.987217 0.253735
vt 0.985242 0.253474
vt 0.985903 0.251234
vt 0.479046 0.924110
vt 0.259523 0.304039
vt 0.238433 0.301151
vt 0.067149 0.261729
vt 0.004806 0.748562
vt 0.731226 0.891336
vt 0.719014 0.873857
vt 0.899062 0.202545
vt 0.104409 0.745608
vt 0.575750 0.235792
vt 0.541993 0.233524
vt 0.998973 0.162200
vt 0.997606 0.161070
vt 0.998973 0.160988
vt 0.980341 0.679914
vt 0.976816 0.678565
vt 0.980408 0.678607
vt 0.784537 0.093587
vt 0.144172 0.468673
vt 0.408491 0.147355
vt 0.265074 0.318695
vt 0.259689 0.316952
vt 0.005353 0.745595
vt 0.861480 0.185671
vt 0.490578 0.396961
vt 0.490983 0.411010
vt 0.809702 0.156791
vt 0.219800 0.125154
vt 0.173627 0.340579
vt 0.835490 0.113689
vt 0.834056 0.126768
vt 0.622300 0.767641
vt 0.627567 0.761068
vt 0.627726 0.765963
vt 0.482127 0.036967
vt 0.483602 0.030002
vt 0.487585 0.036935
vt 0.620954 0.764453
vt 0.761326 0.283093
vt 0.754944 0.266446
vt 0.557032 0.151782
vt 0.940395 0.536870
vt 0.986538 0.469558
vt 0.983515 0.470686
vt 0.984026 0.469019
vt 0.940849 0.529528
vt 0.939865 0.530196
vt 0.304345 0.905747
vt 0.874464 0.943978
vt 0.052091 0.503121
vt 0.047991 0.512378
vt 0.047103 0.505728
vt 0.926500 0.810405
vt 0.933571 0.815546
vt 0.923225 0.821179
vt 0.132338 0.456454
vt 0.213839 0.824665
vt 0.214781 0.815289
vt 0.214754 0.820229
vt 0.989100 0.166983
vt 0.990124 0.168136
vt 0.987734 0.168326
vt 0.974237 0.373598
vt 0.974876 0.372850
vt 0.977540 0.373565
vt 0.732652 0.905177
vt 0.235774 0.115158
vt 0.604743 0.243244
vt 0.814042 0.619580
vt 0.955999 0.437025
vt 0.958081 0.451640
vt 0.065198 0.561976
vt 0.060665 0.563576
vt 0.059475 0.559721
vt 0.048936 0.691627
vt 0.560805 0.142217
vt 0.567452 0.129394
vt 0.564280 0.132846
vt 0.983181 0.825713
vt 0.986005 0.825066
vt 0.986274 0.827297
vt 0.568601 0.517587
vt 0.571702 0.511574
vt 0.572553 0.520031
vt 0.739645 0.268407
vt 0.741992 0.246631
vt 0.050255 0.965543
vt 0.299155 0.189963
vt 0.328894 0.761927
vt 0.953260 0.205423
vt 0.948751 0.207260
vt 0.951436 0.200310
vt 0.424603 0.150212
vt 0.474357 0.956612
vt 0.140130 0.470062
vt 0.916112 0.302413
vt 0.025097 0.004823
vt 0.026831 0.003232
vt 0.026570 0.024029
vt 0.616392 0.469160
vt 0.622365 0.480996
vt 0.353437 0.153386
vt 0.354027 0.151549
vt 0.049940 0.999310
vt 0.049346 0.999081
vt 0.049940 0.998075
vt 0.634014 0.995070
vt 0.634875 0.995508
vt 0.634473 0.996152
vt 0.634875 0.994376
vt 0.357223 0.169845
vt 0.353463 0.152720
vt 0.004771 0.744783
vt 0.565665 0.994376
vt 0.565665 0.996178
vt 0.565065 0.995058
vt 0.996418 0.535627
vt 0.995780 0.535010
vt 0.997434 0.535010
vt 0.017991 0.731404
vt 0.024594 0.731682
vt 0.383024 0.541942
vt 0.374168 0.533532
vt 0.380444 0.529031
vt 0.853176 0.864978
vt 0.805151 0.628865
vt 0.112709 0.702032
vt 0.669773 0.828214
vt 0.666692 0.805710
vt 0.678770 0.823048
vt 0.661647 0.813324
vt 0.970347 0.441448
vt 0.967378 0.441122
vt 0.779914 0.987593
vt 0.779089 0.988512
vt 0.778970 0.986101
vt 0.874594 0.601590
vt 0.830643 0.996379
vt 0.830812 0.997801
vt 0.829538 0.997801
vt 0.653540 0.806422
vt 0.654732 0.798954
vt 0.141988 0.164560
vt 0.612807 0.983060
vt 0.613352 0.981124
vt 0.613945 0.984117
vt 0.914009 0.664254
vt 0.905005 0.667399
vt 0.905352 0.659585
vt 0.323179 0.782049
vt 0.320137 0.777578
vt 0.148708 0.476326
vt 0.575775 0.499773
vt 0.909443 0.298228
vt 0.978439 0.371107
vt 0.974569 0.372714
vt 0.974121 0.371208
vt 0.876876 0.205017
vt 0.477897 0.370119
vt 0.488928 0.380734
vt 0.781176 0.639396
vt 0.834137 0.139357
vt 0.541624 0.960209
vt 0.537119 0.952451
vt 0.541565 0.946321
vt 0.877541 0.604961
vt 0.875401 0.608565
vt 0.867990 0.604380
vt 0.311731 0.932273
vt 0.309884 0.931198
vt 0.306687 0.921863
vt 0.164047 0.846631
vt 0.163460 0.843921
vt 0.019274 0.223287
vt 0.528387 0.216869
vt 0.519794 0.231826
vt 0.517421 0.219480
vt 0.954940 0.201947
vt 0.286473 0.899525
vt 0.570776 0.492686
vt 0.481093 0.943745
vt 0.482692 0.946808
vt 0.027205 0.020662
vt 0.600141 0.515492
vt 0.621253 0.468093
vt 0.739197 0.912587
vt 0.721426 0.929037
vt 0.045295 0.730158
vt 0.450201 0.358300
vt 0.080729 0.758025
vt 0.826855 0.146351
vt 0.090774 0.703614
vt 0.927257 0.406254
vt 0.920666 0.402481
vt 0.080975 0.695315
vt 0.080050 0.699453
vt 0.066051 0.566538
vt 0.064539 0.568170
vt 0.567448 0.142044
vt 0.854189 0.590139
vt 0.879329 0.948148
vt 0.875915 0.971280
vt 0.876966 0.942567
vt 0.023975 0.230049
vt 0.983436 0.165573
vt 0.986638 0.166875
vt 0.984044 0.168038
vt 0.653285 0.797830
vt 0.747292 0.242682
vt 0.838864 0.700236
vt 0.842614 0.700727
vt 0.840722 0.707478
vt 0.769705 0.980557
vt 0.767890 0.983478
vt 0.766453 0.982058
vt 0.408332 0.370369
vt 0.925828 0.828879
vt 0.920654 0.828756
vt 0.843402 0.702243
vt 0.843121 0.708522
vt 0.939269 0.810992
vt 0.942254 0.810180
vt 0.944636 0.819368
vt 0.956236 0.046305
vt 0.946511 0.052240
vt 0.946253 0.042485
vt 0.920343 0.600706
vt 0.923104 0.587570
vt 0.920053 0.611308
vt 0.127200 0.706570
vt 0.913288 0.394959
vt 0.476949 0.031570
vt 0.717695 0.202797
vt 0.916708 0.835235
vt 0.922125 0.838074
vt 0.919091 0.843070
vt 0.308228 0.917071
vt 0.306511 0.912741
vt 0.051509 0.970412
vt 0.047184 0.974579
vt 0.033425 0.691060
vt 0.316769 0.763056
vt 0.735620 0.249933
vt 0.945643 0.200198
vt 0.952581 0.177043
vt 0.573721 0.506070
vt 0.985924 0.656392
vt 0.986605 0.658951
vt 0.984625 0.657889
vt 0.002755 0.742701
vt 0.009385 0.732817
vt 0.370850 0.545795
vt 0.361109 0.526957
vt 0.107150 0.774117
vt 0.101668 0.772072
vt 0.810383 0.644217
vt 0.115239 0.746478
vt 0.103500 0.705150
vt 0.094288 0.703950
vt 0.697766 0.827553
vt 0.688562 0.830452
vt 0.963382 0.452598
vt 0.811233 0.522838
vt 0.811351 0.517951
vt 0.816327 0.520671
vt 0.921669 0.655735
vt 0.054694 0.694631
vt 0.341837 0.297013
vt 0.338378 0.280300
vt 0.341432 0.292490
vt 0.720728 0.199290
vt 0.914891 0.642995
vt 0.212969 0.072085
vt 0.209735 0.077195
vt 0.208788 0.072831
vt 0.521366 0.237273
vt 0.304706 0.191211
vt 0.309032 0.204231
vt 0.156038 0.163445
vt 0.316523 0.201922
vt 0.313235 0.193986
vt 0.981948 0.003195
vt 0.976750 0.003265
vt 0.979924 0.000843
vt 0.940243 0.193706
vt 0.134256 0.473382
vt 0.131296 0.473329
vt 0.133294 0.469206
vt 0.586477 0.507383
vt 0.577420 0.494738
vt 0.082839 0.258233
vt 0.396823 0.183065
vt 0.620975 0.497311
vt 0.724435 0.873508
vt 0.732282 0.873855
vt 0.050706 0.712559
vt 0.067034 0.719795
vt 0.821521 0.165496
vt 0.118057 0.712565
vt 0.116563 0.759055
vt 0.119400 0.745826
vt 0.305940 0.795161
vt 0.308827 0.798495
vt 0.303649 0.803814
vt 0.472868 0.841886
vt 0.474180 0.836445
vt 0.474404 0.841799
vt 0.652602 0.775045
vt 0.929831 0.825838
vt 0.515107 0.227131
vt 0.989631 0.557132
vt 0.987734 0.557223
vt 0.988662 0.555976
vt 0.331781 0.760605
vt 0.323611 0.753653
vt 0.940992 0.822634
vt 0.032800 0.721807
vt 0.356611 0.517936
vt 0.815855 0.625607
vt 0.479217 0.018983
vt 0.505552 0.451183
vt 0.508176 0.447901
vt 0.508530 0.453130
vt 0.584973 0.979709
vt 0.582914 0.982818
vt 0.582889 0.979525
vt 0.752166 0.242479
vt 0.318359 0.750420
vt 0.143623 0.184241
vt 0.496044 0.980268
vt 0.497939 0.981506
vt 0.495404 0.982823
vt 0.424319 0.361828
vt 0.307182 0.786726
vt 0.297754 0.773968
vt 0.306611 0.779069
vt 0.336411 0.273925
vt 0.340581 0.275056
vt 0.697891 0.520090
vt 0.700518 0.524765
vt 0.698374 0.527496
vt 0.304511 0.922552
vt 0.299293 0.922449
vt 0.304034 0.919972
vt 0.921379 0.647664
vt 0.668041 0.802326
vt 0.665079 0.779930
vt 0.007164 0.205747
vt 0.933085 0.998182
vt 0.933827 0.998075
vt 0.933827 0.998968
vt 0.498058 0.981595
vt 0.497430 0.983854
vt 0.499525 0.982680
vt 0.246415 0.415949
vt 0.249186 0.417826
vt 0.248868 0.423442
vt 0.280114 0.889081
vt 0.364185 0.177003
vt 0.889108 0.212606
vt 0.233627 0.120012
vt 0.455784 0.647300
vt 0.460211 0.657465
vt 0.453639 0.656957
vt 0.870811 0.613343
vt 0.864687 0.608767
vt 0.300239 0.911253
vt 0.288382 0.915584
vt 0.495697 0.246591
vt 0.998869 0.943643
vt 0.997606 0.943643
vt 0.998250 0.943213
vt 0.498772 0.981806
vt 0.498991 0.979229
vt 0.027178 0.997970
vt 0.027178 0.996379
vt 0.027690 0.997534
vt 0.134863 0.181374
vt 0.132390 0.177225
vt 0.739833 0.894544
vt 0.383892 0.370850
vt 0.621211 0.754491
vt 0.629371 0.739608
vt 0.777220 0.354177
vt 0.780892 0.335760
vt 0.785943 0.351057
vt 0.976173 0.102172
vt 0.981102 0.101524
vt 0.979850 0.104271
vt 0.061211 0.291224
vt 0.065649 0.293783
vt 0.053123 0.297667
vt 0.285623 0.906229
vt 0.150345 0.225367
vt 0.145817 0.229127
vt 0.151187 0.215039
vt 0.202251 0.982721
vt 0.201059 0.980057
vt 0.200981 0.978705
vt 0.961405 0.060699
vt 0.959232 0.049055
vt 0.269946 0.301695
vt 0.883041 0.051528
vt 0.872470 0.046203
vt 0.874952 0.044898
vt 0.852204 0.682833
vt 0.853899 0.670650
vt 0.859266 0.677833
vt 0.861878 0.216949
vt 0.816960 0.635698
vt 0.816811 0.651944
vt 0.078774 0.778662
vt 0.295167 0.788319
vt 0.299939 0.784366
vt 0.818780 0.508802
vt 0.048472 0.302654
vt 0.068615 0.301844
vt 0.057296 0.970273
vt 0.589824 0.983523
vt 0.586452 0.982543
vt 0.589616 0.979809
vt 0.978954 0.760541
vt 0.975126 0.760613
vt 0.978513 0.758480
vt 0.979656 0.424761
vt 0.975938 0.426219
vt 0.974369 0.423997
vt 0.413556 0.495277
vt 0.411243 0.495612
vt 0.406253 0.493602
vt 0.413253 0.492096
vt 0.503276 0.246901
vt 0.638199 0.771526
vt 0.804799 0.059649
vt 0.802273 0.052908
vt 0.808003 0.054493
vt 0.388495 0.634306
vt 0.381623 0.620835
vt 0.387612 0.629982
vt 0.540055 0.937325
vt 0.867723 0.619437
vt 0.327316 0.748836
vt 0.327180 0.751216
vt 0.937350 0.827778
vt 0.732810 0.866253
vt 0.738267 0.863106
vt 0.739307 0.867867
vt 0.018476 0.692882
vt 0.031677 0.679790
vt 0.632909 0.481955
vt 0.638339 0.484640
vt 0.637313 0.490868
vt 0.371681 0.186443
vt 0.017212 0.721572
vt 0.883476 0.215692
vt 0.814918 0.175757
vt 0.571172 0.365709
vt 0.570002 0.348398
vt 0.575996 0.377899
vt 0.312905 0.771390
vt 0.302645 0.771323
vt 0.312828 0.766929
vt 0.299279 0.913746
vt 0.289827 0.923824
vt 0.930357 0.831032
vt 0.746102 0.675227
vt 0.744368 0.672337
vt 0.755754 0.677453
vt 0.949152 0.070202
vt 0.276847 0.899593
vt 0.089413 0.267650
vt 0.878069 0.030173
vt 0.883516 0.038589
vt 0.905607 0.520677
vt 0.906396 0.534880
vt 0.904028 0.526700
vt 0.625830 0.496865
vt 0.343962 0.161535
vt 0.350923 0.154685
vt 0.339446 0.170226
vt 0.023500 0.715165
vt 0.804238 0.658269
vt 0.100445 0.792648
vt 0.827420 0.163946
vt 0.582200 0.376592
vt 0.506757 0.410051
vt 0.512360 0.409096
vt 0.510579 0.414821
vt 0.966807 0.065326
vt 0.956676 0.068307
vt 0.943020 0.837060
vt 0.276655 0.309269
vt 0.285890 0.304959
vt 0.986878 0.585915
vt 0.985309 0.587905
vt 0.984173 0.586517
vt 0.628059 0.491561
vt 0.871749 0.223396
vt 0.832040 0.167516
vt 0.300685 0.764082
vt 0.810652 0.512034
vt 0.811140 0.501481
vt 0.399428 0.997617
vt 0.398607 0.997896
vt 0.398607 0.996379
vt 0.306675 0.756943
vt 0.071411 0.292617
vt 0.067500 0.289876
vt 0.859195 0.327712
vt 0.864783 0.332422
vt 0.859786 0.336800
vt 0.192672 0.652923
vt 0.190282 0.652037
vt 0.194217 0.646260
vt 0.944535 0.060968
vt 0.402786 0.203375
vt 0.369176 0.516892
vt 0.485131 0.002250
vt 0.485713 0.016630
vt 0.065695 0.309044
vt 0.283465 0.913538
vt 0.278004 0.913440
vt 0.871905 0.042738
vt 0.112541 0.720970
vt 0.113468 0.727944
vt 0.112917 0.732650
vt 0.280888 0.353990
vt 0.276344 0.363351
vt 0.275683 0.360495
vt 0.625062 0.738962
vt 0.461857 0.664754
vt 0.618555 0.746415
vt 0.618942 0.740959
vt 0.337083 0.254997
vt 0.510028 0.406749
vt 0.384862 0.523533
vt 0.391464 0.526601
vt 0.384393 0.528690
vt 0.819373 0.067806
vt 0.824335 0.071102
vt 0.819970 0.077923
vt 0.753489 0.673117
vt 0.147622 0.210534
vt 0.144763 0.215460
vt 0.278791 0.272291
vt 0.283375 0.283115
vt 0.274171 0.283511
vt 0.015509 0.201287
vt 0.946907 0.173062
vt 0.286847 0.298547
vt 0.274165 0.294986
vt 0.412347 0.271508
vt 0.422616 0.255963
vt 0.421011 0.267778
vt 0.411760 0.265177
vt 0.423594 0.264037
vt 0.423993 0.265177
vt 0.871718 0.041765
vt 0.108695 0.998768
vt 0.108816 0.998075
vt 0.108816 0.999322
vt 0.872501 0.034212
vt 0.781816 0.658332
vt 0.116048 0.786420
vt 0.341917 0.263892
vt 0.678426 0.250730
vt 0.678550 0.244354
vt 0.680654 0.238802
vt 0.491782 0.981889
vt 0.489421 0.983867
vt 0.490377 0.980130
vt 0.979743 0.504570
vt 0.978006 0.505324
vt 0.976051 0.504527
vt 0.959698 0.072248
vt 0.143938 0.205343
vt 0.074363 0.288571
vt 0.066383 0.286984
vt 0.070312 0.275470
vt 0.735653 0.226671
vt 0.729755 0.233663
vt 0.160711 0.311593
vt 0.168822 0.299325
vt 0.163274 0.317960
vt 0.002809 0.203983
vt 0.002291 0.187428
vt 0.884114 0.964328
vt 0.891789 0.953111
vt 0.890680 0.965534
vt 0.856469 0.659212
vt 0.039232 0.559757
vt 0.037602 0.568542
vt 0.036217 0.559745
vt 0.914733 0.368663
vt 0.216990 0.098624
vt 0.214888 0.103905
vt 0.214787 0.098152
vt 0.622425 0.745046
vt 0.862827 0.626244
vt 0.475535 0.661460
vt 0.776545 0.336283
vt 0.780643 0.333313
vt 0.317964 0.220428
vt 0.940030 0.836925
vt 0.941847 0.847730
vt 0.507675 0.659920
vt 0.504481 0.655648
vt 0.508470 0.648670
vt 0.275842 0.925161
vt 0.631340 0.983692
vt 0.631758 0.979125
vt 0.634161 0.980995
vt 0.853772 0.660246
vt 0.352031 0.193047
vt 0.009698 0.809952
vt 0.015196 0.817466
vt 0.008810 0.813290
vt 0.290934 0.342792
vt 0.815029 0.496473
vt 0.922616 0.631294
vt 0.315476 0.978886
vt 0.315354 0.983757
vt 0.313214 0.980812
vt 0.312808 0.738958
vt 0.318864 0.744695
vt 0.229351 0.036519
vt 0.235460 0.038033
vt 0.234600 0.046747
vt 0.864269 0.343018
vt 0.240190 0.036222
vt 0.239217 0.040583
vt 0.018925 0.703100
vt 0.077545 0.290558
vt 0.977458 0.231522
vt 0.980038 0.226494
vt 0.980406 0.230208
vt 0.975494 0.229981
vt 0.584409 0.507938
vt 0.583961 0.516771
vt 0.403879 0.352717
vt 0.810460 0.176877
vt 0.109135 0.800452
vt 0.283997 0.630612
vt 0.293791 0.657331
vt 0.284848 0.649972
vt 0.585859 0.355332
vt 0.291932 0.766427
vt 0.481382 0.006680
vt 0.923739 0.630699
vt 0.677625 0.235997
vt 0.684223 0.231257
vt 0.662169 0.762683
vt 0.281711 0.277398
vt 0.067895 0.290556
vt 0.085304 0.281017
vt 0.738873 0.225273
vt 0.410830 0.169164
vt 0.408400 0.194270
vt 0.886460 0.949276
vt 0.086625 0.797390
vt 0.080588 0.797328
vt 0.292857 0.776157
vt 0.379355 0.631984
vt 0.360369 0.623302
vt 0.380333 0.626105
vt 0.366431 0.631075
vt 0.296026 0.750600
vt 0.905354 0.578497
vt 0.903879 0.573160
vt 0.912647 0.572618
vt 0.865487 0.335410
vt 0.748456 0.216735
vt 0.411729 0.259901
vt 0.659624 0.242326
vt 0.658467 0.219981
vt 0.669337 0.237175
vt 0.285072 0.354978
vt 0.388267 0.494681
vt 0.400503 0.493409
vt 0.391604 0.496843
vt 0.945275 0.849407
vt 0.064688 0.303161
vt 0.132304 0.201926
vt 0.126864 0.211625
vt 0.434360 0.341216
vt 0.485550 0.365848
vt 0.830782 0.177045
vt 0.287711 0.768632
vt 0.234141 0.050899
vt 0.081520 0.289342
vt 0.027377 0.702536
vt 0.021126 0.707867
vt 0.974347 0.224851
vt 0.413049 0.254453
vt 0.418982 0.252130
vt 0.504427 0.978862
vt 0.501825 0.983087
vt 0.500504 0.979825
vt 0.373382 0.202074
vt 0.365459 0.202657
vt 0.796199 0.670693
vt 0.075083 0.722648
vt 0.079429 0.711430
vt 0.371614 0.620479
vt 0.300115 0.737390
vt 0.085853 0.298471
vt 0.825407 0.061998
vt 0.828679 0.068121
vt 0.279812 0.265270
vt 0.283765 0.259996
vt 0.145794 0.199788
vt 0.147387 0.202926
vt 0.138162 0.201392
vt 0.645325 0.759259
vt 0.008909 0.180002
vt 0.160704 0.294262
vt 0.594260 0.530566
vt 0.890230 0.949225
vt 0.163664 0.101036
vt 0.166634 0.104883
vt 0.158005 0.111452
vt 0.342131 0.257757
vt 0.282312 0.929526
vt 0.276826 0.920794
vt 0.913793 0.583443
vt 0.917307 0.578349
vt 0.505381 0.662909
vt 0.820007 0.060526
vt 0.504637 0.662775
vt 0.283205 0.266113
vt 0.975131 0.223284
vt 0.978239 0.220999
vt 0.980945 0.223176
vt 0.493608 0.092225
vt 0.487917 0.101525
vt 0.489584 0.087403
vt 0.636617 0.157267
vt 0.630601 0.158818
vt 0.631847 0.156442
vt 0.098535 0.270612
vt 0.096023 0.285783
vt 0.992021 0.025494
vt 0.993476 0.025506
vt 0.991503 0.026810
vt 0.092918 0.797956
vt 0.868093 0.631456
vt 0.480846 0.667834
vt 0.778955 0.326662
vt 0.980314 0.262521
vt 0.974560 0.263173
vt 0.975724 0.262223
vt 0.989432 0.423554
vt 0.988674 0.423106
vt 0.989802 0.423147
vt 0.999875 0.026696
vt 0.999128 0.026696
vt 0.999260 0.026067
vt 0.290149 0.997060
vt 0.289642 0.997374
vt 0.290050 0.996379
vt 0.746621 0.686484
vt 0.747919 0.686182
vt 0.748610 0.690827
vt 0.752451 0.684022
vt 0.993626 0.172752
vt 0.994643 0.172212
vt 0.995658 0.172752
vt 0.886495 0.986144
vt 0.886783 0.986319
vt 0.886527 0.988158
vt 0.067868 0.299173
vt 0.667147 0.766262
vt 0.946725 0.168070
vt 0.953677 0.165047
vt 0.636115 0.165104
vt 0.655761 0.754684
vt 0.753677 0.225884
vt 0.893835 0.956056
vt 0.895193 0.953195
vt 0.649536 0.224610
vt 0.283461 0.770939
vt 0.783991 0.328188
vt 0.875743 0.627377
vt 0.877771 0.640347
vt 0.083165 0.303943
vt 0.910320 0.591465
vt 0.770103 0.680775
vt 0.766021 0.683689
vt 0.388644 0.500255
vt 0.396263 0.507486
vt 0.276972 0.911024
vt 0.280543 0.913750
vt 0.275980 0.910688
vt 0.393389 0.501832
vt 0.760161 0.682117
vt 0.757339 0.684477
vt 0.758939 0.682332
vt 0.945342 0.855402
vt 0.582100 0.108150
vt 0.583514 0.106737
vt 0.581834 0.109514
vt 0.581537 0.110373
vt 0.884244 0.999014
vt 0.884244 0.998075
vt 0.884883 0.998644
vt 0.126749 0.166122
vt 0.123792 0.166687
vt 0.125013 0.149971
vt 0.123284 0.152810
vt 0.486513 0.090150
vt 0.787800 0.989871
vt 0.788921 0.989188
vt 0.788921 0.991241
vt 0.945120 0.324881
vt 0.946572 0.323939
vt 0.946063 0.326358
vt 0.561689 0.103133
vt 0.561930 0.095510
vt 0.563697 0.097659
vt 0.817672 0.669183
vt 0.288198 0.748040
vt 0.858716 0.626928
vt 0.851715 0.632103
vt 0.857463 0.622177
vt 0.293830 0.272160
vt 0.293866 0.268378
vt 0.299351 0.268088
vt 0.292581 0.269000
vt 0.381393 0.497495
vt 0.376248 0.493126
vt 0.380703 0.492722
vt 0.285750 0.255050
vt 0.291831 0.271303
vt 0.897912 0.604537
vt 0.900808 0.593708
vt 0.900706 0.598892
vt 0.117001 0.265906
vt 0.109802 0.276726
vt 0.107941 0.268176
vt 0.490705 0.256141
vt 0.709263 0.234561
vt 0.697196 0.217864
vt 0.705404 0.227956
vt 0.294023 0.628700
vt 0.585143 0.346504
vt 0.282642 0.341734
vt 0.374180 0.620303
vt 0.360945 0.619193
vt 0.771976 0.656883
vt 0.773809 0.666113
vt 0.771228 0.673562
vt 0.080268 0.309674
vt 0.937138 0.328141
vt 0.936794 0.328801
vt 0.934709 0.327631
vt 0.275232 0.921223
vt 0.276725 0.921342
vt 0.304674 0.274307
vt 0.299092 0.291656
vt 0.741770 0.932598
vt 0.738055 0.943259
vt 0.740959 0.929064
vt 0.633875 0.166502
vt 0.015374 0.717812
vt 0.103518 0.281584
vt 0.949892 0.331504
vt 0.639487 0.753433
vt 0.732927 0.221086
vt 0.268357 0.043003
vt 0.249322 0.024212
vt 0.272240 0.037388
vt 0.809272 0.679196
vt 0.831384 0.191077
vt 0.785712 0.325153
vt 0.785648 0.321775
vt 0.852015 0.623652
vt 0.360514 0.630194
vt 0.764647 0.315914
vt 0.761376 0.307998
vt 0.766778 0.309012
vt 0.073096 0.312715
vt 0.979019 0.560314
vt 0.976003 0.563076
vt 0.974486 0.562455
vt 0.298082 0.274555
vt 0.071548 0.299688
vt 0.065495 0.307150
vt 0.494374 0.099544
vt 0.630965 0.163851
vt 0.293952 0.297385
vt 0.292191 0.304853
vt 0.015740 0.182404
vt 0.163057 0.287426
vt 0.169814 0.288345
vt 0.386852 0.202076
vt 0.627344 0.504330
vt 0.626274 0.512407
vt 0.408602 0.587812
vt 0.393964 0.582959
vt 0.406362 0.583905
vt 0.264745 0.126436
vt 0.271562 0.145085
vt 0.254988 0.132449
vt 0.696400 0.233443
vt 0.764979 0.272271
vt 0.768358 0.272545
vt 0.771768 0.279813
vt 0.285513 0.784876
vt 0.280870 0.777582
vt 0.278620 0.790958
vt 0.883129 0.886946
vt 0.882490 0.893314
vt 0.876053 0.887610
vt 0.752021 0.692270
vt 0.291894 0.265546
vt 0.917162 0.582763
vt 0.088142 0.296833
vt 0.078797 0.298530
vt 0.948099 0.081146
vt 0.944685 0.078589
vt 0.950125 0.076930
vt 0.936028 0.082624
vt 0.931620 0.088657
vt 0.934565 0.077176
vt 0.342360 0.498378
vt 0.368261 0.484045
vt 0.101263 0.804435
vt 0.095554 0.797280
vt 0.923122 0.367937
vt 0.277695 0.347449
vt 0.275745 0.344921
vt 0.286597 0.757706
vt 0.866236 0.640627
vt 0.328378 0.227189
vt 0.323259 0.232397
vt 0.276308 0.934664
vt 0.278123 0.926738
vt 0.636048 0.981289
vt 0.639762 0.981091
vt 0.637233 0.983876
vt 0.512304 0.994376
vt 0.512836 0.995805
vt 0.512304 0.996189
vt 0.932769 0.331655
vt 0.930717 0.323765
vt 0.932414 0.323672
vt 0.976039 0.766444
vt 0.979936 0.767546
vt 0.975810 0.768021
vt 0.067799 0.307005
vt 0.742145 0.936756
vt 0.488864 0.253133
vt 0.612885 0.533698
vt 0.427131 0.340920
vt 0.687212 0.219612
vt 0.489533 0.669249
vt 0.772803 0.674841
vt 0.355985 0.626049
vt 0.093850 0.306814
vt 0.746118 0.703519
vt 0.286303 0.247111
vt 0.288448 0.252587
vt 0.326143 0.212993
vt 0.321428 0.214734
vt 0.322307 0.203336
vt 0.650743 0.749185
vt 0.679297 0.711295
vt 0.673027 0.708985
vt 0.683736 0.705606
vt 0.496067 0.669354
vt 0.354222 0.614610
vt 0.305889 0.735616
vt 0.298414 0.724108
vt 0.396143 0.519814
vt 0.393694 0.507124
vt 0.304819 0.290477
vt 0.309184 0.278607
vt 0.739262 0.952695
vt 0.939752 0.090482
vt 0.936815 0.092035
vt 0.937941 0.084208
vt 0.305480 0.290917
vt 0.298651 0.304967
vt 0.122762 0.276287
vt 0.757995 0.206307
vt 0.393158 0.215916
vt 0.345451 0.194829
vt 0.482112 0.337155
vt 0.786030 0.678589
vt 0.116744 0.801736
vt 0.706389 0.964669
vt 0.698716 0.962725
vt 0.709418 0.959755
vt 0.697156 0.954440
vt 0.292887 0.334973
vt 0.272432 0.318429
vt 0.694470 0.944700
vt 0.706076 0.934447
vt 0.276007 0.772624
vt 0.294181 0.727263
vt 0.975006 0.413795
vt 0.977395 0.412354
vt 0.980326 0.414666
vt 0.911141 0.603933
vt 0.914040 0.592666
vt 0.740970 0.951295
vt 0.299453 0.270237
vt 0.888183 0.607110
vt 0.890956 0.600910
vt 0.452229 0.055209
vt 0.450569 0.050747
vt 0.459266 0.054834
vt 0.454103 0.043584
vt 0.738464 0.217648
vt 0.746933 0.202504
vt 0.656982 0.450660
vt 0.652185 0.456996
vt 0.653004 0.444821
vt 0.360855 0.213198
vt 0.380110 0.596902
vt 0.830371 0.201770
vt 0.818462 0.196330
vt 0.298924 0.620263
vt 0.305094 0.629748
vt 0.298803 0.634897
vt 0.880481 0.646748
vt 0.875627 0.648113
vt 0.285221 0.758346
vt 0.277865 0.780050
vt 0.334820 0.622816
vt 0.310085 0.230552
vt 0.314221 0.234693
vt 0.310110 0.244854
vt 0.289084 0.733072
vt 0.765091 0.304834
vt 0.331474 0.233442
vt 0.880485 0.901061
vt 0.897849 0.623000
vt 0.892512 0.628355
vt 0.400560 0.525816
vt 0.314248 0.315552
vt 0.324185 0.314182
vt 0.323191 0.319589
vt 0.549273 0.164477
vt 0.551123 0.162896
vt 0.549804 0.183185
vt 0.305422 0.311030
vt 0.313894 0.307399
vt 0.575733 0.097715
vt 0.578972 0.092197
vt 0.578487 0.107140
vt 0.117450 0.286003
vt 0.107355 0.290583
vt 0.938290 0.900886
vt 0.939609 0.913927
vt 0.935082 0.902704
vt 0.738410 0.215706
vt 0.120012 0.800020
vt 0.325538 0.617271
vt 0.280222 0.767644
vt 0.278661 0.750485
vt 0.945805 0.698588
vt 0.941646 0.696893
vt 0.942487 0.693794
vt 0.907946 0.598376
vt 0.904186 0.611080
vt 0.486613 0.041385
vt 0.488042 0.045174
vt 0.483763 0.043743
vt 0.337928 0.349522
vt 0.342506 0.351685
vt 0.338306 0.367728
vt 0.086548 0.310104
vt 0.889368 0.618088
vt 0.099742 0.297352
vt 0.312839 0.291292
vt 0.752302 0.821390
vt 0.751659 0.834934
vt 0.749234 0.832131
vt 0.952227 0.316479
vt 0.952333 0.325326
vt 0.949958 0.321594
vt 0.101643 0.290427
vt 0.306677 0.298493
vt 0.308127 0.316594
vt 0.729055 0.691711
vt 0.732067 0.701155
vt 0.726839 0.702966
vt 0.600419 0.555908
vt 0.360412 0.480199
vt 0.368477 0.470202
vt 0.093097 0.807368
vt 0.087383 0.796843
vt 0.674960 0.703068
vt 0.680975 0.703690
vt 0.295517 0.344643
vt 0.298131 0.341562
vt 0.867899 0.647668
vt 0.286183 0.721110
vt 0.763144 0.380329
vt 0.758612 0.385302
vt 0.757819 0.380365
vt 0.486962 0.050124
vt 0.901929 0.627269
vt 0.898734 0.630377
vt 0.958796 0.322063
vt 0.049943 0.599248
vt 0.049634 0.593412
vt 0.050573 0.606680
vt 0.954934 0.308101
vt 0.958690 0.307918
vt 0.771221 0.697404
vt 0.776832 0.706629
vt 0.762173 0.706308
vt 0.276843 0.636704
vt 0.276721 0.626367
vt 0.445638 0.680466
vt 0.443717 0.674821
vt 0.447765 0.664497
vt 0.289416 0.326289
vt 0.282395 0.728775
vt 0.950327 0.566689
vt 0.947562 0.578621
vt 0.946743 0.560147
vt 0.308450 0.253424
vt 0.313688 0.257974
vt 0.776068 0.288371
vt 0.773329 0.291087
vt 0.282253 0.749331
vt 0.289006 0.723201
vt 0.434648 0.003949
vt 0.436074 0.009544
vt 0.434013 0.008477
vt 0.433580 0.008801
vt 0.433859 0.007618
vt 0.408559 0.525761
vt 0.411119 0.529415
vt 0.402415 0.531216
vt 0.433150 0.007805
vt 0.997606 0.650375
vt 0.997606 0.649198
vt 0.998886 0.649870
vt 0.476314 0.999210
vt 0.476314 0.998075
vt 0.476776 0.998480
vt 0.551906 0.181180
vt 0.350554 0.140304
vt 0.352571 0.133735
vt 0.357161 0.141325
vt 0.007390 0.717962
vt 0.738700 0.696370
vt 0.741213 0.696262
vt 0.733399 0.721632
vt 0.245243 0.009872
vt 0.085006 0.813578
vt 0.284513 0.708389
vt 0.280274 0.702000
vt 0.285380 0.694665
vt 0.279922 0.318205
vt 0.281650 0.736572
vt 0.755467 0.911179
vt 0.759186 0.912979
vt 0.744876 0.925883
vt 0.905358 0.623228
vt 0.307391 0.292353
vt 0.099165 0.299805
vt 0.096877 0.300704
vt 0.949658 0.347900
vt 0.947595 0.334465
vt 0.002887 0.170036
vt 0.718947 0.710061
vt 0.716594 0.700781
vt 0.720690 0.683976
vt 0.381441 0.216421
vt 0.283490 0.622696
vt 0.304171 0.620626
vt 0.301680 0.332909
vt 0.688875 0.964120
vt 0.306850 0.263967
vt 0.443455 0.667021
vt 0.289683 0.323025
vt 0.293157 0.320037
vt 0.377184 0.487016
vt 0.374702 0.476799
vt 0.376911 0.478159
vt 0.433852 0.764382
vt 0.430333 0.763109
vt 0.434069 0.757839
vt 0.179531 0.745355
vt 0.175137 0.754083
vt 0.173289 0.742661
vt 0.867322 0.650125
vt 0.339245 0.240862
vt 0.340859 0.245108
vt 0.905013 0.655224
vt 0.898286 0.652865
vt 0.901862 0.645145
vt 0.757808 0.398354
vt 0.700958 0.932866
vt 0.317185 0.279617
vt 0.220639 0.426837
vt 0.217019 0.418748
vt 0.221322 0.405755
vt 0.226969 0.405354
vt 0.332284 0.322420
vt 0.108324 0.298999
vt 0.849113 0.994971
vt 0.848535 0.996078
vt 0.847950 0.994855
vt 0.339513 0.219149
vt 0.341078 0.219578
vt 0.338150 0.221017
vt 0.321843 0.305782
vt 0.336848 0.217872
vt 0.402235 0.528456
vt 0.137363 0.241916
vt 0.137419 0.232540
vt 0.138917 0.239769
vt 0.931522 0.102273
vt 0.706248 0.698552
vt 0.697372 0.711566
vt 0.700547 0.696952
vt 0.133275 0.212199
vt 0.159017 0.270136
vt 0.354272 0.210077
vt 0.186860 0.087823
vt 0.750032 0.360201
vt 0.748516 0.349301
vt 0.753185 0.346790
vt 0.354961 0.246435
vt 0.356360 0.244589
vt 0.442701 0.663992
vt 0.444569 0.658267
vt 0.501026 0.672878
vt 0.762045 0.397453
vt 0.776310 0.301088
vt 0.999033 0.042233
vt 0.998264 0.042668
vt 0.997606 0.042233
vt 0.271729 0.997924
vt 0.271091 0.997402
vt 0.271721 0.996514
vt 0.577304 0.997247
vt 0.576872 0.997421
vt 0.576879 0.996379
vt 0.178687 0.751553
vt 0.178527 0.751246
vt 0.913545 0.611463
vt 0.976373 0.401044
vt 0.978990 0.398170
vt 0.980422 0.401301
vt 0.122006 0.284393
vt 0.129756 0.286856
vt 0.120384 0.297238
vt 0.934134 0.917113
vt 0.947291 0.343340
vt 0.016167 0.170020
vt 0.389150 0.234554
vt 0.391435 0.237583
vt 0.389038 0.245492
vt 0.294481 0.620512
vt 0.427918 0.764587
vt 0.358788 0.998075
vt 0.358571 0.999240
vt 0.358257 0.998568
vt 0.178188 0.750852
vt 0.179287 0.750737
vt 0.180609 0.750242
vt 0.753719 0.936265
vt 0.745940 0.930736
vt 0.358788 0.999007
vt 0.942682 0.716571
vt 0.114682 0.305755
vt 0.471101 0.982626
vt 0.473254 0.979109
vt 0.474021 0.983233
vt 0.934552 0.103360
vt 0.935441 0.099956
vt 0.002818 0.715862
vt 0.005066 0.705062
vt 0.760326 0.191696
vt 0.412504 0.223790
vt 0.623664 0.530290
vt 0.876244 0.650140
vt 0.889878 0.661084
vt 0.875434 0.655018
vt 0.947222 0.720268
vt 0.953011 0.578858
vt 0.910999 0.626954
vt 0.111361 0.315058
vt 0.097348 0.311438
vt 0.394212 0.528798
vt 0.998400 0.345138
vt 0.997606 0.343984
vt 0.998944 0.343984
vt 0.953979 0.329052
vt 0.796961 0.685858
vt 0.759693 0.351758
vt 0.756647 0.339630
vt 0.762101 0.331655
vt 0.764437 0.339693
vt 0.518302 0.667333
vt 0.520973 0.666193
vt 0.529245 0.668203
vt 0.766693 0.323621
vt 0.512156 0.674646
vt 0.506154 0.670325
vt 0.891962 0.660229
vt 0.347840 0.360862
vt 0.357258 0.360249
vt 0.355983 0.366768
vt 0.350657 0.356901
vt 0.327428 0.295109
vt 0.322780 0.297787
vt 0.961865 0.733126
vt 0.956816 0.734415
vt 0.956407 0.710291
vt 0.888034 0.626524
vt 0.333769 0.221613
vt 0.339836 0.235322
vt 0.339473 0.222981
vt 0.673161 0.734165
vt 0.670707 0.759842
vt 0.708364 0.706172
vt 0.377176 0.586694
vt 0.384898 0.575839
vt 0.459998 0.324773
vt 0.273764 0.162471
vt 0.819321 0.686321
vt 0.187468 0.093928
vt 0.175275 0.100644
vt 0.117030 0.808362
vt 0.781443 0.300434
vt 0.278822 0.739618
vt 0.953503 0.710257
vt 0.391605 0.531425
vt 0.934223 0.355722
vt 0.930843 0.357062
vt 0.933217 0.347353
vt 0.621496 0.538332
vt 0.671265 0.217535
vt 0.674246 0.206869
vt 0.673285 0.215225
vt 0.312593 0.615877
vt 0.523390 0.952513
vt 0.527296 0.956637
vt 0.520900 0.963951
vt 0.689010 0.941994
vt 0.691421 0.937931
vt 0.887052 0.632114
vt 0.333383 0.308016
vt 0.393497 0.532683
vt 0.656256 0.742758
vt 0.392120 0.220276
vt 0.386766 0.603763
vt 0.376547 0.606479
vt 0.316403 0.502047
vt 0.687531 0.696030
vt 0.697210 0.208029
vt 0.367042 0.382028
vt 0.363427 0.390448
vt 0.953193 0.733553
vt 0.884692 0.925355
vt 0.877348 0.921672
vt 0.882285 0.909654
vt 0.227946 0.420246
vt 0.936371 0.109600
vt 0.784479 0.701201
vt 0.782634 0.723182
vt 0.014973 0.158965
vt 0.614765 0.542563
vt 0.433819 0.326439
vt 0.500801 0.192048
vt 0.498792 0.204446
vt 0.495877 0.187376
vt 0.501053 0.212606
vt 0.555372 0.663731
vt 0.549161 0.655999
vt 0.531985 0.962816
vt 0.993626 0.303687
vt 0.995586 0.304011
vt 0.993626 0.305210
vt 0.365905 0.372469
vt 0.355069 0.346899
vt 0.890689 0.641734
vt 0.337591 0.344226
vt 0.940356 0.120369
vt 0.937100 0.112419
vt 0.940270 0.113562
vt 0.877738 0.915532
vt 0.314537 0.280221
vt 0.310888 0.278888
vt 0.928514 0.113078
vt 0.596758 0.557251
vt 0.648618 0.188082
vt 0.655888 0.198816
vt 0.506585 0.184418
vt 0.509972 0.198224
vt 0.771920 0.332368
vt 0.784438 0.301377
vt 0.524353 0.678623
vt 0.590945 0.587576
vt 0.595250 0.587567
vt 0.590131 0.594953
vt 0.509673 0.680126
vt 0.510291 0.683987
vt 0.703859 0.839872
vt 0.701277 0.836064
vt 0.704405 0.832226
vt 0.130473 0.305123
vt 0.133768 0.294685
vt 0.328454 0.279372
vt 0.322722 0.271398
vt 0.570450 0.119473
vt 0.573816 0.110038
vt 0.574594 0.124672
vt 0.942233 0.920138
vt 0.939886 0.931155
vt 0.936831 0.936414
vt 0.341173 0.235416
vt 0.676797 0.739195
vt 0.673908 0.749315
vt 0.639955 0.188541
vt 0.666582 0.209399
vt 0.664902 0.202681
vt 0.366974 0.321009
vt 0.371502 0.313104
vt 0.374491 0.315700
vt 0.693455 0.695267
vt 0.761342 0.361241
vt 0.749126 0.366244
vt 0.556058 0.655535
vt 0.675438 0.621352
vt 0.676567 0.616394
vt 0.679995 0.620686
vt 0.377245 0.382843
vt 0.374477 0.391621
vt 0.373579 0.380720
vt 0.758110 0.248945
vt 0.759846 0.238146
vt 0.760009 0.244286
vt 0.998269 0.908324
vt 0.998882 0.908610
vt 0.997606 0.908610
vt 0.252999 0.979514
vt 0.251553 0.982370
vt 0.251571 0.981134
vt 0.596664 0.597072
vt 0.193332 0.222824
vt 0.191944 0.220006
vt 0.192211 0.205540
vt 0.899601 0.981552
vt 0.898793 0.983310
vt 0.897856 0.978705
vt 0.598637 0.591048
vt 0.057490 0.462503
vt 0.056334 0.455692
vt 0.059016 0.458069
vt 0.890167 0.646355
vt 0.701143 0.843346
vt 0.497117 0.142853
vt 0.496935 0.137474
vt 0.498830 0.135560
vt 0.343384 0.313686
vt 0.143791 0.295212
vt 0.958644 0.340389
vt 0.308329 0.339452
vt 0.311263 0.338863
vt 0.310577 0.352433
vt 0.680444 0.197491
vt 0.562901 0.647623
vt 0.565509 0.662234
vt 0.769401 0.347881
vt 0.375626 0.367368
vt 0.368422 0.371056
vt 0.365199 0.367484
vt 0.377598 0.396082
vt 0.254360 0.984185
vt 0.252099 0.982436
vt 0.759934 0.245076
vt 0.592971 0.606842
vt 0.588428 0.598293
vt 0.990566 0.767048
vt 0.988729 0.767048
vt 0.988461 0.766571
vt 0.714691 0.997850
vt 0.714691 0.996379
vt 0.715332 0.997447
vt 0.763312 0.245800
vt 0.980718 0.711165
vt 0.974577 0.711191
vt 0.978706 0.709148
vt 0.940817 0.728628
vt 0.348609 0.338903
vt 0.127532 0.309497
vt 0.945448 0.993174
vt 0.944816 0.994101
vt 0.944816 0.992036
vt 0.133625 0.409643
vt 0.131215 0.413028
vt 0.129265 0.407717
vt 0.444820 0.499244
vt 0.448848 0.491702
vt 0.447681 0.498464
vt 0.949437 0.357941
vt 0.946533 0.350001
vt 0.706434 0.724380
vt 0.753740 0.731703
vt 0.692166 0.685084
vt 0.681391 0.688922
vt 0.539633 0.678233
vt 0.947300 0.733053
vt 0.456692 0.268854
vt 0.455573 0.261454
vt 0.460662 0.267051
vt 0.757152 0.949085
vt 0.751351 0.946399
vt 0.950828 0.595703
vt 0.955134 0.585411
vt 0.952995 0.596551
vt 0.957388 0.585910
vt 0.932808 0.120225
vt 0.948171 0.365480
vt 0.817152 0.688473
vt 0.835758 0.201686
vt 0.554736 0.672699
vt 0.379707 0.352864
vt 0.586010 0.543704
vt 0.585370 0.544764
vt 0.585659 0.535846
vt 0.528890 0.968415
vt 0.758654 0.226208
vt 0.762236 0.224820
vt 0.355593 0.334668
vt 0.157276 0.297535
vt 0.145733 0.301805
vt 0.332749 0.291864
vt 0.328472 0.289202
vt 0.331069 0.270311
vt 0.444289 0.494037
vt 0.577275 0.118413
vt 0.579671 0.124896
vt 0.955386 0.340825
vt 0.713157 0.719679
vt 0.383429 0.572224
vt 0.374076 0.583468
vt 0.380372 0.564756
vt 0.257707 0.168590
vt 0.545478 0.678429
vt 0.548718 0.681579
vt 0.764490 0.233893
vt 0.977877 0.935499
vt 0.978215 0.937347
vt 0.974564 0.935990
vt 0.526195 0.686002
vt 0.525107 0.681900
vt 0.975059 0.937342
vt 0.759400 0.939339
vt 0.125546 0.417131
vt 0.936879 0.122933
vt 0.775943 0.732751
vt 0.767232 0.192508
vt 0.277010 0.616616
vt 0.276207 0.613719
vt 0.281138 0.614943
vt 0.770312 0.360943
vt 0.362052 0.340549
vt 0.598625 0.606875
vt 0.848114 0.979620
vt 0.850609 0.982435
vt 0.848459 0.983180
vt 0.744915 0.714974
vt 0.740979 0.728788
vt 0.391888 0.226656
vt 0.319462 0.709191
vt 0.326037 0.722310
vt 0.314483 0.729497
vt 0.664457 0.191233
vt 0.543782 0.682146
vt 0.529665 0.685307
vt 0.461166 0.255523
vt 0.875693 0.930959
vt 0.590400 0.564968
vt 0.370928 0.576272
vt 0.374451 0.561270
vt 0.331252 0.706126
vt 0.351548 0.460428
vt 0.338822 0.454347
vt 0.324883 0.499571
vt 0.245425 0.033811
vt 0.235250 0.028508
vt 0.245806 0.030270
vt 0.570776 0.653411
vt 0.574046 0.655427
vt 0.386323 0.356377
vt 0.722018 0.735160
vt 0.689643 0.737294
vt 0.688639 0.712378
vt 0.331372 0.731974
vt 0.310110 0.734875
vt 0.481265 0.323231
vt 0.323071 0.472673
vt 0.208054 0.091824
vt 0.200035 0.093743
vt 0.875121 0.925891
vt 0.329084 0.716129
vt 0.360678 0.608091
vt 0.446624 0.316503
vt 0.323862 0.490093
vt 0.699029 0.678931
vt 0.375449 0.338457
vt 0.450458 0.262040
vt 0.452426 0.257612
vt 0.133350 0.416121
vt 0.134360 0.421839
vt 0.580595 0.562846
vt 0.616520 0.550284
vt 0.363913 0.591569
vt 0.575252 0.659127
vt 0.771977 0.369481
vt 0.760419 0.370016
vt 0.942478 0.736257
vt 0.133356 0.227880
vt 0.129857 0.226392
vt 0.427605 0.318776
vt 0.431977 0.317870
vt 0.686250 0.179276
vt 0.696357 0.174138
vt 0.698879 0.198710
vt 0.767018 0.373230
vt 0.572980 0.662917
vt 0.382947 0.341690
vt 0.388383 0.348939
vt 0.327690 0.266185
vt 0.750855 0.722543
vt 0.011390 0.154392
vt 0.352091 0.584096
vt 0.308347 0.328619
vt 0.309592 0.329352
vt 0.699578 0.738853
vt 0.342474 0.706338
vt 0.357636 0.574604
vt 0.726301 0.237989
vt 0.726168 0.253647
vt 0.724317 0.241575
vt 0.231430 0.020846
vt 0.657956 0.187075
vt 0.662096 0.198361
vt 0.418460 0.315314
vt 0.416414 0.304632
vt 0.420601 0.306454
vt 0.693031 0.671389
vt 0.571949 0.665319
vt 0.129084 0.423351
vt 0.405337 0.237809
vt 0.497667 0.166098
vt 0.669003 0.174753
vt 0.983829 0.045469
vt 0.986227 0.045691
vt 0.984777 0.047054
vt 0.344150 0.134807
vt 0.345702 0.130846
vt 0.345780 0.137606
vt 0.381994 0.295266
vt 0.209325 0.084656
vt 0.336044 0.717209
vt 0.337162 0.725469
vt 0.344234 0.141319
vt 0.457876 0.311168
vt 0.677141 0.169671
vt 0.733165 0.743981
vt 0.709861 0.743967
vt 0.357250 0.587233
vt 0.419398 0.301797
vt 0.657809 0.183042
vt 0.499744 0.165950
vt 0.506301 0.179398
vt 0.975621 0.644928
vt 0.975363 0.643156
vt 0.980480 0.644413
vt 0.670485 0.309344
vt 0.674048 0.331714
vt 0.666414 0.312428
vt 0.746274 0.730930
vt 0.742503 0.751567
vt 0.355170 0.699494
vt 0.265073 0.183520
vt 0.231164 0.006400
vt 0.398585 0.335097
vt 0.788660 0.727022
vt 0.782574 0.739020
vt 0.756982 0.748124
vt 0.419701 0.225028
vt 0.427154 0.238632
vt 0.403098 0.240675
vt 0.366664 0.560725
vt 0.354946 0.573294
vt 0.355449 0.559313
vt 0.499594 0.166055
vt 0.506587 0.171926
vt 0.665474 0.167109
vt 0.323816 0.605963
vt 0.708636 0.663649
vt 0.497929 0.154011
vt 0.791100 0.740056
vt 0.364050 0.071112
vt 0.361998 0.060702
vt 0.368158 0.058490
vt 0.478060 0.306654
vt 0.228325 0.028510
vt 0.210604 0.020734
vt 0.926510 0.004691
vt 0.927016 0.028203
vt 0.925726 0.035365
vt 0.697639 0.662264
vt 0.595570 0.564400
vt 0.592773 0.571493
vt 0.347146 0.568884
vt 0.379020 0.058367
vt 0.584941 0.670083
vt 0.579491 0.667528
vt 0.782035 0.762295
vt 0.568998 0.583552
vt 0.590792 0.389660
vt 0.587241 0.396810
vt 0.586329 0.390599
vt 0.657410 0.160219
vt 0.222453 0.092133
vt 0.585268 0.667866
vt 0.750030 0.762287
vt 0.320242 0.453373
vt 0.301031 0.495196
vt 0.509283 0.152466
vt 0.671692 0.167441
vt 0.781346 0.378250
vt 0.401468 0.951804
vt 0.408076 0.950036
vt 0.419907 0.962021
vt 0.399881 0.337804
vt 0.335555 0.548264
vt 0.354280 0.721161
vt 0.347804 0.727947
vt 0.550897 0.839221
vt 0.556791 0.823173
vt 0.557513 0.831888
vt 0.204647 0.013735
vt 0.678439 0.328944
vt 0.776509 0.766202
vt 0.680277 0.757938
vt 0.682346 0.732256
vt 0.339855 0.542917
vt 0.356718 0.546190
vt 0.364180 0.703108
vt 0.503721 0.146008
vt 0.781110 0.383515
vt 0.789913 0.764078
vt 0.929416 0.191532
vt 0.910803 0.202391
vt 0.915770 0.182506
vt 0.344165 0.731179
vt 0.228403 0.087777
vt 0.705650 0.762646
vt 0.339398 0.567249
vt 0.919846 0.202633
vt 0.350589 0.590396
vt 0.985455 0.522582
vt 0.982714 0.522436
vt 0.986596 0.521610
vt 0.686907 0.160853
vt 0.214519 0.026333
vt 0.205065 0.022151
vt 0.736661 0.768338
vt 0.539836 0.931655
vt 0.547120 0.924926
vt 0.546298 0.929310
vt 0.148442 0.284421
vt 0.147441 0.265549
vt 0.150131 0.277335
vt 0.463249 0.305655
vt 0.305551 0.471028
vt 0.569267 0.836849
vt 0.573646 0.828038
vt 0.577891 0.824561
vt 0.562079 0.818112
vt 0.238548 0.094664
vt 0.224823 0.092364
vt 0.226382 0.092782
vt 0.210504 0.025046
vt 0.225613 0.092624
vt 0.699815 0.757604
vt 0.792125 0.758147
vt 0.716451 0.767508
vt 0.597842 0.575798
vt 0.964089 0.604526
vt 0.958246 0.615143
vt 0.956382 0.603170
vt 0.197752 0.467041
vt 0.198851 0.459630
vt 0.202766 0.460710
vt 0.200637 0.482141
vt 0.321913 0.598208
vt 0.303204 0.502757
vt 0.223990 0.084362
vt 0.697730 0.164632
vt 0.196472 0.024799
vt 0.685218 0.762152
vt 0.332795 0.529616
vt 0.345235 0.536261
vt 0.318552 0.526551
vt 0.338941 0.579049
vt 0.309267 0.455651
vt 0.420365 0.996379
vt 0.419841 0.997881
vt 0.419308 0.996379
vt 0.284598 0.181371
vt 0.700569 0.155715
vt 0.678292 0.322815
vt 0.684190 0.323384
vt 0.323755 0.594715
vt 0.668526 0.156277
vt 0.682211 0.626747
vt 0.687381 0.616943
vt 0.690349 0.626137
vt 0.729185 0.768101
vt 0.562358 0.579817
vt 0.539511 0.897517
vt 0.497480 0.652162
vt 0.491161 0.660027
vt 0.488328 0.645878
vt 0.712429 0.642110
vt 0.668283 0.339746
vt 0.666543 0.327340
vt 0.985080 0.456601
vt 0.982714 0.456894
vt 0.983668 0.455919
vt 0.411571 0.944525
vt 0.404515 0.941986
vt 0.413610 0.941949
vt 0.670461 0.142854
vt 0.694515 0.650514
vt 0.700399 0.640381
vt 0.687647 0.631508
vt 0.690437 0.629592
vt 0.692111 0.624409
vt 0.694473 0.618024
vt 0.416537 0.248934
vt 0.681606 0.986842
vt 0.680700 0.988284
vt 0.680690 0.985213
vt 0.307914 0.468177
vt 0.289316 0.485209
vt 0.697418 0.146185
vt 0.974196 0.790186
vt 0.976426 0.790692
vt 0.976235 0.794553
vt 0.742571 0.779520
vt 0.745571 0.773651
vt 0.710389 0.772144
vt 0.759640 0.779480
vt 0.576808 0.587607
vt 0.364952 0.696166
vt 0.382121 0.696282
vt 0.379262 0.034436
vt 0.379292 0.047320
vt 0.282503 0.188072
vt 0.241869 0.199895
vt 0.203800 0.002163
vt 0.647036 0.149837
vt 0.653240 0.145193
vt 0.676131 0.160186
vt 0.684051 0.155539
vt 0.561289 0.795809
vt 0.706599 0.145524
vt 0.709449 0.146716
vt 0.700278 0.625383
vt 0.681980 0.610526
vt 0.684350 0.604781
vt 0.551410 0.740796
vt 0.556736 0.742835
vt 0.561249 0.770878
vt 0.373962 0.712620
vt 0.362116 0.713536
vt 0.560533 0.911763
vt 0.273498 0.503761
vt 0.677986 0.143707
vt 0.504766 0.145652
vt 0.513627 0.132870
vt 0.695266 0.782754
vt 0.563499 0.761923
vt 0.917871 0.217476
vt 0.369740 0.720430
vt 0.356365 0.730651
vt 0.365609 0.033811
vt 0.253172 0.198881
vt 0.683467 0.141611
vt 0.398254 0.937921
vt 0.702229 0.785085
vt 0.786011 0.788258
vt 0.676207 0.585963
vt 0.687746 0.594584
vt 0.978854 0.591087
vt 0.975418 0.589597
vt 0.979273 0.588814
vt 0.336832 0.568778
vt 0.363204 0.260946
vt 0.360967 0.231137
vt 0.367862 0.245194
vt 0.311080 0.441459
vt 0.285794 0.496889
vt 0.570527 0.817928
vt 0.580926 0.797106
vt 0.692741 0.144511
vt 0.170643 0.029936
vt 0.742726 0.994135
vt 0.742086 0.993170
vt 0.742726 0.992036
vt 0.407454 0.927562
vt 0.789426 0.786332
vt 0.258626 0.086516
vt 0.256143 0.081526
vt 0.259850 0.072829
vt 0.590452 0.582363
vt 0.977637 0.899122
vt 0.976119 0.900807
vt 0.974121 0.898951
vt 0.381540 0.274121
vt 0.377711 0.242106
vt 0.383477 0.261584
vt 0.257203 0.094045
vt 0.566587 0.794945
vt 0.687323 0.139585
vt 0.690881 0.140794
vt 0.681231 0.147593
vt 0.376486 0.259423
vt 0.369912 0.236223
vt 0.564429 0.749112
vt 0.564824 0.763819
vt 0.751542 0.780195
vt 0.154749 0.243453
vt 0.142510 0.255783
vt 0.139382 0.247602
vt 0.272593 0.585602
vt 0.276396 0.586247
vt 0.273710 0.592579
vt 0.461273 0.294733
vt 0.150811 0.270045
vt 0.150584 0.269092
vt 0.288588 0.198360
vt 0.402710 0.996193
vt 0.402710 0.994376
vt 0.403548 0.996132
vt 0.703701 0.619846
vt 0.045958 0.295818
vt 0.049270 0.288687
vt 0.048806 0.296465
vt 0.697761 0.606047
vt 0.686834 0.773737
vt 0.997606 0.177242
vt 0.998989 0.177840
vt 0.997606 0.178103
vt 0.141659 0.048288
vt 0.128273 0.038484
vt 0.151032 0.024432
vt 0.328996 0.563263
vt 0.322228 0.561982
vt 0.173243 0.017862
vt 0.254672 0.101224
vt 0.694100 0.130387
vt 0.699426 0.793702
vt 0.085216 0.988984
vt 0.083219 0.988148
vt 0.083481 0.985410
vt 0.570665 0.774364
vt 0.256673 0.073650
vt 0.313420 0.523276
vt 0.387802 0.711294
vt 0.834732 0.999038
vt 0.835581 0.998075
vt 0.835613 0.999038
vt 0.284151 0.464865
vt 0.284199 0.495726
vt 0.674287 0.120101
vt 0.710635 0.616372
vt 0.263358 0.106269
vt 0.045472 0.286026
vt 0.680807 0.122802
vt 0.399776 0.924833
vt 0.776242 0.783978
vt 0.553279 0.819014
vt 0.550439 0.821935
vt 0.551413 0.815395
vt 0.333667 0.584525
vt 0.318141 0.581829
vt 0.321131 0.575195
vt 0.376967 0.724341
vt 0.200585 0.451558
vt 0.305308 0.458562
vt 0.488994 0.286696
vt 0.296831 0.461603
vt 0.571132 0.796450
vt 0.581833 0.787071
vt 0.574520 0.799399
vt 0.390211 0.935808
vt 0.719663 0.789734
vt 0.399013 0.707162
vt 0.485161 0.298230
vt 0.267171 0.498857
vt 0.392259 0.949303
vt 0.384921 0.955744
vt 0.273130 0.105592
vt 0.272732 0.110354
vt 0.730804 0.791591
vt 0.732204 0.782177
vt 0.691786 0.592816
vt 0.570211 0.753843
vt 0.572773 0.752654
vt 0.577986 0.767952
vt 0.165406 0.240592
vt 0.162647 0.247068
vt 0.160098 0.254272
vt 0.714393 0.134204
vt 0.716465 0.131701
vt 0.718309 0.149977
vt 0.383774 0.943274
vt 0.771821 0.793607
vt 0.258742 0.066974
vt 0.276796 0.606942
vt 0.368438 0.715244
vt 0.268466 0.844031
vt 0.265150 0.862129
vt 0.255311 0.845281
vt 0.403029 0.300956
vt 0.398108 0.299902
vt 0.414650 0.294999
vt 0.820519 0.688961
vt 0.828025 0.681422
vt 0.825394 0.694088
vt 0.272844 0.211300
vt 0.251329 0.223322
vt 0.365193 0.221281
vt 0.760266 0.793049
vt 0.257884 0.405057
vt 0.255163 0.409719
vt 0.255924 0.396424
vt 0.582367 0.775610
vt 0.584610 0.776256
vt 0.406655 0.702610
vt 0.315252 0.553952
vt 0.380230 0.732217
vt 0.397251 0.289616
vt 0.267058 0.483627
vt 0.185343 0.002872
vt 0.273292 0.606701
vt 0.444424 0.293929
vt 0.435644 0.293382
vt 0.398785 0.275217
vt 0.822059 0.610035
vt 0.846288 0.598321
vt 0.827179 0.617107
vt 0.828526 0.625721
vt 0.830799 0.647773
vt 0.828097 0.642489
vt 0.317795 0.529317
vt 0.297156 0.530852
vt 0.928371 0.225556
vt 0.922963 0.217084
vt 0.384832 0.712079
vt 0.277873 0.220331
vt 0.236228 0.217107
vt 0.666993 0.117744
vt 0.697426 0.104753
vt 0.177309 0.250354
vt 0.319789 0.537049
vt 0.925259 0.228151
vt 0.316028 0.555300
vt 0.325776 0.562086
vt 0.828436 0.663775
vt 0.828363 0.650007
vt 0.281700 0.460112
vt 0.255085 0.508892
vt 0.175722 0.242436
vt 0.203146 0.232750
vt 0.174774 0.243008
vt 0.166530 0.266606
vt 0.306329 0.543605
vt 0.319591 0.569377
vt 0.279145 0.135994
vt 0.278579 0.142210
vt 0.277065 0.137828
vt 0.833083 0.674512
vt 0.829378 0.672424
vt 0.289638 0.203898
vt 0.146536 0.017039
vt 0.122083 0.039232
vt 0.302402 0.532713
vt 0.291957 0.455167
vt 0.167660 0.007979
vt 0.982714 0.489584
vt 0.984651 0.489131
vt 0.984727 0.490602
vt 0.710663 0.415738
vt 0.711946 0.426549
vt 0.711320 0.423311
vt 0.400884 0.734534
vt 0.301051 0.419598
vt 0.276561 0.419375
vt 0.279128 0.415639
vt 0.296888 0.436076
vt 0.273542 0.431314
vt 0.239034 0.513524
vt 0.985755 0.020735
vt 0.982714 0.019925
vt 0.987067 0.019943
vt 0.291699 0.522369
vt 0.388246 0.716473
vt 0.257766 0.422897
vt 0.228832 0.525377
vt 0.223339 0.525657
vt 0.311903 0.559949
vt 0.258214 0.426234
vt 0.256496 0.425325
vt 0.231356 0.858709
vt 0.847704 0.691483
vt 0.269782 0.230280
vt 0.491753 0.273534
vt 0.845941 0.609585
vt 0.551963 0.618653
vt 0.557478 0.588218
vt 0.556243 0.619388
vt 0.400789 0.711332
vt 0.419103 0.719560
vt 0.844658 0.647425
vt 0.439361 0.090145
vt 0.437752 0.086063
vt 0.438586 0.080758
vt 0.268202 0.469425
vt 0.404389 0.712886
vt 0.454300 0.276014
vt 0.287124 0.455032
vt 0.262506 0.458660
vt 0.242804 0.496107
vt 0.288434 0.547133
vt 0.289955 0.570123
vt 0.352046 0.309283
vt 0.351087 0.300962
vt 0.352543 0.296229
vt 0.555036 0.588367
vt 0.221566 0.239346
vt 0.274027 0.457844
vt 0.280611 0.455939
vt 0.186420 0.256968
vt 0.159114 0.253633
vt 0.167184 0.195831
vt 0.165945 0.201558
vt 0.163949 0.200643
vt 0.223313 0.508900
vt 0.279225 0.535345
vt 0.424408 0.712306
vt 0.265176 0.872254
vt 0.257297 0.437103
vt 0.258096 0.237419
vt 0.188332 0.559212
vt 0.187212 0.541029
vt 0.189342 0.541874
vt 0.004023 0.530077
vt 0.000633 0.561297
vt 0.001587 0.532769
vt 0.847965 0.625195
vt 0.849764 0.598315
vt 0.258166 0.045558
vt 0.254363 0.047674
vt 0.253854 0.037307
vt 0.253988 0.469933
vt 0.210989 0.533849
vt 0.560445 0.884717
vt 0.363857 0.286164
vt 0.362167 0.301885
vt 0.282239 0.555568
vt 0.270217 0.416919
vt 0.273592 0.542148
vt 0.418062 0.733328
vt 0.585980 0.893459
vt 0.584477 0.902159
vt 0.359324 0.288213
vt 0.275830 0.230290
vt 0.273611 0.234182
vt 0.975012 0.580552
vt 0.980825 0.582271
vt 0.974541 0.582598
vt 0.202755 0.269360
vt 0.262287 0.517449
vt 0.271964 0.532161
vt 0.235488 0.482100
vt 0.235419 0.251918
vt 0.197525 0.523246
vt 0.193773 0.510252
vt 0.198984 0.508165
vt 0.275464 0.564823
vt 0.278127 0.250717
vt 0.259742 0.258986
vt 0.191910 0.283940
vt 0.241842 0.450275
vt 0.209967 0.257951
vt 0.227779 0.478791
vt 0.209855 0.259671
vt 0.916475 0.995264
vt 0.916486 0.994376
vt 0.916486 0.996149
vt 0.179093 0.280065
vt 0.241966 0.459215
vt 0.957783 0.694032
vt 0.953334 0.687085
vt 0.961945 0.682455
vt 0.959155 0.674104
vt 0.309532 0.596099
vt 0.307387 0.596122
vt 0.234174 0.260700
vt 0.247015 0.518266
vt 0.951090 0.699050
vt 0.951045 0.669139
vt 0.208918 0.494921
vt 0.203325 0.287531
vt 0.258614 0.607976
vt 0.261491 0.597323
vt 0.266609 0.602124
vt 0.954090 0.702810
vt 0.539263 0.872880
vt 0.216170 0.268981
vt 0.273850 0.268743
vt 0.193584 0.494917
vt 0.266423 0.534639
vt 0.260336 0.548139
vt 0.253065 0.528282
vt 0.252468 0.600492
vt 0.262305 0.587882
vt 0.265572 0.541586
vt 0.268899 0.895114
vt 0.266826 0.898031
vt 0.260898 0.894068
vt 0.930870 0.165650
vt 0.935176 0.151873
vt 0.932687 0.164966
vt 0.240209 0.522304
vt 0.241891 0.530242
vt 0.267466 0.566157
vt 0.245485 0.881235
vt 0.217429 0.863841
vt 0.297412 0.604206
vt 0.299956 0.597468
vt 0.248243 0.278845
vt 0.214246 0.480471
vt 0.211600 0.478662
vt 0.248846 0.538321
vt 0.242108 0.537920
vt 0.986639 0.920236
vt 0.984104 0.921777
vt 0.982714 0.920236
vt 0.281956 0.580990
vt 0.268516 0.576574
vt 0.222681 0.280103
vt 0.264248 0.903391
vt 0.252623 0.899937
vt 0.234844 0.880968
vt 0.220621 0.460205
vt 0.213579 0.468884
vt 0.235157 0.887163
vt 0.239089 0.551750
vt 0.248534 0.588719
vt 0.216362 0.869829
vt 0.239191 0.293537
s 1
usemtl Material.011
f 6/1/1 12/2/2 7/3/3
f 6/4/1 2/5/4 12/6/2
f 2/7/4 3/8/5 12/9/2
f 3/8/5 4/10/6 12/2/2
f 2/7/4 6/11/1 10/12/7
f 10/13/7 6/14/1 7/15/3
f 28/16/8 3/17/5 2/18/4
f 4/10/6 16/19/9 12/2/2
f 4/10/6 3/8/5 8/20/10
f 5/21/11 18/22/12 1/23/13
f 9/24/14 13/25/15 10/26/7
f 13/27/15 2/18/4 10/28/7
f 18/29/12 11/30/16 1/31/13
f 11/32/16 12/33/2 14/34/17
f 7/35/3 12/33/2 11/32/16
f 9/36/14 10/37/7 18/38/12
f 1/39/13 11/40/16 19/41/18
f 11/30/16 18/29/12 7/42/3
f 10/13/7 7/15/3 18/43/12
f 12/2/2 16/19/9 14/44/17
f 3/45/5 17/46/19 8/47/10
f 19/41/18 11/40/16 14/44/17
f 5/48/11 1/49/13 19/50/18
f 28/51/8 30/52/20 15/53/21
f 15/53/21 21/54/22 28/51/8
f 14/55/17 16/56/9 20/57/23
f 3/17/5 28/16/8 21/58/22
f 3/45/5 24/59/24 17/46/19
f 8/20/10 23/60/25 4/10/6
f 44/61/26 2/18/4 13/27/15
f 14/62/17 20/63/23 27/64/27
f 30/65/20 24/59/24 15/66/21
f 24/59/24 21/67/22 15/66/21
f 22/68/28 16/19/9 4/10/6
f 4/10/6 23/60/25 25/69/29
f 26/70/30 9/71/14 18/22/12
f 58/72/31 13/27/15 9/71/14
f 20/73/23 16/19/9 27/74/27
f 21/67/22 24/59/24 3/45/5
f 24/59/24 32/75/32 17/46/19
f 29/76/33 8/47/10 17/46/19
f 8/47/10 29/76/33 23/77/25
f 5/48/11 19/50/18 33/78/34
f 58/72/31 44/61/26 13/27/15
f 44/61/26 28/16/8 2/18/4
f 16/19/9 31/79/35 27/74/27
f 29/80/33 34/81/36 23/60/25
f 26/70/30 58/72/31 9/71/14
f 5/21/11 33/82/34 18/22/12
f 37/83/37 24/84/24 30/85/20
f 16/19/9 22/68/28 31/79/35
f 4/10/6 25/69/29 22/68/28
f 34/81/36 29/86/33 55/87/38
f 33/82/34 26/70/30 18/22/12
f 27/74/27 31/79/35 42/88/39
f 17/46/19 38/89/40 29/76/33
f 23/90/25 34/91/36 35/92/41
f 33/93/34 19/94/18 36/95/42
f 30/85/20 28/16/8 37/83/37
f 14/62/17 27/64/27 19/96/18
f 44/61/26 37/83/37 28/16/8
f 32/75/32 80/97/43 17/46/19
f 80/97/43 38/89/40 17/46/19
f 42/98/39 19/96/18 27/64/27
f 74/99/44 41/100/45 67/101/46
f 41/102/45 74/103/44 45/104/47
f 31/79/35 22/68/28 46/105/48
f 35/106/41 39/107/49 23/60/25
f 31/79/35 40/108/50 42/88/39
f 45/104/47 60/109/51 41/102/45
f 60/109/51 43/110/52 41/102/45
f 41/100/45 69/111/53 67/101/46
f 43/112/52 47/113/54 41/102/45
f 40/108/50 31/79/35 46/105/48
f 29/76/33 54/114/55 48/115/56
f 34/116/36 55/117/38 35/118/41
f 35/106/41 56/119/57 39/107/49
f 49/120/58 45/121/47 74/122/44
f 50/123/59 60/124/51 45/125/47
f 74/99/44 67/101/46 75/126/60
f 51/127/61 67/128/46 69/129/53
f 24/59/24 52/130/62 32/75/32
f 69/131/53 41/102/45 70/132/63
f 41/102/45 53/133/64 70/132/63
f 41/102/45 47/113/54 53/134/64
f 23/60/25 39/107/49 25/69/29
f 29/76/33 48/115/56 55/135/38
f 49/136/58 74/137/44 50/138/59
f 49/139/58 50/140/59 59/141/65
f 45/142/47 59/143/65 50/144/59
f 60/145/51 59/146/66 49/147/67
f 49/148/58 59/149/65 45/150/47
f 49/151/67 61/152/68 60/124/51
f 75/153/60 62/154/69 63/155/70
f 75/126/60 67/101/46 65/156/71
f 64/157/72 66/158/73 62/159/69
f 65/156/71 67/101/46 66/160/73
f 66/161/73 67/162/46 62/163/69
f 37/164/37 68/165/74 24/59/24
f 63/166/70 62/167/69 76/168/75
f 67/169/46 76/168/75 62/170/69
f 68/165/74 52/130/62 24/59/24
f 69/171/53 78/172/76 51/173/61
f 69/174/53 70/175/63 79/176/77
f 29/76/33 38/89/40 54/114/55
f 35/118/41 72/177/78 56/178/57
f 57/179/79 33/82/34 73/180/80
f 87/181/81 58/72/31 26/70/30
f 59/141/66 61/182/68 49/139/67
f 59/183/66 101/184/82 61/185/68
f 59/183/66 60/186/51 101/184/82
f 50/187/59 101/184/82 60/186/51
f 75/188/60 65/189/71 62/163/69
f 62/163/69 65/189/71 64/190/72
f 65/191/71 66/192/73 76/193/75
f 64/194/72 63/166/70 76/168/75
f 64/157/72 76/195/75 66/196/73
f 60/124/51 77/197/83 43/198/52
f 43/198/52 77/197/83 47/199/54
f 78/200/76 69/201/53 79/202/77
f 25/69/29 71/203/84 22/68/28
f 39/107/49 56/119/57 81/204/85
f 35/118/41 55/117/38 72/177/78
f 33/93/34 36/95/42 73/205/80
f 19/206/18 42/207/39 36/208/42
f 106/209/86 82/210/87 74/99/44
f 74/99/44 75/126/60 106/209/86
f 74/99/44 93/211/88 50/212/59
f 78/213/76 84/214/89 51/215/61
f 70/132/63 53/133/64 85/216/90
f 79/217/77 70/218/63 85/219/90
f 57/179/79 26/70/30 33/82/34
f 93/211/88 74/99/44 82/210/87
f 93/220/88 101/184/82 50/221/59
f 75/222/60 63/223/70 100/224/91
f 76/225/75 96/226/92 65/227/71
f 76/193/75 67/228/46 96/229/92
f 51/215/61 96/229/92 67/228/46
f 51/215/61 83/230/93 96/229/92
f 60/124/51 88/231/94 77/197/83
f 78/213/76 89/232/95 84/214/89
f 78/213/76 79/233/77 89/232/95
f 89/234/95 79/217/77 85/219/90
f 26/70/30 104/235/96 87/181/81
f 36/208/42 42/236/39 92/237/97
f 94/238/98 101/184/82 93/220/88
f 42/88/39 40/108/50 95/239/99
f 63/223/70 64/240/72 100/224/91
f 65/227/71 96/226/92 64/241/72
f 61/152/68 88/231/94 60/124/51
f 47/242/54 90/243/100 53/244/64
f 22/68/28 71/203/84 46/105/48
f 39/107/49 86/245/101 25/69/29
f 48/115/56 103/246/102 55/135/38
f 57/179/79 73/180/80 119/247/103
f 93/211/88 82/210/87 114/248/104
f 114/248/104 94/249/98 93/211/88
f 75/126/60 100/250/91 106/209/86
f 100/251/91 64/252/72 96/229/92
f 61/253/68 101/254/82 97/255/105
f 61/253/68 97/255/105 88/256/94
f 89/232/95 102/257/106 84/214/89
f 47/199/54 77/197/83 90/258/100
f 52/130/62 80/97/43 32/75/32
f 53/133/64 99/259/107 85/216/90
f 25/69/29 91/260/108 71/203/84
f 39/107/49 81/204/85 86/245/101
f 42/88/39 95/239/99 92/261/97
f 107/262/109 100/263/91 96/264/92
f 96/229/92 83/230/93 88/265/94
f 46/266/48 155/267/110 40/268/50
f 51/215/61 84/214/89 83/230/93
f 46/266/48 111/269/111 98/270/112
f 90/243/100 117/271/113 53/272/64
f 99/259/107 53/133/64 117/273/113
f 89/274/95 85/275/90 102/276/106
f 54/114/55 159/277/114 48/115/56
f 57/179/79 104/235/96 26/70/30
f 120/278/115 114/248/104 82/210/87
f 94/238/98 114/279/104 126/280/116
f 94/238/98 126/280/116 101/184/82
f 107/281/109 96/229/92 115/282/117
f 96/283/92 88/284/94 115/285/117
f 83/230/93 108/286/118 88/265/94
f 108/287/118 77/197/83 88/231/94
f 127/288/119 77/197/83 108/287/118
f 155/267/110 46/266/48 98/270/112
f 127/288/119 109/289/120 77/197/83
f 77/197/83 109/289/120 90/258/100
f 85/219/90 99/290/107 102/291/106
f 55/117/38 130/292/121 72/177/78
f 87/181/81 112/293/122 58/72/31
f 113/294/123 44/61/26 58/72/31
f 106/295/86 100/296/91 125/297/124
f 125/298/124 100/299/91 107/300/109
f 107/301/109 115/302/117 124/303/125
f 115/285/117 88/284/94 97/304/105
f 68/305/74 135/306/126 52/307/62
f 83/308/93 84/309/89 157/310/127
f 90/243/100 109/311/120 117/271/113
f 52/130/62 116/312/128 80/97/43
f 91/260/108 118/313/129 71/203/84
f 38/89/40 129/314/130 54/114/55
f 56/119/57 139/315/131 81/204/85
f 44/61/26 131/316/132 37/83/37
f 123/317/133 121/318/134 122/319/135
f 82/210/87 122/319/135 105/320/136
f 82/210/87 121/318/134 123/317/133
f 82/210/87 106/209/86 121/318/134
f 123/321/133 107/300/109 124/322/125
f 123/321/133 125/298/124 107/300/109
f 37/323/37 131/324/132 68/305/74
f 115/325/117 97/326/105 124/327/125
f 126/328/116 97/329/105 101/330/82
f 52/307/62 145/331/137 116/332/128
f 84/214/89 110/333/138 157/334/127
f 84/214/89 128/335/139 110/333/138
f 84/214/89 102/257/106 128/335/139
f 99/336/107 109/337/120 102/338/106
f 117/339/113 109/340/120 99/341/107
f 103/342/102 130/343/121 55/87/38
f 122/319/135 132/344/140 105/320/136
f 122/345/135 125/346/124 123/347/133
f 82/348/87 132/349/140 125/298/124
f 82/350/87 125/351/124 122/352/135
f 82/348/87 123/321/133 132/349/140
f 123/321/133 124/322/125 133/353/141
f 120/354/115 147/355/142 114/356/104
f 106/357/86 125/358/124 121/359/134
f 114/279/104 147/360/142 126/280/116
f 95/361/99 40/268/50 134/362/143
f 124/327/125 97/326/105 126/363/116
f 161/364/144 40/365/50 155/366/110
f 116/332/128 145/331/137 158/367/145
f 157/368/127 110/369/138 127/370/119
f 127/371/119 110/333/138 109/372/120
f 102/338/106 109/337/120 128/373/139
f 116/312/128 136/374/146 80/97/43
f 129/314/130 137/375/147 54/114/55
f 103/246/102 48/115/56 138/376/148
f 58/72/31 112/293/122 113/294/123
f 146/377/149 140/378/150 82/210/87
f 132/344/140 146/377/151 105/320/136
f 105/379/136 146/380/151 141/381/152
f 82/382/87 133/353/141 141/383/153
f 146/377/149 82/210/87 141/384/153
f 105/385/136 133/386/141 82/387/87
f 141/383/152 132/349/140 123/321/133
f 123/388/133 105/379/136 141/381/152
f 123/389/133 133/386/141 105/385/136
f 132/349/140 122/390/135 121/391/134
f 132/349/140 121/391/134 125/298/124
f 126/280/116 147/360/142 124/303/125
f 148/392/154 143/393/155 142/394/156
f 149/395/157 83/396/93 152/397/158
f 135/306/126 145/331/137 52/307/62
f 152/398/158 83/308/93 154/399/159
f 154/399/159 83/308/93 157/310/127
f 110/333/138 128/335/139 109/372/120
f 167/400/160 38/89/40 80/97/43
f 25/69/29 118/313/129 91/260/108
f 86/245/101 170/401/161 25/69/29
f 137/375/147 159/277/114 54/114/55
f 72/177/78 139/402/131 56/178/57
f 36/208/42 92/237/97 188/403/162
f 120/278/115 82/210/87 140/378/150
f 146/404/149 133/405/141 140/406/150
f 133/353/141 146/407/149 141/383/153
f 141/383/152 146/407/151 132/349/140
f 124/408/125 147/409/142 133/410/141
f 68/305/74 171/411/163 135/306/126
f 148/412/154 151/413/164 143/393/155
f 142/414/156 153/415/165 150/416/166
f 83/417/93 149/418/157 144/419/167
f 143/393/155 153/420/165 142/394/156
f 135/306/126 154/421/159 145/331/137
f 144/419/167 108/422/118 83/417/93
f 143/393/155 156/423/168 153/420/165
f 154/399/159 157/310/127 165/424/169
f 108/422/118 144/419/167 127/425/119
f 46/105/48 71/203/84 111/426/111
f 25/69/29 170/401/161 118/313/129
f 159/277/114 138/376/148 48/115/56
f 73/205/80 36/95/42 193/427/170
f 140/378/150 133/428/141 120/278/115
f 120/354/115 133/429/141 147/355/142
f 142/430/156 162/431/171 148/432/154
f 142/433/156 150/434/166 162/435/171
f 172/436/172 149/395/157 173/437/173
f 152/397/158 173/437/173 149/395/157
f 161/364/144 169/438/174 151/439/164
f 161/364/144 155/440/110 169/438/174
f 151/413/164 169/441/174 143/393/155
f 144/419/167 164/442/175 127/425/119
f 143/393/155 169/441/174 156/443/168
f 38/89/40 167/400/160 129/314/130
f 57/179/79 119/247/103 104/235/96
f 36/208/42 188/403/162 193/444/170
f 172/436/172 189/445/176 149/395/157
f 148/412/154 168/446/177 151/413/164
f 173/447/173 154/448/159 135/449/126
f 152/397/158 154/448/159 173/437/173
f 154/450/159 165/451/169 145/452/137
f 153/453/165 156/454/168 163/455/178
f 156/454/168 166/456/179 163/455/178
f 137/375/147 129/314/130 159/277/114
f 86/245/101 81/204/85 170/401/161
f 150/416/166 153/415/165 174/457/180
f 174/457/180 153/415/165 163/455/178
f 158/367/145 145/331/137 165/458/169
f 136/374/146 167/400/160 80/97/43
f 104/235/96 119/247/103 160/459/181
f 171/411/163 68/305/74 131/324/132
f 134/460/143 40/365/50 176/461/182
f 171/462/163 173/447/173 135/449/126
f 161/364/144 151/439/164 168/463/177
f 155/464/110 179/465/183 169/441/174
f 155/267/110 98/270/112 179/466/183
f 127/425/119 175/467/184 157/468/127
f 129/314/130 138/376/148 159/277/114
f 87/469/81 104/470/96 160/471/181
f 176/461/182 40/365/50 161/364/144
f 178/472/185 164/442/175 144/419/167
f 156/443/168 169/441/174 179/465/183
f 181/473/186 165/424/169 157/310/127
f 165/474/169 180/475/187 182/476/188
f 127/425/119 183/477/189 175/467/184
f 157/310/127 175/478/184 181/473/186
f 98/270/112 111/269/111 184/479/190
f 71/480/84 185/481/191 111/482/111
f 170/401/161 81/204/85 177/483/192
f 81/204/85 186/484/193 177/483/192
f 119/247/103 73/180/80 193/485/170
f 160/486/181 112/293/122 87/181/81
f 162/431/171 240/487/194 148/432/154
f 171/462/163 197/488/195 173/447/173
f 149/418/157 190/489/196 178/472/185
f 149/418/157 178/472/185 144/419/167
f 150/416/166 174/457/180 191/490/197
f 165/424/169 181/473/186 180/491/187
f 127/425/119 164/442/175 183/477/189
f 163/455/178 166/456/179 192/492/198
f 182/493/188 158/494/145 165/495/169
f 156/496/168 203/497/199 166/498/179
f 139/315/131 186/484/193 81/204/85
f 160/486/181 187/499/200 112/293/122
f 119/247/103 193/485/170 160/459/181
f 240/487/194 168/463/177 148/432/154
f 168/463/177 176/461/182 161/364/144
f 197/500/195 214/501/201 173/502/173
f 191/503/197 195/504/202 150/434/166
f 163/455/178 192/492/198 174/457/180
f 116/312/128 199/505/203 136/374/146
f 187/499/200 160/459/181 201/506/204
f 209/507/205 44/61/26 113/294/123
f 209/507/205 131/316/132 44/61/26
f 172/436/172 173/437/173 214/508/201
f 162/509/171 150/510/166 198/511/206
f 190/489/196 149/418/157 189/512/176
f 198/513/206 150/434/166 195/504/202
f 184/479/190 179/466/183 98/270/112
f 185/514/191 71/203/84 118/313/129
f 204/515/207 170/401/161 177/483/192
f 160/459/181 193/485/170 201/506/204
f 227/516/208 112/293/122 187/499/200
f 178/472/185 217/517/209 164/442/175
f 174/457/180 192/492/198 218/518/210
f 179/465/183 202/519/211 156/443/168
f 158/367/145 199/520/203 116/332/128
f 136/374/146 200/521/212 167/400/160
f 118/313/129 170/401/161 204/515/207
f 130/292/121 139/402/131 72/177/78
f 172/436/172 214/508/201 189/445/176
f 168/463/177 240/487/194 212/522/213
f 162/523/171 198/524/206 194/525/214
f 191/503/197 206/526/215 195/504/202
f 164/442/175 207/527/216 183/477/189
f 156/443/168 202/519/211 203/528/199
f 193/444/170 188/403/162 221/529/217
f 214/508/201 213/530/218 189/445/176
f 162/431/171 194/531/214 240/487/194
f 210/532/219 178/533/185 190/534/196
f 217/517/209 219/535/220 164/442/175
f 174/457/180 218/518/210 191/490/197
f 183/477/189 211/536/221 175/467/184
f 129/314/130 167/400/160 208/537/222
f 208/537/222 205/538/223 138/376/148
f 129/314/130 208/537/222 138/376/148
f 112/293/122 227/516/208 113/294/123
f 92/539/97 95/540/99 228/541/224
f 134/460/143 176/461/182 196/542/225
f 168/463/177 212/522/213 176/461/182
f 189/512/176 215/543/226 190/489/196
f 217/544/209 191/545/197 218/546/210
f 217/517/209 218/547/210 219/535/220
f 164/442/175 219/535/220 207/527/216
f 218/518/210 192/492/198 220/548/227
f 201/506/204 193/485/170 221/549/217
f 229/550/228 240/487/194 194/531/214
f 171/462/163 232/551/229 197/488/195
f 230/552/230 215/543/226 189/512/176
f 194/525/214 198/524/206 222/553/231
f 215/543/226 223/554/232 190/489/196
f 233/555/233 198/556/206 195/557/202
f 231/558/234 178/533/185 210/532/219
f 241/559/235 191/545/197 217/544/209
f 195/504/202 206/526/215 216/560/236
f 202/561/211 179/466/183 184/479/190
f 158/367/145 182/562/188 224/563/237
f 192/492/198 166/456/179 203/564/199
f 237/565/238 184/479/190 111/269/111
f 95/566/99 134/567/143 228/568/224
f 231/569/234 217/570/209 178/571/185
f 241/559/235 206/572/215 191/545/197
f 258/573/239 231/558/234 210/532/219
f 219/574/220 218/518/210 207/575/216
f 130/343/121 103/342/102 261/576/240
f 130/292/121 261/577/240 139/402/131
f 197/488/195 232/551/229 214/508/201
f 213/578/218 230/552/230 189/512/176
f 195/579/202 234/580/241 233/581/233
f 190/582/196 236/583/242 210/584/219
f 218/518/210 220/548/227 207/575/216
f 182/493/188 305/585/243 224/586/237
f 180/475/187 305/587/243 182/476/188
f 158/367/145 224/563/237 199/520/203
f 177/588/192 238/589/244 204/590/207
f 177/588/192 186/591/193 238/589/244
f 212/522/213 196/542/225 176/461/182
f 229/550/228 194/592/214 252/593/245
f 194/594/214 222/553/231 252/595/245
f 198/556/206 233/596/233 241/597/235
f 217/544/209 285/598/246 241/559/235
f 183/477/189 207/527/216 211/599/221
f 184/479/190 237/565/238 202/600/211
f 111/269/111 185/601/191 225/602/247
f 118/313/129 204/515/207 185/514/191
f 167/400/160 251/603/248 208/604/222
f 208/605/222 226/606/249 205/607/223
f 138/376/148 243/608/250 103/246/102
f 201/506/204 239/609/251 187/499/200
f 201/506/204 274/610/252 239/609/251
f 232/551/229 248/611/253 214/508/201
f 215/543/226 222/612/231 223/554/232
f 222/613/231 198/556/206 244/614/254
f 190/582/196 223/615/232 236/583/242
f 195/579/202 235/616/255 234/580/241
f 233/617/233 206/618/215 241/619/235
f 195/504/202 270/620/256 235/621/255
f 195/504/202 216/622/236 270/620/256
f 180/475/187 245/623/257 305/587/243
f 246/624/258 192/492/198 203/564/199
f 203/564/199 242/625/259 246/624/258
f 185/514/191 204/515/207 250/626/260
f 208/604/222 251/603/248 226/627/249
f 201/506/204 221/549/217 274/610/252
f 134/628/143 196/542/225 228/629/224
f 222/612/231 244/630/254 223/554/232
f 223/615/232 244/631/254 283/632/261
f 244/614/254 198/556/206 241/597/235
f 241/597/235 249/633/262 244/614/254
f 223/615/232 280/634/263 236/583/242
f 233/635/233 216/636/236 206/637/215
f 192/492/198 246/624/258 220/548/227
f 185/514/191 250/626/260 225/638/247
f 103/342/102 262/639/264 261/576/240
f 209/640/205 255/641/265 131/642/132
f 220/548/227 253/643/266 207/575/216
f 220/548/227 271/644/267 253/643/266
f 111/269/111 225/602/247 237/565/238
f 196/542/225 212/522/213 265/645/268
f 213/530/218 214/508/201 248/611/253
f 257/646/269 229/550/228 252/593/245
f 231/647/234 258/648/239 259/649/270
f 207/527/216 260/650/271 211/599/221
f 180/491/187 181/473/186 245/651/257
f 202/519/211 242/652/259 203/528/199
f 200/521/212 251/603/248 167/400/160
f 226/627/249 273/653/272 205/538/223
f 138/376/148 205/538/223 273/653/272
f 103/246/102 243/608/250 262/654/264
f 188/655/162 92/656/97 263/657/273
f 228/629/224 196/542/225 256/658/274
f 265/645/268 256/658/274 196/542/225
f 240/659/194 264/660/275 212/661/213
f 215/543/226 275/662/276 222/612/231
f 275/663/276 252/664/245 222/665/231
f 233/666/233 266/667/277 216/668/236
f 210/669/219 236/670/242 258/671/239
f 231/569/234 285/672/246 217/570/209
f 253/673/266 260/650/271 207/527/216
f 175/674/184 245/651/257 181/473/186
f 175/674/184 254/675/278 245/651/257
f 175/467/184 211/536/221 254/676/278
f 113/294/123 291/677/279 209/507/205
f 92/678/97 228/679/224 263/680/273
f 229/550/228 257/646/269 240/487/194
f 257/646/269 268/681/280 240/487/194
f 240/659/194 268/682/280 264/660/275
f 212/522/213 264/683/275 265/645/268
f 252/593/245 269/684/281 257/646/269
f 223/615/232 283/685/261 280/634/263
f 220/548/227 246/624/258 271/644/267
f 224/563/237 272/686/282 199/520/203
f 272/686/282 267/687/283 199/520/203
f 199/505/203 267/688/283 136/374/146
f 138/376/148 273/653/272 243/608/250
f 230/552/230 275/662/276 215/543/226
f 235/689/255 293/690/284 234/691/241
f 226/627/249 251/603/248 273/653/272
f 186/484/193 139/315/131 247/692/285
f 239/609/251 286/693/286 187/499/200
f 188/403/162 296/694/287 221/529/217
f 113/294/123 227/516/208 291/677/279
f 234/695/241 266/696/277 233/635/233
f 235/689/255 270/697/256 293/690/284
f 259/698/270 285/672/246 231/569/234
f 202/519/211 277/699/288 242/652/259
f 267/688/283 200/521/212 136/374/146
f 274/700/252 221/701/217 290/702/289
f 255/703/265 279/704/290 131/705/132
f 216/706/236 276/707/291 270/708/256
f 202/600/211 237/565/238 277/709/288
f 131/705/132 279/704/290 171/710/163
f 171/710/163 279/704/290 232/711/229
f 241/712/235 285/713/246 249/714/262
f 236/670/242 284/715/292 258/671/239
f 211/536/221 332/716/293 254/676/278
f 225/602/247 289/717/294 237/565/238
f 247/692/285 238/718/244 186/484/193
f 139/402/131 261/577/240 295/719/295
f 248/611/253 282/720/296 213/530/218
f 268/682/280 287/721/297 264/660/275
f 213/722/218 298/723/298 230/724/230
f 275/663/276 269/725/281 252/664/245
f 244/614/254 249/633/262 288/726/299
f 216/706/236 266/727/277 281/728/300
f 247/692/285 139/315/131 307/729/301
f 187/499/200 286/693/286 227/516/208
f 188/403/162 292/730/302 296/694/287
f 250/626/260 204/515/207 294/731/303
f 290/732/289 221/529/217 296/694/287
f 297/733/304 232/711/229 279/704/290
f 299/734/305 275/735/276 230/724/230
f 244/631/254 300/736/306 283/685/261
f 302/737/307 259/738/270 258/739/239
f 281/728/300 276/707/291 216/706/236
f 282/740/296 298/741/298 213/742/218
f 249/743/262 266/744/277 288/745/299
f 249/746/262 281/728/300 266/727/277
f 314/747/308 284/715/292 236/670/242
f 259/698/270 302/748/307 285/672/246
f 260/650/271 304/749/309 211/599/221
f 225/638/247 250/626/260 306/750/310
f 227/516/208 308/751/311 291/677/279
f 244/631/254 288/745/299 300/736/306
f 234/691/241 316/752/312 266/753/277
f 280/754/263 283/755/261 301/756/313
f 285/713/246 303/757/314 249/714/262
f 285/758/246 309/759/315 303/757/314
f 253/673/266 304/749/309 260/650/271
f 304/749/309 310/760/316 211/599/221
f 211/599/221 310/760/316 332/716/293
f 237/565/238 289/717/294 277/709/288
f 254/675/278 311/761/317 245/651/257
f 139/402/131 295/719/295 278/762/318
f 257/646/269 313/763/319 268/681/280
f 269/684/281 313/763/319 257/646/269
f 298/723/298 299/734/305 230/724/230
f 300/736/306 301/764/313 283/685/261
f 293/690/284 316/752/312 234/691/241
f 249/746/262 317/765/320 281/728/300
f 200/521/212 312/766/321 251/603/248
f 139/767/131 278/768/318 307/769/301
f 275/663/276 315/770/322 269/725/281
f 242/771/259 318/772/323 359/773/324
f 245/651/257 311/761/317 305/774/243
f 286/693/286 308/751/311 227/516/208
f 188/775/162 263/680/273 292/776/302
f 232/551/229 297/777/304 248/611/253
f 280/634/263 321/778/325 236/583/242
f 236/583/242 321/778/325 314/779/308
f 322/780/326 270/620/256 276/781/291
f 302/748/307 309/782/315 285/672/246
f 272/686/282 367/783/327 267/687/283
f 306/750/310 250/626/260 294/731/303
f 333/784/328 273/653/272 251/603/248
f 262/785/264 295/719/295 261/577/240
f 320/786/329 228/629/224 256/658/274
f 330/787/330 299/734/305 298/723/298
f 315/788/322 275/789/276 299/790/305
f 316/791/312 276/707/291 281/728/300
f 271/644/267 246/624/258 365/792/331
f 277/699/288 318/793/323 242/652/259
f 289/717/294 225/602/247 306/794/310
f 274/610/252 319/795/332 239/609/251
f 281/796/300 325/797/333 316/798/312
f 281/796/300 317/799/320 325/797/333
f 303/757/314 317/800/320 249/714/262
f 242/625/259 365/792/331 246/624/258
f 311/801/317 254/802/278 326/803/334
f 238/718/244 247/692/285 327/804/335
f 247/692/285 307/729/301 328/805/336
f 239/609/251 319/795/332 286/693/286
f 274/806/252 290/702/289 319/807/332
f 291/677/279 375/808/337 209/507/205
f 263/680/273 228/809/224 320/810/329
f 297/777/304 329/811/338 248/611/253
f 313/812/319 269/813/281 324/814/339
f 288/815/299 354/816/340 300/817/306
f 266/753/277 316/752/312 335/818/341
f 258/739/239 337/819/342 302/737/307
f 284/820/292 337/821/342 258/822/239
f 309/759/315 338/823/343 303/757/314
f 305/585/243 348/824/344 224/586/237
f 254/825/278 332/826/293 326/827/334
f 204/515/207 238/718/244 294/731/303
f 265/645/268 264/683/275 287/828/297
f 248/611/253 329/811/338 282/720/296
f 288/829/299 266/753/277 335/818/341
f 317/799/320 336/830/345 325/797/333
f 317/799/320 331/831/346 336/830/345
f 271/644/267 365/792/331 323/832/347
f 242/833/259 359/773/324 365/834/331
f 247/692/285 328/805/336 327/804/335
f 243/608/250 334/835/348 262/654/264
f 269/725/281 315/770/322 324/836/339
f 321/837/325 280/754/263 340/838/349
f 302/748/307 337/839/342 309/782/315
f 317/840/320 303/841/314 341/842/350
f 253/643/266 271/644/267 323/832/347
f 272/843/282 224/844/237 339/845/351
f 294/731/303 238/718/244 342/846/352
f 273/653/272 333/784/328 243/608/250
f 290/732/289 433/847/353 319/795/332
f 265/645/268 287/828/297 256/658/274
f 280/848/263 301/849/313 340/850/349
f 293/851/284 345/852/354 316/853/312
f 270/620/256 347/854/355 293/855/284
f 316/856/312 346/857/356 276/858/291
f 317/765/320 341/859/350 331/860/346
f 238/718/244 327/804/335 342/846/352
f 278/861/318 350/862/357 307/863/301
f 290/732/289 296/694/287 351/864/358
f 313/812/319 324/814/339 358/865/359
f 288/745/299 344/866/360 354/867/340
f 339/868/351 367/869/327 272/686/282
f 282/720/296 329/811/338 352/870/361
f 268/871/280 343/872/362 287/873/297
f 300/874/306 354/875/340 301/876/313
f 316/752/312 355/877/363 335/818/341
f 340/838/349 301/878/313 356/879/364
f 293/880/284 347/881/355 345/882/354
f 270/620/256 322/780/326 347/854/355
f 303/757/314 338/823/343 341/883/350
f 253/643/266 323/832/347 304/884/309
f 282/885/296 352/886/361 298/723/298
f 330/787/330 315/887/322 299/734/305
f 316/888/312 345/889/354 346/890/356
f 316/752/312 325/891/333 355/877/363
f 284/892/292 380/893/365 337/894/342
f 341/895/350 336/896/345 331/897/346
f 318/772/323 277/898/288 428/899/366
f 333/784/328 334/835/348 243/608/250
f 313/763/319 343/900/362 268/681/280
f 288/829/299 335/818/341 353/901/367
f 354/875/340 356/902/364 301/876/313
f 355/903/363 325/797/333 346/904/356
f 325/797/333 336/830/345 346/904/356
f 347/854/355 322/780/326 363/905/368
f 338/823/343 373/906/369 341/883/350
f 310/760/316 304/749/309 357/907/370
f 305/908/243 366/909/371 348/910/344
f 305/774/243 349/911/372 366/912/371
f 305/774/243 311/761/317 349/911/372
f 200/521/212 267/688/283 360/913/373
f 200/521/212 360/913/373 312/766/321
f 251/603/248 368/914/374 333/784/328
f 287/828/297 361/915/375 256/658/274
f 288/745/299 353/916/367 344/866/360
f 362/917/376 335/918/341 345/919/354
f 314/747/308 378/920/377 284/715/292
f 322/780/326 369/921/378 363/905/368
f 309/782/315 398/922/379 338/923/343
f 277/709/288 289/717/294 428/924/366
f 251/603/248 312/766/321 368/914/374
f 334/835/348 412/925/380 262/654/264
f 296/694/287 292/730/302 351/926/358
f 358/865/359 324/814/339 371/927/381
f 335/918/341 355/928/363 345/919/354
f 321/778/325 378/929/377 314/779/308
f 345/882/354 347/881/355 372/930/382
f 276/931/291 346/932/356 322/933/326
f 341/883/350 373/906/369 336/934/345
f 309/782/315 337/839/342 398/922/379
f 338/823/343 381/935/383 364/936/384
f 224/586/237 348/824/344 339/937/351
f 311/801/317 326/803/334 349/938/372
f 306/794/310 490/939/385 289/717/294
f 290/732/289 351/864/358 433/847/353
f 308/751/311 375/808/337 291/677/279
f 330/787/330 376/940/386 315/887/322
f 315/941/322 376/942/386 324/814/339
f 353/943/367 335/944/341 377/945/387
f 355/946/363 346/947/356 345/948/354
f 322/933/326 346/932/356 379/949/388
f 322/780/326 374/950/389 369/921/378
f 338/823/343 364/936/384 373/906/369
f 338/923/343 398/922/379 381/951/383
f 286/693/286 319/952/332 433/847/353
f 358/953/359 343/900/362 313/763/319
f 297/777/304 370/954/390 329/811/338
f 382/955/391 335/944/341 362/956/376
f 340/838/349 392/957/392 321/837/325
f 363/958/368 372/959/382 347/960/355
f 363/905/368 369/921/378 384/961/393
f 284/715/292 378/920/377 380/962/365
f 337/894/342 380/893/365 385/963/394
f 374/950/389 386/964/395 369/921/378
f 359/965/324 318/966/323 400/967/396
f 262/785/264 417/968/397 295/719/295
f 390/969/398 352/870/361 329/811/338
f 382/955/391 377/945/387 335/944/341
f 336/830/345 379/970/388 346/904/356
f 322/933/326 379/949/388 374/971/389
f 323/832/347 365/792/331 388/972/399
f 289/717/294 490/939/385 489/973/400
f 327/804/335 328/805/336 342/846/352
f 295/974/295 350/862/357 278/975/318
f 263/680/273 320/810/329 434/976/401
f 255/703/265 402/977/402 279/704/290
f 344/866/360 383/978/403 354/867/340
f 345/979/354 382/980/391 362/981/376
f 345/979/354 397/982/404 382/980/391
f 345/983/354 372/984/382 391/985/405
f 374/971/389 387/986/406 386/987/395
f 326/803/334 332/988/293 393/989/407
f 310/990/316 393/989/407 332/988/293
f 209/991/205 375/992/337 402/993/402
f 209/991/205 402/993/402 255/994/265
f 256/658/274 361/915/375 389/995/408
f 298/723/298 352/886/361 330/787/330
f 330/787/330 396/996/409 376/940/386
f 345/979/354 391/997/405 397/982/404
f 385/998/394 398/922/379 337/839/342
f 387/986/406 404/999/410 386/987/395
f 369/921/378 386/964/395 409/1000/411
f 365/792/331 399/1001/412 388/1002/399
f 365/834/331 400/1003/396 399/1004/412
f 359/773/324 400/1003/396 365/834/331
f 342/846/352 328/805/336 411/1005/413
f 328/1006/336 307/863/301 411/1007/413
f 334/1008/348 406/1009/414 412/1010/380
f 308/751/311 286/693/286 401/1011/415
f 279/704/290 402/977/402 420/1012/416
f 320/1013/329 256/1014/274 389/1015/408
f 354/1016/340 383/1017/403 356/1018/364
f 373/1019/369 403/1020/417 336/1021/345
f 373/906/369 364/936/384 403/1022/417
f 387/1023/406 374/1024/389 404/1025/410
f 310/990/316 357/1026/370 405/1027/418
f 368/914/374 394/1028/419 333/784/328
f 350/862/357 411/1007/413 307/863/301
f 350/862/357 395/1029/420 411/1007/413
f 263/680/273 434/976/401 292/776/302
f 279/704/290 420/1012/416 297/733/304
f 370/954/390 390/1030/398 329/811/338
f 371/927/381 441/1031/421 358/865/359
f 378/920/377 408/1032/422 380/962/365
f 310/1033/316 405/1034/418 393/1035/407
f 267/687/283 367/783/327 360/1036/373
f 333/784/328 394/1028/419 334/835/348
f 262/785/264 412/1037/380 417/968/397
f 324/1038/339 407/1039/423 371/1040/381
f 396/1041/409 407/1039/423 376/1042/386
f 376/1042/386 407/1039/423 324/1038/339
f 353/916/367 377/1043/387 382/1044/391
f 363/1045/368 384/1046/393 372/1047/382
f 340/1048/349 356/1049/364 392/1050/392
f 379/1051/388 336/1052/345 423/1053/424
f 304/1054/309 323/1055/347 410/1056/425
f 318/772/323 428/899/366 400/1003/396
f 342/1057/352 411/1058/413 294/1059/303
f 395/1029/420 350/862/357 413/1060/426
f 353/916/367 414/1061/427 344/866/360
f 353/916/367 382/1044/391 414/1061/427
f 336/1052/345 403/1062/417 423/1053/424
f 374/971/389 379/1063/388 404/999/410
f 386/987/395 404/999/410 409/1064/411
f 323/832/347 388/972/399 410/1065/425
f 326/803/334 393/989/407 458/1066/428
f 412/1010/380 406/1009/414 416/1067/429
f 418/1068/430 413/1060/426 350/862/357
f 418/1069/431 419/1070/432 413/1071/433
f 420/1012/416 370/1072/390 297/733/304
f 441/1073/421 343/900/362 358/953/359
f 378/1074/377 321/837/325 392/957/392
f 372/1075/382 437/1076/434 391/1077/405
f 384/961/393 369/921/378 415/1078/435
f 408/1032/422 378/920/377 422/1079/436
f 425/1080/437 403/1022/417 364/936/384
f 486/1081/438 369/921/378 409/1000/411
f 364/936/384 381/1082/383 425/1080/437
f 357/1083/370 304/1084/309 410/1085/425
f 378/1074/377 392/957/392 427/1086/439
f 426/1087/440 437/1088/434 372/1089/382
f 416/1067/429 431/1090/441 412/1010/380
f 413/1060/426 432/1091/442 395/1029/420
f 418/1068/430 432/1091/442 413/1060/426
f 418/1068/430 350/862/357 432/1091/442
f 295/974/295 417/1092/397 350/862/357
f 308/751/311 401/1011/415 375/808/337
f 287/1093/297 449/1094/443 361/1095/375
f 442/1096/444 462/1097/445 435/1098/446
f 443/1099/447 446/1100/448 444/1101/449
f 391/1102/405 468/1103/450 397/1104/404
f 369/1105/378 486/1106/438 415/1107/435
f 409/1000/411 479/1108/451 486/1081/438
f 381/1109/383 448/1110/452 425/1111/437
f 410/1056/425 439/1112/453 357/1026/370
f 349/1113/372 429/1114/454 366/909/371
f 428/924/366 289/717/294 472/1115/455
f 289/717/294 489/973/400 472/1116/455
f 306/750/310 518/1117/456 490/1118/385
f 334/835/348 394/1028/419 406/1119/414
f 343/872/362 421/1120/457 287/873/297
f 444/1121/449 446/1122/448 445/1123/458
f 397/982/404 468/1124/450 382/980/391
f 392/957/392 436/1125/459 427/1086/439
f 403/1022/417 425/1080/437 447/1126/460
f 398/922/379 438/1127/461 381/951/383
f 339/845/351 348/910/344 473/1128/462
f 326/803/334 430/1129/463 349/938/372
f 287/873/297 421/1120/457 449/1130/443
f 343/900/362 441/1131/421 421/1132/457
f 442/1133/444 454/1134/464 451/1135/465
f 443/1136/447 444/1137/449 453/1138/466
f 435/1098/446 454/1139/464 442/1096/444
f 443/1099/447 461/1140/467 446/1100/448
f 468/1124/450 391/997/405 456/1141/468
f 384/1046/393 426/1142/440 372/1047/382
f 392/1143/392 356/1144/364 436/1145/459
f 379/1063/388 457/1146/469 404/999/410
f 410/1065/425 388/972/399 464/1147/470
f 348/910/344 366/909/371 473/1128/462
f 349/911/372 430/1148/463 429/1149/454
f 306/1150/310 411/1058/413 518/1151/456
f 306/1150/310 294/1059/303 411/1058/413
f 390/1152/398 450/1153/471 352/1154/361
f 442/1133/444 451/1135/465 460/1155/472
f 443/1136/447 453/1138/466 452/1156/473
f 344/1157/360 455/1158/474 383/1159/403
f 383/1159/403 470/1160/475 356/1161/364
f 391/997/405 437/1162/434 456/1141/468
f 424/1163/476 477/1164/477 385/1165/394
f 381/1166/383 438/1167/461 448/1168/452
f 439/1112/453 405/1027/418 357/1026/370
f 360/913/373 465/1169/478 312/766/321
f 330/787/330 466/1170/479 396/996/409
f 444/1121/449 445/1123/458 453/1171/466
f 382/980/391 468/1124/450 414/1172/427
f 446/1122/448 469/1173/480 445/1123/458
f 462/1174/445 475/1175/481 467/1176/482
f 476/1177/483 423/1053/424 403/1062/417
f 477/1178/477 398/1179/379 385/1180/394
f 431/1181/441 417/1182/397 412/1183/380
f 375/992/337 440/1184/484 402/993/402
f 344/866/360 414/1061/427 455/1185/474
f 462/1097/445 484/1186/485 435/1098/446
f 356/1187/364 470/1188/475 436/1189/459
f 378/1190/377 427/1191/439 422/1192/436
f 426/1193/440 497/1194/486 437/1195/434
f 461/1196/467 505/1197/487 446/1198/448
f 437/1199/434 497/1200/486 456/1201/468
f 423/1202/424 478/1203/488 379/1204/388
f 380/893/365 463/1205/489 385/963/394
f 458/1066/428 430/1129/463 326/803/334
f 395/1029/420 459/1206/490 411/1007/413
f 350/862/357 474/1207/491 432/1091/442
f 417/1092/397 474/1207/491 350/862/357
f 449/1094/443 480/1208/492 361/1095/375
f 330/787/330 352/886/361 466/1170/479
f 453/1209/466 445/1210/458 482/1211/493
f 442/1212/444 460/1213/472 462/1214/445
f 460/1215/472 495/1216/494 462/1174/445
f 443/1099/447 483/1217/495 461/1140/467
f 462/1097/445 467/1218/482 484/1186/485
f 415/1219/435 426/1220/440 384/1221/393
f 403/1222/417 447/1223/460 476/1224/483
f 380/962/365 408/1032/422 471/1225/496
f 508/1226/497 473/1128/462 366/909/371
f 366/909/371 429/1114/454 508/1226/497
f 512/1227/498 400/1003/396 488/1228/499
f 428/899/366 488/1228/499 400/1003/396
f 312/766/321 465/1169/478 394/1028/419
f 312/766/321 394/1028/419 368/914/374
f 416/1067/429 406/1009/414 491/1229/500
f 395/1029/420 432/1091/442 459/1206/490
f 351/1230/358 492/1231/501 433/1232/353
f 402/977/402 493/1233/502 420/1012/416
f 505/1234/487 469/1173/480 446/1122/448
f 475/1175/481 524/1235/503 467/1176/482
f 423/1236/424 476/1237/483 485/1238/504
f 423/1202/424 485/1239/504 478/1203/488
f 379/1240/388 478/1241/488 457/1242/469
f 424/1163/476 385/1243/394 498/1244/505
f 425/1245/437 448/1246/452 447/1247/460
f 457/1146/469 487/1248/506 404/999/410
f 380/893/365 471/1249/496 463/1205/489
f 404/999/410 487/1248/506 409/1064/411
f 388/1250/399 500/1251/507 499/1252/508
f 433/847/353 501/1253/509 286/693/286
f 292/776/302 434/976/401 351/1230/358
f 320/810/329 509/1254/510 434/976/401
f 407/1255/423 503/1256/511 371/927/381
f 407/1255/423 522/1257/512 503/1256/511
f 396/1258/409 522/1257/512 407/1255/423
f 452/1259/473 483/1260/495 443/1261/447
f 435/1098/446 484/1186/485 454/1139/464
f 414/1172/427 468/1124/450 494/1262/513
f 462/1174/445 495/1216/494 475/1175/481
f 467/1218/482 523/1263/514 484/1186/485
f 486/1264/438 504/1265/515 415/1078/435
f 408/1266/422 422/1267/436 523/1268/514
f 398/922/379 507/1269/516 438/1127/461
f 464/1270/470 525/1271/517 410/1056/425
f 410/1272/425 525/1273/517 439/1274/453
f 388/972/399 499/1275/508 464/1147/470
f 339/845/351 564/1276/518 367/1277/327
f 370/1278/390 520/1279/519 390/1152/398
f 383/1159/403 455/1158/474 470/1160/475
f 496/1280/520 506/1281/521 461/1196/467
f 415/1282/435 533/1283/522 426/1284/440
f 426/1284/440 533/1283/522 497/1285/486
f 422/1192/436 427/1191/439 534/1286/523
f 436/1125/459 498/1287/505 427/1086/439
f 506/1288/521 504/1289/515 486/1290/438
f 524/1291/503 538/1292/524 467/1218/482
f 385/1293/394 463/1294/489 498/1287/505
f 438/1167/461 515/1295/525 448/1168/452
f 409/1064/411 487/1248/506 511/1296/526
f 388/1002/399 399/1001/412 500/1297/507
f 399/1004/412 400/1003/396 512/1227/498
f 441/1298/421 502/1299/527 421/1300/457
f 390/1152/398 481/1301/528 450/1153/471
f 352/886/361 450/1153/471 466/1170/479
f 371/927/381 521/1302/529 441/1031/421
f 453/1303/466 514/1304/530 452/1259/473
f 452/1259/473 514/1304/530 483/1260/495
f 414/1305/427 494/1262/513 455/1306/474
f 468/1124/450 510/1307/531 494/1262/513
f 461/1308/467 483/1309/495 496/1310/520
f 497/1200/486 532/1311/532 456/1141/468
f 461/1196/467 506/1281/521 505/1197/487
f 523/1312/514 545/1313/533 408/1032/422
f 398/1179/379 477/1178/477 507/1314/516
f 409/1315/411 511/1316/526 479/1317/451
f 515/1318/525 525/1271/517 464/1270/470
f 488/1228/499 517/1319/534 512/1227/498
f 488/1228/499 516/1320/535 517/1319/534
f 473/1128/462 564/1276/518 339/845/351
f 351/1230/358 434/976/401 492/1231/501
f 466/1170/479 513/1321/536 396/996/409
f 415/1282/435 504/1322/515 533/1283/522
f 497/1285/486 533/1283/522 478/1323/488
f 498/1287/505 463/1294/489 575/1324/537
f 479/1108/451 536/1325/538 486/1081/438
f 438/1127/461 507/1269/516 525/1326/517
f 471/1327/496 526/1328/539 463/1329/489
f 438/1127/461 525/1326/517 515/1330/525
f 428/1331/366 593/1332/540 488/1333/499
f 458/1066/428 530/1334/541 430/1129/463
f 512/1227/498 516/1320/535 529/1335/542
f 517/1319/534 516/1320/535 512/1227/498
f 517/1336/543 531/1337/544 516/1338/545
f 564/1339/518 360/1036/373 367/783/327
f 411/1058/413 519/1340/546 518/1151/456
f 416/1341/429 491/1342/500 431/1343/441
f 371/927/381 503/1256/511 521/1302/529
f 396/996/409 513/1321/536 522/1344/512
f 455/1185/474 494/1345/513 569/1346/547
f 456/1141/468 510/1307/531 468/1124/450
f 422/1267/436 534/1347/523 523/1268/514
f 506/1281/521 536/1348/538 505/1197/487
f 457/1242/469 478/1241/488 535/1349/548
f 457/1242/469 535/1349/548 487/1350/506
f 486/1081/438 536/1325/538 506/1351/521
f 479/1317/451 511/1316/526 539/1352/549
f 428/1331/366 472/1353/455 593/1332/540
f 458/1066/428 393/989/407 530/1334/541
f 488/1228/499 529/1335/542 516/1320/535
f 411/1005/413 459/1354/490 519/1355/546
f 454/1356/464 542/1357/550 451/1358/465
f 454/1356/464 484/1359/485 580/1360/551
f 456/1361/468 532/1362/532 543/1363/552
f 497/1364/486 478/1365/488 485/1366/504
f 497/1364/486 485/1366/504 532/1311/532
f 476/1177/483 447/1367/460 544/1368/553
f 467/1218/482 545/1369/533 523/1263/514
f 533/1283/522 535/1349/548 478/1241/488
f 505/1234/487 546/1370/554 469/1173/480
f 536/1348/538 537/1371/555 505/1197/487
f 408/1032/422 545/1313/533 471/1225/496
f 508/1372/497 429/1373/454 548/1374/556
f 405/1027/418 528/1375/557 393/989/407
f 394/1028/419 565/1376/558 406/1119/414
f 433/1232/353 492/1231/501 501/1377/509
f 375/1378/337 401/1379/415 440/1184/484
f 434/976/401 540/1380/559 492/1231/501
f 450/1153/471 567/1381/560 466/1170/479
f 469/1382/480 482/1211/493 445/1210/458
f 496/1310/520 504/1289/515 506/1288/521
f 427/1086/439 498/1287/505 575/1324/537
f 477/1178/477 560/1383/561 507/1314/516
f 467/1218/482 538/1292/524 545/1369/533
f 471/1384/496 553/1385/562 526/1328/539
f 549/1386/563 529/1387/542 488/1388/499
f 429/1389/454 430/1390/463 578/1391/564
f 512/1227/498 500/1251/507 399/1004/412
f 472/1392/455 489/1393/400 556/1394/565
f 472/1392/455 556/1394/565 628/1395/566
f 565/1396/558 491/1229/500 406/1009/414
f 502/1397/527 441/1031/421 521/1302/529
f 456/1141/468 543/1398/552 510/1307/531
f 544/1399/553 557/1400/567 476/1237/483
f 447/1367/460 551/1401/568 544/1368/553
f 476/1237/483 557/1400/567 485/1238/504
f 534/1402/523 427/1086/439 561/1403/569
f 479/1317/451 539/1352/549 620/1404/570
f 479/1317/451 620/1404/570 536/1405/538
f 505/1234/487 537/1406/555 546/1370/554
f 515/1295/525 562/1407/571 448/1168/452
f 464/1408/470 555/1409/572 515/1410/525
f 563/1411/573 508/1412/497 548/1413/556
f 528/1375/557 405/1027/418 439/1112/453
f 390/1152/398 520/1279/519 481/1301/528
f 481/1414/528 567/1381/560 450/1153/471
f 460/1213/472 568/1415/574 495/1416/494
f 483/1417/495 571/1418/575 572/1419/576
f 483/1309/495 572/1420/576 496/1310/520
f 510/1307/531 543/1398/552 573/1421/577
f 504/1289/515 496/1310/520 558/1422/578
f 424/1163/476 552/1423/579 477/1164/477
f 533/1283/522 574/1424/580 535/1349/548
f 427/1086/439 575/1324/537 561/1403/569
f 525/1273/517 507/1314/516 554/1425/581
f 515/1295/525 555/1426/572 562/1407/571
f 547/1427/582 576/1428/583 527/1429/584
f 554/1425/581 439/1274/453 525/1273/517
f 576/1430/583 563/1411/573 548/1413/556
f 593/1431/540 549/1432/563 488/1433/499
f 548/1434/556 578/1435/564 577/1436/585
f 548/1437/556 429/1438/454 578/1439/564
f 549/1386/563 585/1440/586 529/1387/542
f 508/1412/497 578/1441/564 473/1442/462
f 489/973/400 490/939/385 556/1443/565
f 491/1229/500 565/1396/558 566/1444/587
f 566/1444/587 431/1445/441 491/1229/500
f 286/693/286 501/1253/509 401/1011/415
f 449/1130/443 421/1120/457 611/1446/588
f 514/1447/530 571/1448/575 483/1309/495
f 494/1262/513 510/1307/531 624/1449/589
f 469/1382/480 550/1450/590 482/1211/493
f 495/1416/494 581/1451/591 475/1452/481
f 477/1164/477 552/1423/579 582/1453/592
f 436/1454/459 613/1455/593 498/1456/505
f 498/1244/505 552/1423/579 424/1163/476
f 583/1457/594 524/1235/503 475/1175/481
f 447/1458/460 448/1459/452 591/1460/595
f 535/1349/548 511/1461/526 487/1350/506
f 524/1235/503 584/1462/596 538/1463/524
f 527/1464/584 576/1465/583 577/1466/585
f 548/1467/556 577/1468/585 576/1469/583
f 563/1411/573 577/1470/585 508/1412/497
f 577/1470/585 578/1471/564 508/1412/497
f 499/1252/508 500/1251/507 562/1472/571
f 528/1375/557 530/1334/541 393/989/407
f 473/1128/462 578/1473/564 563/1474/573
f 593/1332/540 472/1353/455 586/1475/597
f 472/1392/455 628/1395/566 586/1476/597
f 564/1339/518 465/1477/478 360/1036/373
f 370/1072/390 420/1012/416 587/1478/598
f 449/1479/443 611/1480/588 480/1481/492
f 502/1397/527 521/1302/529 579/1482/599
f 502/1299/527 611/1483/588 421/1300/457
f 569/1346/547 601/1484/600 455/1185/474
f 453/1209/466 482/1211/493 514/1485/530
f 455/1158/474 570/1486/601 588/1487/602
f 455/1158/474 588/1487/602 470/1160/475
f 484/1186/485 523/1263/514 580/1488/551
f 510/1307/531 573/1421/577 589/1489/603
f 558/1490/578 533/1283/522 504/1322/515
f 551/1491/568 447/1458/460 591/1460/595
f 534/1402/523 561/1403/569 526/1492/539
f 537/1406/555 595/1493/604 546/1370/554
f 464/1494/470 499/1495/508 555/1426/572
f 430/1129/463 530/1334/541 578/1473/564
f 459/1206/490 598/1496/605 594/1497/606
f 432/1091/442 598/1496/605 459/1206/490
f 361/1498/375 480/1499/492 629/1500/607
f 503/1256/511 623/1501/608 521/1302/529
f 451/1502/465 568/1415/574 460/1213/472
f 542/1503/550 568/1415/574 451/1502/465
f 494/1262/513 624/1449/589 602/1504/609
f 523/1505/514 534/1402/523 633/1506/610
f 498/1507/505 613/1508/593 552/1509/579
f 526/1492/539 553/1510/562 534/1402/523
f 469/1173/480 546/1370/554 550/1511/590
f 592/1512/611 584/1462/596 524/1235/503
f 545/1313/533 553/1513/562 471/1225/496
f 465/1514/478 641/1515/612 394/1516/419
f 394/1516/419 641/1515/612 565/1517/558
f 474/1207/491 598/1496/605 432/1091/442
f 431/1445/441 599/1518/613 417/1092/397
f 389/1519/408 361/1498/375 629/1500/607
f 481/1301/528 520/1279/519 600/1520/614
f 481/1414/528 600/1520/614 567/1381/560
f 502/1299/527 579/1521/599 611/1483/588
f 454/1356/464 580/1360/551 542/1357/550
f 570/1486/601 602/1522/609 588/1487/602
f 495/1416/494 568/1415/574 581/1451/591
f 543/1363/552 532/1362/532 573/1523/577
f 532/1311/532 485/1366/504 590/1524/615
f 477/1178/477 675/1525/616 560/1383/561
f 557/1400/567 559/1526/617 485/1238/504
f 475/1175/481 581/1527/591 583/1457/594
f 524/1235/503 583/1457/594 592/1512/611
f 463/1294/489 607/1528/618 575/1324/537
f 535/1529/548 597/1530/619 511/1531/526
f 526/1532/539 603/1533/620 463/1534/489
f 536/1348/538 620/1535/570 537/1371/555
f 511/1536/526 593/1537/540 539/1538/549
f 555/1426/572 499/1495/508 562/1407/571
f 529/1335/542 585/1539/586 512/1227/498
f 473/1128/462 563/1474/573 564/1276/518
f 459/1206/490 594/1497/606 519/1340/546
f 599/1518/613 474/1207/491 417/1092/397
f 370/1072/390 587/1478/598 520/1540/519
f 514/1485/530 482/1211/493 606/1541/621
f 570/1542/601 569/1543/547 602/1544/609
f 494/1545/513 602/1544/609 569/1543/547
f 510/1546/531 589/1547/603 624/1548/589
f 572/1549/576 558/1490/578 496/1550/520
f 477/1178/477 582/1551/592 675/1525/616
f 533/1283/522 558/1490/578 574/1424/580
f 583/1457/594 608/1552/622 592/1512/611
f 526/1553/539 561/1554/569 603/1555/620
f 574/1556/580 620/1404/570 539/1352/549
f 448/1459/452 562/1557/571 591/1460/595
f 538/1292/524 596/1558/623 545/1369/533
f 511/1461/526 597/1559/619 593/1560/540
f 538/1292/524 584/1561/596 596/1558/623
f 431/1445/441 566/1444/587 599/1518/613
f 474/1207/491 599/1518/613 598/1496/605
f 401/1379/415 604/1562/624 440/1184/484
f 320/1563/329 389/1519/408 605/1564/625
f 522/1344/512 513/1321/536 601/1565/600
f 601/1566/600 570/1486/601 455/1567/474
f 580/1360/551 644/1568/626 542/1357/550
f 571/1569/575 619/1570/627 572/1549/576
f 523/1263/514 633/1571/610 580/1488/551
f 470/1572/475 612/1573/628 436/1574/459
f 612/1575/628 613/1455/593 436/1454/459
f 534/1402/523 596/1576/623 633/1506/610
f 534/1402/523 553/1510/562 596/1576/623
f 603/1533/620 607/1577/618 463/1534/489
f 507/1578/516 615/1579/629 554/1580/581
f 537/1371/555 620/1535/570 616/1581/630
f 537/1371/555 616/1581/630 595/1582/604
f 593/1537/540 645/1583/631 539/1538/549
f 547/1427/582 563/1584/573 576/1428/583
f 490/1585/385 518/1586/456 617/1587/632
f 594/1497/606 598/1496/605 618/1588/633
f 509/1254/510 540/1380/559 434/976/401
f 320/810/329 605/1589/625 509/1254/510
f 551/1491/568 591/1460/595 614/1590/634
f 558/1490/578 620/1591/570 574/1424/580
f 575/1592/537 656/1593/635 561/1554/569
f 607/1528/618 656/1594/635 575/1324/537
f 597/1595/619 535/1596/548 574/1597/580
f 545/1369/533 596/1558/623 553/1598/562
f 584/1561/596 622/1599/636 596/1558/623
f 615/1600/629 439/1112/453 554/1601/581
f 584/1462/596 592/1512/611 622/1602/636
f 547/1427/582 621/1603/637 563/1584/573
f 512/1227/498 585/1539/586 500/1251/507
f 490/939/385 617/1604/632 556/1443/565
f 440/1184/484 541/1605/638 402/993/402
f 541/1605/638 493/1606/502 402/993/402
f 579/1482/599 521/1302/529 623/1501/608
f 522/1257/512 601/1607/600 503/1256/511
f 514/1608/530 606/1609/621 571/1610/575
f 544/1368/553 653/1611/639 557/1612/567
f 552/1613/579 648/1614/640 582/1615/592
f 560/1383/561 615/1616/629 507/1314/516
f 527/1617/584 626/1618/641 547/1619/582
f 547/1620/582 626/1621/641 627/1622/642
f 547/1620/582 627/1622/642 621/1623/637
f 577/1624/585 563/1625/573 637/1626/643
f 563/1625/573 578/1473/564 637/1626/643
f 593/1537/540 586/1627/597 645/1583/631
f 563/1474/573 640/1628/644 564/1276/518
f 609/1629/645 566/1444/587 565/1396/558
f 598/1496/605 665/1630/646 618/1588/633
f 630/1631/647 611/1480/588 579/1632/599
f 632/1633/648 588/1634/602 602/1635/609
f 632/1636/648 602/1504/609 624/1449/589
f 606/1541/621 482/1211/493 550/1450/590
f 675/1637/616 582/1638/592 625/1639/649
f 625/1640/649 582/1641/592 648/1642/640
f 634/1643/650 620/1644/570 558/1645/578
f 635/1646/651 583/1647/594 581/1451/591
f 675/1648/616 615/1616/629 560/1383/561
f 639/1649/652 603/1650/620 638/1651/653
f 574/1652/580 539/1538/549 645/1583/631
f 639/1653/654 627/1622/642 626/1621/641
f 638/1654/655 639/1655/656 626/1656/657
f 639/1657/654 527/1658/584 627/1659/642
f 626/1660/641 527/1661/584 639/1662/654
f 585/1663/586 549/1664/563 593/1560/540
f 646/1665/658 562/1666/571 500/1667/507
f 645/1668/631 586/1669/597 628/1670/566
f 641/1515/612 609/1671/645 565/1517/558
f 604/1672/624 401/1011/415 501/1253/509
f 610/1673/659 541/1605/638 440/1184/484
f 503/1256/511 601/1607/600 642/1674/660
f 601/1675/600 569/1676/547 642/1674/660
f 569/1676/547 570/1677/601 642/1674/660
f 532/1678/532 590/1524/615 573/1421/577
f 572/1679/576 634/1643/650 558/1645/578
f 544/1399/553 551/1680/568 653/1681/639
f 607/1577/618 603/1533/620 637/1682/643
f 636/1683/661 574/1652/580 645/1583/631
f 603/1533/620 639/1684/652 637/1682/643
f 603/1650/620 621/1603/637 638/1651/653
f 621/1603/637 639/1649/652 638/1651/653
f 621/1685/637 637/1682/643 639/1684/652
f 621/1686/637 627/1687/642 637/1688/643
f 627/1687/642 527/1689/584 637/1688/643
f 528/1375/557 439/1112/453 615/1600/629
f 578/1473/564 530/1334/541 637/1626/643
f 594/1690/606 618/1691/633 647/1692/662
f 509/1254/510 605/1589/625 654/1693/663
f 611/1694/588 629/1695/607 480/1208/492
f 466/1170/479 567/1381/560 513/1321/536
f 601/1565/600 513/1321/536 643/1696/664
f 601/1566/600 643/1697/664 570/1486/601
f 606/1698/621 619/1570/627 571/1699/575
f 568/1415/574 542/1700/550 581/1451/591
f 590/1524/615 485/1366/504 649/1701/665
f 574/1702/580 636/1703/661 597/1559/619
f 561/1704/569 621/1603/637 603/1650/620
f 527/1689/584 577/1705/585 637/1688/643
f 563/1474/573 621/1706/637 640/1628/644
f 585/1539/586 646/1707/658 500/1251/507
f 519/1340/546 594/1497/606 647/1708/662
f 440/1184/484 604/1562/624 610/1673/659
f 389/1519/408 629/1500/607 605/1564/625
f 503/1256/511 631/1709/666 623/1501/608
f 470/1572/475 588/1710/602 612/1573/628
f 580/1360/551 633/1506/610 644/1568/626
f 551/1401/568 614/1711/634 653/1712/639
f 596/1576/623 650/1713/667 633/1506/610
f 593/1714/540 677/1715/668 585/1539/586
f 628/1716/566 556/1717/565 645/1718/631
f 564/1339/518 715/1719/669 465/1477/478
f 715/1719/669 641/1720/612 465/1477/478
f 599/1518/613 665/1630/646 598/1496/605
f 503/1256/511 642/1674/660 631/1709/666
f 570/1542/601 643/1721/664 642/1722/660
f 632/1723/648 705/1724/670 588/1725/602
f 573/1421/577 590/1524/615 660/1726/671
f 572/1727/576 655/1728/672 634/1729/650
f 653/1681/639 559/1526/617 557/1400/567
f 634/1729/650 651/1730/673 620/1591/570
f 561/1554/569 656/1593/635 621/1731/637
f 591/1460/595 562/1557/571 663/1732/674
f 562/1557/571 646/1733/658 663/1732/674
f 593/1734/540 597/1735/619 677/1736/668
f 540/1380/559 667/1737/675 492/1231/501
f 611/1738/588 658/1739/676 629/1740/607
f 520/1279/519 587/1741/598 673/1742/677
f 632/1743/648 624/1744/589 683/1745/678
f 606/1698/621 659/1746/679 619/1570/627
f 542/1700/550 686/1747/680 581/1451/591
f 588/1710/602 705/1748/670 612/1573/628
f 573/1421/577 660/1726/671 589/1489/603
f 612/1575/628 661/1749/681 613/1455/593
f 615/1600/629 530/1334/541 528/1375/557
f 640/1628/644 657/1750/682 564/1276/518
f 647/1708/662 618/1588/633 679/1751/683
f 509/1254/510 654/1693/663 540/1380/559
f 520/1279/519 673/1742/677 600/1520/614
f 619/1570/627 669/1752/684 572/1727/576
f 644/1568/626 633/1506/610 670/1753/685
f 485/1366/504 559/1754/617 649/1701/665
f 585/1539/586 677/1715/668 646/1707/658
f 518/1151/456 730/1755/686 617/1756/632
f 519/1340/546 647/1708/662 671/1757/687
f 641/1758/612 664/1759/688 609/1760/645
f 609/1629/645 664/1761/688 672/1762/689
f 618/1588/633 665/1630/646 679/1751/683
f 629/1500/607 668/1763/690 605/1564/625
f 513/1321/536 567/1381/560 718/1764/691
f 513/1321/536 674/1765/692 643/1696/664
f 589/1766/603 683/1767/678 624/1768/589
f 606/1541/621 550/1450/590 707/1769/693
f 653/1681/639 687/1770/694 559/1526/617
f 655/1728/672 651/1730/673 634/1729/650
f 546/1370/554 662/1771/695 550/1511/590
f 651/1730/673 676/1772/696 620/1591/570
f 615/1600/629 691/1773/697 530/1334/541
f 595/1493/604 678/1774/698 546/1370/554
f 599/1518/613 666/1775/699 665/1630/646
f 599/1776/613 680/1777/700 666/1778/699
f 566/1779/587 680/1780/700 599/1781/613
f 668/1763/690 629/1500/607 658/1782/676
f 611/1783/588 681/1784/701 658/1785/676
f 682/1786/702 567/1787/560 600/1788/614
f 674/1765/692 683/1789/678 643/1696/664
f 643/1790/664 683/1791/678 642/1792/660
f 674/1793/692 632/1794/648 683/1795/678
f 674/1765/692 705/1796/670 632/1797/648
f 659/1798/679 684/1799/703 619/1800/627
f 542/1801/550 644/1568/626 686/1802/680
f 659/1803/679 606/1541/621 685/1804/704
f 644/1568/626 670/1753/685 686/1802/680
f 614/1805/634 687/1806/694 653/1807/639
f 661/1749/681 688/1808/705 613/1455/593
f 625/1639/649 648/1809/640 675/1637/616
f 635/1646/651 727/1810/706 583/1647/594
f 675/1637/616 691/1811/697 615/1812/629
f 597/1813/619 636/1814/661 677/1715/668
f 620/1535/570 676/1815/696 616/1581/630
f 501/1816/509 492/1231/501 667/1737/675
f 567/1787/560 682/1786/702 693/1817/707
f 513/1321/536 718/1764/691 674/1765/692
f 683/1818/678 589/1819/603 642/1820/660
f 619/1570/627 684/1821/703 685/1822/704
f 685/1822/704 669/1823/684 619/1570/627
f 590/1824/615 649/1825/665 694/1826/708
f 695/1827/709 696/1828/710 697/1829/711
f 688/1830/705 696/1828/712 613/1831/593
f 688/1830/713 697/1829/714 696/1828/715
f 552/1832/579 696/1833/716 688/1834/705
f 688/1808/705 661/1749/681 552/1835/579
f 614/1805/634 689/1836/717 687/1806/694
f 695/1837/709 698/1838/718 696/1839/710
f 552/1832/579 698/1840/719 696/1833/716
f 696/1839/712 698/1838/719 613/1841/593
f 613/1841/593 698/1838/719 552/1842/579
f 552/1835/579 661/1749/681 706/1843/720
f 581/1451/591 686/1747/680 635/1646/651
f 552/1842/579 690/1844/721 648/1845/640
f 675/1637/616 648/1809/640 691/1811/697
f 614/1805/634 591/1846/595 689/1836/717
f 646/1707/658 677/1715/668 728/1847/722
f 622/1599/636 692/1848/723 596/1558/623
f 676/1815/696 722/1849/724 616/1581/630
f 621/1850/637 656/1593/635 640/1851/644
f 710/1852/725 692/1853/723 622/1854/636
f 715/1855/669 700/1856/726 641/1857/612
f 679/1751/683 704/1858/727 703/1859/728
f 679/1751/683 671/1860/687 647/1708/662
f 679/1751/683 665/1630/646 704/1858/727
f 609/1861/645 672/1862/689 566/1863/587
f 590/1524/615 694/1864/708 660/1726/671
f 661/1865/681 741/1866/729 695/1827/709
f 697/1829/711 661/1865/681 695/1827/709
f 696/1828/730 661/1865/681 697/1829/711
f 696/1833/730 698/1840/718 661/1867/681
f 695/1837/709 706/1868/720 698/1838/718
f 661/1869/681 698/1838/718 706/1868/720
f 552/1842/579 706/1870/720 690/1844/721
f 670/1871/685 708/1872/731 635/1873/651
f 633/1506/610 650/1713/667 670/1753/685
f 648/1809/640 690/1844/721 691/1811/697
f 546/1370/554 678/1774/698 662/1771/695
f 607/1874/618 637/1682/643 745/1875/732
f 530/1334/541 691/1773/697 637/1626/643
f 592/1512/611 710/1876/725 622/1602/636
f 616/1581/630 722/1849/724 748/1877/733
f 657/1750/682 640/1628/644 692/1878/723
f 657/1879/682 714/1880/734 564/1881/518
f 641/1882/612 700/1883/726 664/1884/688
f 703/1859/728 701/1885/735 679/1751/683
f 664/1886/688 702/1887/736 672/1888/689
f 630/1631/647 681/1889/701 611/1480/588
f 600/1520/614 673/1742/677 776/1890/737
f 623/1891/608 719/1892/738 579/1521/599
f 600/1520/614 776/1890/737 682/1893/702
f 579/1521/599 719/1892/738 630/1894/647
f 693/1895/707 718/1764/691 567/1381/560
f 572/1896/576 669/1897/684 655/1898/672
f 685/1822/704 707/1899/693 669/1823/684
f 687/1770/694 712/1900/739 559/1526/617
f 635/1873/651 686/1901/680 670/1871/685
f 707/1769/693 550/1450/590 662/1902/695
f 655/1728/672 713/1903/740 651/1730/673
f 596/1576/623 765/1904/741 650/1713/667
f 591/1846/595 663/1905/674 689/1836/717
f 637/1626/643 691/1773/697 745/1906/732
f 616/1907/630 748/1908/733 595/1909/604
f 714/1910/734 715/1719/669 564/1339/518
f 519/1340/546 730/1755/686 518/1151/456
f 671/1860/687 679/1751/683 701/1885/735
f 680/1911/700 566/1444/587 672/1762/689
f 604/1562/624 716/1912/742 610/1673/659
f 541/1605/638 717/1913/743 493/1606/502
f 631/1709/666 642/1674/660 719/1914/738
f 642/1674/660 589/1766/603 719/1914/738
f 674/1765/692 718/1764/691 705/1796/670
f 606/1541/621 707/1769/693 685/1804/704
f 670/1915/685 757/1916/744 708/1917/731
f 651/1730/673 713/1903/740 676/1772/696
f 608/1552/622 720/1918/745 592/1512/611
f 596/1558/623 692/1848/723 699/1919/746
f 656/1920/635 721/1921/747 640/1922/644
f 721/1923/747 692/1878/723 640/1628/644
f 617/1604/632 730/1924/686 556/1925/565
f 736/1926/748 665/1630/646 666/1775/699
f 667/1737/675 723/1927/749 501/1816/509
f 605/1589/625 724/1928/750 654/1693/663
f 589/1766/603 660/1929/671 719/1914/738
f 725/1930/751 612/1573/628 705/1748/670
f 559/1931/617 746/1932/752 649/1933/665
f 707/1899/693 726/1934/753 669/1823/684
f 709/1935/754 728/1936/722 747/1937/755
f 709/1938/754 751/1939/756 728/1940/722
f 677/1715/668 636/1814/661 729/1941/757
f 556/1942/565 730/1943/686 733/1944/758
f 672/1762/689 666/1775/699 680/1911/700
f 753/1945/759 737/1946/760 731/1947/761
f 737/1946/760 738/1948/762 731/1947/761
f 716/1912/742 732/1949/763 610/1673/659
f 610/1673/659 717/1913/743 541/1605/638
f 724/1928/750 605/1589/625 668/1950/690
f 725/1930/751 718/1951/691 693/1952/707
f 718/1951/691 725/1930/751 705/1748/670
f 740/1953/764 741/1954/729 725/1955/751
f 741/1866/729 661/1865/681 725/1956/751
f 725/1956/751 661/1865/681 612/1957/628
f 750/1958/765 660/1959/671 694/1960/708
f 757/1916/744 670/1915/685 711/1961/766
f 744/1962/767 690/1844/721 706/1870/720
f 745/1906/732 783/1963/768 607/1964/618
f 727/1810/706 608/1965/622 583/1647/594
f 646/1707/658 751/1966/756 663/1967/674
f 728/1847/722 751/1966/756 646/1707/658
f 652/1968/769 730/1755/686 519/1340/546
f 652/1968/769 519/1340/546 734/1969/770
f 701/1885/735 519/1340/546 671/1757/687
f 681/1889/701 760/1970/771 658/1782/676
f 631/1709/666 719/1914/738 623/1501/608
f 719/1971/738 739/1972/772 630/1631/647
f 682/1973/702 740/1974/764 693/1975/707
f 659/1976/679 685/1977/704 742/1978/773
f 669/1979/684 777/1980/774 655/1981/672
f 695/1837/709 744/1962/767 706/1870/720
f 694/1864/708 649/1701/665 746/1982/752
f 559/1983/617 712/1984/739 746/1985/752
f 635/1646/651 708/1986/731 727/1810/706
f 746/1987/752 751/1988/756 709/1989/754
f 690/1990/721 745/1906/732 691/1773/697
f 783/1963/768 656/1991/635 607/1964/618
f 728/1847/722 677/1715/668 729/1941/757
f 735/1992/775 702/1993/736 664/1994/688
f 704/1995/727 665/1630/646 736/1926/748
f 540/1380/559 654/1693/663 667/1737/675
f 717/1913/743 749/1996/776 493/1606/502
f 493/1233/502 749/1997/776 420/1012/416
f 740/1998/764 725/1999/751 693/1817/707
f 687/1770/694 689/2000/717 712/1900/739
f 745/2001/732 744/2002/767 695/2003/709
f 709/2004/754 747/2005/755 746/2006/752
f 744/2007/767 745/1906/732 690/1990/721
f 695/1837/709 762/2008/777 745/2009/732
f 783/1963/768 745/1906/732 762/2010/777
f 689/2011/717 663/1967/674 751/1966/756
f 662/1771/695 678/1774/698 778/2012/778
f 657/2013/682 692/2014/723 714/1910/734
f 556/2015/565 733/2016/758 722/2017/724
f 664/1884/688 700/1883/726 735/2018/775
f 703/1859/728 758/2019/779 701/1885/735
f 702/2020/736 735/2021/775 672/1762/689
f 731/1947/761 752/2022/780 753/1945/759
f 737/2023/760 780/2024/781 738/2025/762
f 420/1012/416 749/1997/776 587/1478/598
f 719/1914/738 750/1958/765 739/1972/772
f 682/1893/702 755/2026/782 740/2027/764
f 719/1914/738 660/1929/671 750/1958/765
f 741/2028/729 740/2029/764 755/2030/782
f 684/2031/703 756/2032/783 685/2033/704
f 685/2034/704 756/2035/783 742/2036/773
f 743/2037/784 669/2038/684 771/2039/785
f 669/2038/684 726/2040/753 761/2041/786
f 689/2011/717 751/1966/756 712/2042/739
f 712/2043/739 751/2044/756 746/1932/752
f 645/2045/631 556/2046/565 766/2047/787
f 519/1340/546 701/1885/735 734/1969/770
f 703/1859/728 704/1858/727 758/2019/779
f 731/2048/761 738/2049/762 759/2050/788
f 738/2025/762 780/2024/781 754/2051/789
f 630/1631/647 739/1972/772 681/1889/701
f 682/1893/702 776/1890/737 755/2026/782
f 655/1981/672 777/1980/774 713/2052/740
f 670/1753/685 650/1713/667 772/2053/790
f 592/1512/611 720/1918/745 710/1876/725
f 672/1762/689 767/2054/791 666/1775/699
f 753/2055/759 786/2056/792 737/2023/760
f 780/2057/781 768/2058/793 754/2059/789
f 769/2060/794 768/2061/793 780/2024/781
f 604/2062/624 501/1816/509 842/2063/795
f 716/1912/742 604/1562/624 770/2064/796
f 659/2065/679 742/2066/773 684/2067/703
f 741/2068/729 762/2069/777 695/2070/709
f 669/2038/684 761/2041/786 771/2039/785
f 670/2071/685 772/2072/790 711/2073/766
f 676/2074/696 713/2075/740 774/2076/797
f 636/2077/661 645/2078/631 729/2079/757
f 676/1815/696 766/2080/787 722/1849/724
f 721/1923/747 699/2081/746 692/1878/723
f 595/1909/604 748/1908/733 678/2082/698
f 766/2047/787 556/2046/565 722/2083/724
f 734/1969/770 701/1885/735 758/2019/779
f 758/2019/779 704/1858/727 775/2084/798
f 738/2049/762 754/2059/789 759/2050/788
f 723/1927/749 842/2063/795 501/1816/509
f 760/1970/771 799/2085/799 658/1782/676
f 587/1478/598 749/1997/776 673/2086/677
f 782/2087/800 776/2088/737 673/2089/677
f 739/1972/772 789/2090/801 681/1889/701
f 743/2091/784 777/2092/774 669/2093/684
f 755/2094/782 762/2095/777 741/2096/729
f 746/1932/752 747/1937/755 694/1960/708
f 726/2040/753 773/2097/802 761/2041/786
f 757/1916/744 806/2098/803 708/2099/731
f 777/1980/774 764/2100/804 713/2052/740
f 707/1769/693 778/2101/778 726/2102/753
f 713/2075/740 764/2103/804 774/2076/797
f 733/2104/758 730/1924/686 803/2105/805
f 736/1926/748 775/2106/798 704/1995/727
f 731/2048/761 759/2050/788 779/2107/806
f 760/1970/771 781/2108/807 799/2085/799
f 681/2109/701 789/2110/801 760/2111/771
f 789/2110/801 781/2112/807 760/2111/771
f 750/1958/765 789/2090/801 739/1972/772
f 755/2113/782 783/1963/768 762/2010/777
f 763/2114/808 708/2099/731 806/2098/803
f 778/2101/778 707/1769/693 662/1902/695
f 783/1963/768 721/1923/747 656/1991/635
f 729/2079/757 645/2078/631 774/2115/797
f 779/2116/806 752/2022/780 731/1947/761
f 667/1737/675 654/1693/663 788/2117/809
f 799/2085/799 668/1763/690 658/1782/676
f 755/2118/782 802/2119/810 783/2120/768
f 694/1960/708 747/1937/755 750/1958/765
f 771/2121/785 761/2122/786 791/2123/811
f 728/1847/722 729/1941/757 747/2124/755
f 650/2125/667 765/2126/741 772/2127/790
f 774/2115/797 645/2078/631 792/2128/812
f 676/1815/696 792/2129/812 766/2080/787
f 737/2023/760 825/2130/813 780/2024/781
f 769/2131/794 787/2132/814 768/2133/793
f 732/1949/763 794/2134/815 610/1673/659
f 771/2135/785 790/2136/816 777/2137/774
f 750/1958/765 747/1937/755 789/2090/801
f 789/2090/801 747/2138/755 824/2139/817
f 783/1963/768 813/2140/818 721/1923/747
f 692/1853/723 710/1852/725 795/2141/819
f 692/2014/723 795/2142/819 714/1910/734
f 700/2143/726 793/2144/820 735/2145/775
f 672/1762/689 839/2146/821 767/2054/791
f 666/1775/699 767/2054/791 736/1926/748
f 753/1945/759 752/2022/780 817/2147/822
f 753/1945/759 785/2148/823 786/2149/792
f 786/2056/792 825/2130/813 737/2023/760
f 768/2058/793 797/2150/824 754/2059/789
f 654/1693/663 724/1928/750 798/2151/825
f 749/1997/776 782/2152/800 673/2086/677
f 799/2085/799 781/2108/807 800/2153/826
f 743/2154/784 821/2155/827 777/2156/774
f 782/2087/800 802/2157/810 776/2088/737
f 802/2119/810 755/2026/782 776/1890/737
f 784/2158/828 711/2073/766 801/2159/829
f 747/2124/755 729/1941/757 824/2160/817
f 729/2079/757 774/2115/797 764/2161/804
f 645/2162/631 766/2163/787 792/2164/812
f 769/2165/794 828/2166/830 787/2167/814
f 787/2168/814 797/2169/824 768/2170/793
f 610/1673/659 794/2134/815 717/1913/743
f 749/1997/776 829/2171/831 782/2152/800
f 684/2172/703 742/2173/773 811/2174/832
f 684/2175/703 805/2176/833 756/2177/783
f 800/2178/826 771/2179/785 777/1980/774
f 756/2180/783 805/2181/833 742/2182/773
f 782/2152/800 801/2183/829 807/2184/834
f 807/2185/834 802/2157/810 782/2087/800
f 801/2186/829 772/2187/790 807/2188/834
f 711/2073/766 772/2072/790 801/2159/829
f 813/2189/818 783/1963/768 802/2190/810
f 761/2191/786 808/2192/835 791/2193/811
f 790/2194/816 764/2100/804 777/1980/774
f 729/2079/757 764/2161/804 824/2139/817
f 773/2097/802 808/2195/835 761/2041/786
f 596/1576/623 699/2196/746 765/1904/741
f 774/2197/797 792/2129/812 676/1815/696
f 795/2142/819 796/2198/836 714/1910/734
f 733/2199/758 803/2200/805 722/1849/724
f 754/2059/789 809/2201/837 759/2050/788
f 667/1737/675 788/2117/809 723/1927/749
f 732/2202/763 716/2203/742 804/2204/838
f 777/2092/774 821/2205/827 800/2206/826
f 684/2175/703 811/2207/832 805/2176/833
f 811/2207/839 822/2208/840 805/2176/841
f 805/2209/833 811/2210/832 742/2211/773
f 771/2212/785 812/2213/842 790/2214/816
f 789/2090/801 824/2139/817 781/2108/807
f 771/2039/785 791/2215/811 812/2216/842
f 807/2185/834 813/2217/818 802/2157/810
f 784/2218/828 806/2098/803 711/2219/766
f 711/2219/766 806/2098/803 757/1916/744
f 807/2185/834 814/2220/843 813/2217/818
f 772/2127/790 814/2220/843 807/2185/834
f 708/2221/731 816/2222/844 727/2223/706
f 765/2126/741 831/2224/845 772/2127/790
f 765/1904/741 699/2196/746 848/2225/846
f 759/2050/788 818/2226/847 779/2107/806
f 780/2024/781 825/2130/813 769/2060/794
f 797/2169/824 787/2168/814 810/2227/848
f 716/1912/742 770/2064/796 834/2228/849
f 717/1913/743 819/2229/850 749/1996/776
f 819/2229/850 820/2230/851 749/1996/776
f 800/2178/826 823/2231/852 771/2179/785
f 771/2232/785 823/2233/852 743/2234/784
f 824/2235/817 764/2236/804 790/2237/816
f 773/2097/802 815/2238/853 808/2195/835
f 726/2239/753 778/2240/778 773/2241/802
f 765/2126/741 848/2242/846 831/2224/845
f 608/1965/622 727/1810/706 720/2243/745
f 753/1945/759 817/2147/822 785/2148/823
f 828/2244/830 769/2060/794 825/2130/813
f 716/1912/742 834/2228/849 804/2245/838
f 749/1997/776 820/2246/851 829/2171/831
f 799/2085/799 800/2153/826 835/2247/854
f 782/2152/800 826/2248/855 801/2183/829
f 763/2249/808 816/2250/844 708/2251/731
f 813/2140/818 814/2252/843 721/1923/747
f 699/2081/746 721/1923/747 848/2253/846
f 710/2254/725 796/2255/836 795/2256/819
f 722/1849/724 803/2257/805 748/1877/733
f 786/2149/792 785/2148/823 827/2258/856
f 786/2056/792 827/2259/856 825/2130/813
f 782/2152/800 829/2171/831 826/2248/855
f 743/2154/784 823/2260/852 821/2155/827
f 801/2261/829 826/2262/855 784/2263/828
f 784/2218/828 826/2264/855 806/2098/803
f 772/2265/790 831/2266/845 814/2267/843
f 721/1923/747 814/2252/843 848/2253/846
f 714/1910/734 833/2268/857 715/1719/669
f 715/1855/669 833/2269/857 700/1856/726
f 817/2270/822 752/2271/780 850/2272/858
f 810/2273/848 787/2168/814 828/2244/830
f 804/2245/838 794/2134/815 732/1949/763
f 788/2117/809 654/1693/663 798/2151/825
f 794/2134/815 819/2229/850 717/1913/743
f 724/1928/750 668/1950/690 799/2274/799
f 836/2275/859 835/2276/854 823/2277/852
f 835/2247/854 800/2153/826 821/2278/827
f 835/2276/854 821/2279/827 823/2277/852
f 843/2280/860 830/2281/861 829/2282/831
f 845/2283/862 790/2284/816 812/2285/842
f 808/2195/835 815/2238/853 847/2286/863
f 857/2287/864 773/2241/802 778/2240/778
f 832/2288/865 678/1774/698 748/2289/733
f 796/2198/836 833/2268/857 714/1910/734
f 833/2269/857 876/2290/866 700/1856/726
f 779/2291/806 840/2292/867 752/2293/780
f 759/2050/788 809/2201/837 818/2226/847
f 797/2150/824 841/2294/868 754/2059/789
f 829/2295/831 852/2296/869 826/2297/855
f 830/2298/861 852/2296/869 829/2295/831
f 836/2299/859 844/2300/870 837/2301/871
f 800/2153/826 781/2108/807 824/2139/817
f 824/2302/817 790/2284/816 845/2283/862
f 852/2303/869 806/2304/803 826/2262/855
f 791/2215/811 846/2305/872 812/2216/842
f 852/2303/869 851/2306/873 806/2304/803
f 846/2307/872 791/2193/811 808/2192/835
f 803/2308/805 730/1755/686 652/1968/769
f 849/2309/874 652/1968/769 734/1969/770
f 876/2310/866 793/2144/820 700/2311/726
f 909/2312/875 672/2313/689 735/2145/775
f 797/2169/824 810/2227/848 841/2314/868
f 604/1562/624 842/2315/795 770/2064/796
f 843/2280/860 829/2282/831 820/2316/851
f 823/2277/852 844/2317/870 836/2275/859
f 800/2318/826 845/2319/862 823/2277/852
f 851/2320/873 852/2321/869 830/2298/861
f 824/2139/817 845/2322/862 800/2153/826
f 823/2277/852 863/2323/876 844/2317/870
f 823/2277/852 845/2319/862 863/2323/876
f 845/2324/862 812/2325/842 863/2326/876
f 830/2298/861 855/2327/877 851/2320/873
f 812/2328/842 854/2329/878 863/2323/876
f 812/2328/842 853/2330/879 854/2329/878
f 846/2307/872 808/2192/835 853/2331/880
f 853/2331/881 854/2332/882 846/2307/883
f 812/2328/842 846/2333/872 853/2330/879
f 806/2334/803 851/2335/873 763/2336/808
f 815/2337/853 857/2287/864 884/2338/884
f 773/2241/802 857/2287/864 815/2337/853
f 778/2101/778 858/2339/885 857/2340/864
f 871/2341/886 831/2342/845 848/2343/846
f 758/2019/779 775/2084/798 859/2344/887
f 779/2291/806 818/2345/847 860/2346/888
f 754/2347/789 862/2348/889 809/2349/837
f 837/2301/871 869/2350/890 856/2351/891
f 853/2330/880 863/2323/876 854/2329/878
f 808/2352/835 863/2323/876 853/2330/880
f 808/2352/835 864/2353/892 863/2323/876
f 720/1918/745 865/2354/893 710/1876/725
f 710/2355/725 838/2356/894 796/2255/836
f 752/2293/780 840/2292/867 850/2357/858
f 754/2059/789 841/2294/868 862/2358/889
f 810/2227/848 866/2359/895 841/2314/868
f 723/1927/749 788/2117/809 867/2360/896
f 819/2229/850 794/2134/815 868/2361/897
f 844/2317/870 869/2362/890 837/2363/871
f 844/2317/870 863/2323/876 869/2362/890
f 851/2320/873 855/2327/877 870/2364/898
f 808/2365/835 847/2366/863 864/2367/892
f 814/2368/843 872/2369/899 848/2370/846
f 767/2054/791 873/2371/900 736/1926/748
f 860/2346/888 840/2292/867 779/2291/806
f 864/2367/892 857/2372/864 863/2373/876
f 831/2266/845 872/2374/899 814/2267/843
f 848/2225/846 872/2375/899 871/2376/886
f 734/1969/770 924/2377/901 849/2309/874
f 817/2378/822 877/2379/902 874/2380/903
f 878/2381/904 817/2382/822 874/2383/903
f 819/2229/850 879/2384/905 820/2230/851
f 851/2335/873 816/2385/844 763/2336/808
f 884/2338/884 857/2287/864 864/2386/892
f 778/2012/778 678/1774/698 858/2387/885
f 876/2310/866 1019/2388/906 793/2144/820
f 758/2389/779 859/2390/887 734/2391/770
f 735/2145/775 793/2144/820 909/2312/875
f 672/2313/689 909/2312/875 839/2392/821
f 873/2371/900 926/2393/907 736/1926/748
f 785/2394/823 817/2395/822 878/2396/904
f 810/2273/848 828/2244/830 915/2397/908
f 799/2274/799 883/2398/909 724/1928/750
f 799/2274/799 835/2399/854 883/2398/909
f 835/2400/854 836/2401/859 923/2402/910
f 830/2403/861 880/2404/911 855/2405/877
f 837/2406/871 856/2407/891 891/2408/912
f 856/2351/891 869/2409/890 875/2410/913
f 851/2335/873 870/2411/898 816/2385/844
f 864/2367/892 847/2366/863 884/2412/884
f 847/2413/863 815/2414/853 884/2415/884
f 831/2266/845 892/2416/914 872/2374/899
f 652/2417/769 932/2418/915 803/2257/805
f 748/2419/733 803/2420/805 893/2421/916
f 734/2391/770 886/2422/917 924/2423/901
f 817/2382/822 850/2357/858 877/2424/902
f 825/2130/813 827/2259/856 888/2425/918
f 862/2348/889 927/2426/919 809/2427/837
f 828/2244/830 825/2130/813 889/2428/920
f 810/2429/848 915/2430/908 866/2431/895
f 819/2229/850 868/2361/897 879/2384/905
f 875/2432/913 891/2408/912 856/2407/891
f 871/2341/886 892/2433/914 831/2342/845
f 816/2222/844 885/2434/921 727/2435/706
f 793/2144/820 908/2436/922 909/2312/875
f 767/2054/791 839/2146/821 873/2371/900
f 890/2437/923 917/2438/924 896/2439/925
f 798/2151/825 897/2440/926 788/2117/809
f 820/2316/851 879/2441/905 843/2280/860
f 855/2405/877 880/2404/911 881/2442/927
f 863/2323/876 857/2443/864 898/2444/928
f 833/2445/857 796/2255/836 838/2356/894
f 803/2257/805 932/2418/915 893/2446/916
f 785/2447/823 878/2448/904 900/2449/929
f 862/2358/889 901/2450/930 894/2451/931
f 841/2452/868 902/2453/932 862/2454/889
f 841/2455/868 901/2456/930 902/2457/932
f 841/2294/868 895/2458/933 901/2450/930
f 901/2450/930 895/2458/933 894/2451/931
f 862/2348/889 894/2459/931 927/2426/919
f 825/2130/813 888/2425/918 861/2460/934
f 788/2117/809 903/2461/935 867/2360/896
f 788/2117/809 897/2440/926 903/2461/935
f 794/2134/815 804/2245/838 904/2462/936
f 879/2441/905 918/2463/937 843/2280/860
f 855/2464/877 881/2465/927 870/2466/898
f 871/2467/886 872/2468/899 892/2469/914
f 727/2435/706 885/2434/921 882/2470/938
f 727/1810/706 882/2471/938 720/2243/745
f 833/2269/857 899/2472/939 876/2290/866
f 710/1876/725 865/2354/893 838/2473/894
f 840/2292/867 912/2474/940 850/2357/858
f 785/2447/823 900/2449/929 827/2475/856
f 862/2348/889 905/2476/941 901/2477/930
f 901/2477/930 905/2476/941 906/2478/942
f 901/2456/930 906/2479/942 902/2457/932
f 902/2480/932 894/2481/931 895/2482/933
f 902/2480/932 906/2483/942 894/2481/931
f 842/2063/795 723/1927/749 867/2360/896
f 868/2361/897 904/2462/936 879/2384/905
f 843/2484/860 880/2404/911 830/2403/861
f 869/2485/890 863/2323/876 898/2444/928
f 885/2486/921 816/2385/844 870/2411/898
f 1019/2388/906 908/2436/922 793/2144/820
f 850/2357/858 887/2487/943 877/2424/902
f 818/2488/847 913/2489/944 860/2346/888
f 818/2226/847 809/2201/837 913/2490/944
f 862/2454/889 902/2453/932 905/2491/941
f 906/2478/942 914/2492/945 894/2459/931
f 902/2453/932 914/2493/945 905/2494/941
f 895/2495/933 914/2493/945 902/2453/932
f 841/2496/868 914/2493/945 895/2495/933
f 841/2497/868 894/2498/931 914/2499/945
f 861/2460/934 889/2428/920 825/2130/813
f 890/2500/923 896/2501/925 916/2502/946
f 890/2503/923 921/2504/947 917/2505/924
f 907/2506/948 875/2410/913 869/2409/890
f 857/2340/864 858/2339/885 898/2507/928
f 734/2391/770 859/2390/887 886/2422/917
f 877/2424/902 887/2487/943 910/2508/949
f 840/2292/867 860/2346/888 912/2474/940
f 905/2509/941 841/2294/868 920/2510/950
f 828/2244/830 889/2428/920 915/2397/908
f 842/2511/795 922/2512/951 770/2064/796
f 770/2064/796 922/2512/951 834/2228/849
f 724/1928/750 883/2398/909 798/2151/825
f 748/2289/733 893/2513/916 832/2288/865
f 736/1926/748 967/2514/952 775/2106/798
f 839/2146/821 925/2515/953 873/2371/900
f 850/2357/858 912/2474/940 911/2516/954
f 914/2517/945 906/2518/942 927/2519/919
f 914/2520/945 927/2521/919 905/2522/941
f 905/2523/941 927/2524/919 841/2525/868
f 841/2525/868 927/2524/919 894/2526/931
f 867/2360/896 903/2461/935 936/2527/955
f 798/2151/825 883/2398/909 897/2528/926
f 836/2529/859 837/2406/871 919/2530/956
f 870/2466/898 881/2465/927 931/2531/957
f 720/1918/745 882/2532/938 865/2354/893
f 849/2533/874 932/2418/915 652/2417/769
f 926/2393/907 967/2514/952 736/1926/748
f 925/2534/953 933/2535/958 873/2536/900
f 877/2424/902 910/2508/949 939/2537/959
f 850/2538/858 911/2539/954 887/2540/943
f 917/2438/924 928/2541/960 896/2439/925
f 842/2063/795 867/2360/896 922/2542/951
f 922/2512/951 930/2543/961 834/2228/849
f 804/2245/838 946/2544/962 904/2462/936
f 904/2462/936 946/2544/962 937/2545/963
f 904/2462/936 937/2545/963 879/2384/905
f 835/2399/854 923/2546/910 883/2398/909
f 907/2506/948 955/2547/964 875/2410/913
f 869/2485/890 898/2444/928 907/2548/948
f 932/2418/915 938/2549/965 893/2446/916
f 775/2550/798 967/2551/952 859/2390/887
f 841/2552/868 993/2553/966 920/2554/950
f 940/2555/967 916/2502/946 962/2556/968
f 962/2556/968 916/2502/946 935/2557/969
f 935/2557/969 942/2558/970 962/2556/968
f 944/2559/971 943/2560/972 935/2561/973
f 935/2562/969 916/2563/946 944/2564/974
f 935/2561/969 943/2560/975 942/2565/970
f 896/2566/925 943/2567/975 935/2568/976
f 896/2501/925 942/2558/970 943/2569/975
f 896/2501/925 944/2570/974 916/2502/946
f 935/2571/976 944/2572/974 896/2573/925
f 916/2574/946 921/2575/947 890/2576/923
f 929/2577/977 945/2578/978 1113/2579/979
f 929/2580/977 1113/2581/979 981/2582/980
f 834/2228/849 930/2543/961 946/2544/962
f 834/2228/849 946/2544/962 804/2245/838
f 880/2404/911 954/2583/981 881/2442/927
f 678/1774/698 832/2288/865 858/2387/885
f 932/2584/915 849/2585/874 947/2586/982
f 849/2585/874 924/2423/901 947/2586/982
f 832/2288/865 958/2587/983 957/2588/984
f 893/2589/916 958/2590/983 832/2591/865
f 932/2592/915 947/2593/982 938/2594/965
f 893/2595/916 938/2596/965 958/2597/983
f 873/2598/900 960/2599/985 926/2600/907
f 905/2601/941 948/2602/986 906/2603/942
f 905/2601/941 920/2604/950 948/2602/986
f 888/2425/918 950/2605/987 861/2460/934
f 928/2606/960 929/2607/977 941/2608/988
f 917/2438/924 945/2609/978 928/2541/960
f 929/2610/977 928/2611/960 945/2612/978
f 867/2360/896 936/2527/955 922/2542/951
f 936/2527/955 903/2461/935 952/2613/989
f 897/2528/926 883/2398/909 953/2614/990
f 907/2548/948 898/2444/928 955/2615/964
f 873/2616/900 933/2617/958 960/2618/985
f 915/2430/908 951/2619/991 866/2431/895
f 940/2620/967 963/2621/992 916/2622/946
f 896/2623/925 928/2624/960 942/2625/970
f 875/2626/913 955/2627/964 891/2628/912
f 956/2629/993 965/2630/994 964/2631/995
f 938/2632/965 976/2633/996 958/2587/983
f 998/2634/997 874/2635/903 877/2636/902
f 951/2637/991 993/2553/966 866/2638/895
f 866/2638/895 993/2553/966 841/2552/868
f 934/2639/998 969/2640/999 963/2641/992
f 980/2642/1000 971/2643/1001 970/2644/1002
f 980/2642/1000 972/2645/1003 971/2643/1001
f 897/2440/926 982/2646/1004 903/2647/935
f 973/2648/1005 946/2649/962 930/2650/961
f 837/2406/871 891/2408/912 1049/2651/1006
f 870/2652/898 974/2653/1007 885/2654/921
f 1010/2655/1008 987/2656/1009 882/2470/938
f 832/2657/865 957/2658/984 858/2659/885
f 996/2660/1010 858/2659/885 957/2658/984
f 882/2532/938 987/2661/1009 865/2354/893
f 833/2445/857 838/2356/894 899/2662/939
f 924/2423/901 966/2663/1011 947/2586/982
f 865/2354/893 987/2661/1009 959/2664/1012
f 865/2665/893 959/2666/1012 838/2667/894
f 977/2668/1013 926/2600/907 960/2599/985
f 906/2669/942 949/2670/1014 927/2426/919
f 941/2608/988 929/2607/977 1016/2671/1015
f 794/2672/815 984/2673/1016 868/2674/897
f 843/2280/860 918/2463/937 1038/2675/1017
f 883/2398/909 986/2676/1018 953/2614/990
f 879/2441/905 1039/2677/1019 918/2463/937
f 937/2678/963 1039/2677/1019 879/2441/905
f 883/2398/909 923/2546/910 986/2676/1018
f 870/2679/898 931/2680/957 974/2681/1007
f 1010/2655/1008 882/2470/938 1011/2682/1020
f 899/2683/939 1019/2388/906 876/2310/866
f 938/2594/965 1041/2684/1021 976/2685/996
f 839/2146/821 988/2686/1022 925/2515/953
f 988/2687/1022 933/2688/958 925/2689/953
f 877/2636/902 939/2690/959 998/2634/997
f 887/2487/943 911/2516/954 961/2691/1023
f 912/2474/940 989/2692/1024 911/2516/954
f 912/2474/940 990/2693/1025 989/2692/1024
f 860/2694/888 990/2695/1025 912/2696/940
f 927/2697/919 949/2698/1014 809/2201/837
f 920/2510/950 993/2699/966 991/2700/1026
f 962/2701/968 942/2702/970 1004/2703/1027
f 1139/2704/1028 921/2575/947 916/2574/946
f 917/2705/924 1005/2706/1029 945/2707/978
f 929/2610/977 981/2708/980 995/2709/1030
f 921/2710/947 1060/2711/1031 917/2705/924
f 794/2712/815 904/2713/936 984/2714/1016
f 953/2715/990 985/2716/1032 897/2717/926
f 868/2718/897 1063/2719/1033 904/2720/936
f 837/2406/871 1104/2721/1034 919/2530/956
f 955/2722/964 898/2723/928 1008/2724/1035
f 885/2434/921 965/2725/994 882/2470/938
f 967/2551/952 1053/2726/1036 859/2390/887
f 961/2691/1023 1112/2727/1037 887/2487/943
f 878/2381/904 874/2383/903 998/2728/997
f 948/2729/986 999/2730/1038 906/2731/942
f 920/2732/950 1000/2733/1039 948/2734/986
f 920/2732/950 906/2735/942 1000/2733/1039
f 920/2510/950 1001/2736/1040 906/2737/942
f 861/2738/934 950/2739/987 1002/2740/1041
f 861/2460/934 1002/2741/1041 889/2428/920
f 889/2428/920 1002/2741/1041 992/2742/1042
f 928/2624/960 1005/2743/1029 942/2625/970
f 1016/2671/1015 929/2607/977 995/2744/1030
f 928/2745/960 979/2746/1043 1005/2747/1029
f 970/2748/1002 1006/2749/1044 980/2750/1000
f 930/2650/961 1007/2751/1045 973/2648/1005
f 836/2401/859 919/2752/956 923/2402/910
f 881/2753/927 954/2754/981 931/2755/957
f 974/2756/1007 964/2631/995 965/2630/994
f 858/2339/885 975/2757/1046 997/2758/1047
f 996/2660/1010 975/2759/1046 858/2659/885
f 926/2393/907 1014/2760/1048 967/2514/952
f 887/2487/943 1112/2727/1037 1022/2761/1049
f 968/2762/1050 888/2425/918 827/2259/856
f 906/2731/942 999/2730/1038 1000/2763/1039
f 906/2737/942 1001/2736/1040 949/2764/1014
f 920/2510/950 991/2700/1026 1001/2736/1040
f 962/2556/968 1025/2765/1051 940/2555/967
f 934/2766/998 1035/2767/1052 994/2768/1053
f 934/2766/998 963/2769/992 1035/2767/1052
f 942/2770/970 1025/2771/1051 1004/2772/1027
f 941/2608/988 1016/2671/1015 978/2773/1054
f 941/2774/988 1058/2775/1055 928/2776/960
f 941/2774/988 978/2777/1054 1058/2775/1055
f 928/2778/960 1058/2779/1055 979/2780/1043
f 945/2578/978 1005/2781/1029 1113/2579/979
f 903/2782/935 982/2783/1004 952/2784/989
f 897/2440/926 983/2785/1056 982/2646/1004
f 953/2614/990 986/2676/1018 985/2786/1032
f 923/2402/910 919/2752/956 1047/2787/1057
f 923/2788/910 1027/2789/1058 986/2790/1018
f 955/2791/964 1008/2792/1035 1030/2793/1059
f 885/2794/921 974/2756/1007 965/2630/994
f 1017/2795/1060 1018/2796/1061 964/2797/995
f 964/2797/995 1018/2796/1061 956/2798/993
f 898/2507/928 858/2339/885 997/2758/1047
f 1010/2799/1008 1012/2800/1062 987/2661/1009
f 958/2587/983 976/2801/996 957/2588/984
f 966/2663/1011 924/2423/901 886/2422/917
f 959/2802/1012 1051/2803/1063 838/2804/894
f 947/2593/982 1041/2684/1021 938/2594/965
f 1013/2805/1064 960/2806/985 988/2687/1022
f 960/2807/985 1013/2808/1064 1014/2809/1048
f 988/2687/1022 960/2806/985 933/2688/958
f 887/2487/943 1022/2761/1049 910/2508/949
f 1000/2810/1039 949/2811/1014 1001/2812/1040
f 949/2698/1014 1149/2813/1065 809/2201/837
f 1000/2810/1039 1001/2812/1040 948/2814/986
f 991/2700/1026 993/2699/966 949/2764/1014
f 951/2815/991 915/2397/908 1023/2816/1066
f 951/2619/991 1023/2817/1066 1024/2818/1067
f 951/2619/991 1024/2818/1067 1003/2819/1068
f 1023/2820/1069 1025/2765/1051 962/2556/968
f 1023/2817/1069 1004/2703/1027 1024/2818/1070
f 962/2701/968 1004/2703/1027 1023/2817/1069
f 1025/2821/1051 1015/2822/1071 940/2823/967
f 934/2824/998 994/2825/1053 969/2826/999
f 916/2622/946 963/2621/992 1139/2827/1028
f 922/2828/951 1007/2751/1045 930/2650/961
f 904/2713/936 1063/2829/1033 984/2714/1016
f 1028/2830/1072 1029/2831/1073 964/2832/995
f 1009/2833/1074 1030/2793/1059 1008/2792/1035
f 1010/2834/1008 1040/2835/1075 1069/2836/1076
f 996/2837/1010 997/2838/1047 975/2839/1046
f 947/2593/982 966/2840/1011 1041/2684/1021
f 859/2390/887 1053/2726/1036 886/2422/917
f 1013/2841/1064 988/2686/1022 1033/2842/1077
f 1014/2809/1048 977/2843/1013 960/2807/985
f 926/2844/907 977/2845/1013 1014/2846/1048
f 1001/2847/1040 991/2848/1026 948/2849/986
f 993/2850/966 1127/2851/1078 978/2777/1054
f 1023/2852/1066 1003/2853/1068 1024/2854/1067
f 915/2855/908 1003/2856/1068 1023/2857/1066
f 1023/2858/1069 1024/2859/1070 1025/2860/1051
f 1024/2859/1070 1004/2861/1027 1025/2860/1051
f 940/2555/967 1035/2767/1052 963/2769/992
f 940/2555/967 1044/2862/1079 1035/2767/1052
f 980/2750/1000 1006/2749/1044 1036/2863/1080
f 922/2828/951 936/2864/955 1037/2865/1081
f 973/2648/1005 1007/2751/1045 1062/2866/1082
f 897/2717/926 985/2716/1032 983/2867/1056
f 986/2868/1018 1026/2869/1083 985/2870/1032
f 1048/2871/1084 974/2872/1007 931/2873/957
f 955/2874/964 1049/2875/1006 891/2628/912
f 964/2832/995 1029/2831/1073 1017/2876/1060
f 1031/2877/1085 997/2838/1047 996/2837/1010
f 1012/2800/1062 959/2664/1012 987/2661/1009
f 1019/2388/906 1163/2878/1086 908/2436/922
f 988/2686/1022 839/2146/821 1125/2879/1087
f 860/2346/888 1054/2880/1088 990/2881/1025
f 999/2882/1038 949/2883/1014 1000/2884/1039
f 948/2602/986 1043/2885/1089 999/2886/1038
f 991/2887/1026 949/2888/1014 948/2602/986
f 948/2602/986 949/2888/1014 1043/2885/1089
f 951/2637/991 1127/2889/1078 993/2553/966
f 889/2428/920 1035/2890/1052 1044/2891/1079
f 889/2428/920 1044/2891/1079 915/2397/908
f 994/2768/1053 1035/2767/1052 1120/2892/1090
f 1025/2893/1051 942/2702/970 1015/2894/1071
f 942/2625/970 1005/2743/1029 1045/2895/1091
f 917/2705/924 1045/2896/1091 1005/2706/1029
f 936/2527/955 952/2613/989 1037/2897/1081
f 946/2898/962 1046/2899/1092 937/2678/963
f 986/2790/1018 1027/2789/1058 1026/2900/1083
f 1090/2901/1093 1049/2902/1006 955/2547/964
f 898/2507/928 997/2758/1047 1008/2903/1035
f 965/2725/994 1066/2904/1094 882/2470/938
f 899/2662/939 838/2356/894 1020/2905/1095
f 957/2588/984 976/2801/996 1050/2906/1096
f 976/2907/996 1041/2908/1021 1021/2909/1097
f 988/2686/1022 1125/2879/1087 1033/2842/1077
f 1014/2760/1048 1013/2841/1064 1135/2910/1098
f 909/2911/875 1215/2912/1099 839/2146/821
f 913/2489/944 1054/2880/1088 860/2346/888
f 809/2201/837 1149/2813/1065 913/2490/944
f 1042/2913/1100 999/2914/1038 1043/2915/1089
f 1042/2913/1101 1043/2915/1102 1034/2916/1103
f 1043/2917/1089 1055/2918/1104 1042/2919/1100
f 1042/2920/1100 1055/2921/1104 999/2922/1038
f 949/2923/1014 1055/2918/1104 1043/2917/1089
f 889/2428/920 992/2742/1042 1035/2890/1052
f 950/2605/987 888/2425/918 1056/2924/1105
f 981/2708/980 1059/2925/1106 995/2709/1030
f 980/2926/1000 1036/2927/1080 972/2928/1003
f 981/2582/980 1061/2929/1107 1059/2930/1106
f 981/2931/980 1113/2932/979 1061/2933/1107
f 973/2934/1005 1062/2935/1082 946/2936/962
f 923/2402/910 1047/2787/1057 1027/2789/1058
f 964/2631/995 1073/2937/1108 1028/2938/1072
f 1028/2830/1072 1065/2939/1109 1029/2831/1073
f 964/2631/995 974/2756/1007 1068/2940/1110
f 1009/2941/1074 1008/2942/1035 1032/2943/1111
f 965/2944/994 956/2945/993 1077/2946/1112
f 1069/2947/1076 1076/2948/1113 1010/2949/1008
f 882/2470/938 1066/2904/1094 1011/2950/1020
f 1076/2948/1113 1012/2951/1062 1010/2949/1008
f 996/2952/1010 957/2953/984 1095/2954/1114
f 908/2436/922 1052/2955/1115 909/2312/875
f 878/2381/904 998/2728/997 900/2956/929
f 993/2957/966 1057/2958/1116 949/2959/1014
f 940/2555/967 1015/2960/1071 1044/2862/1079
f 969/2826/999 994/2825/1053 1067/2961/1117
f 917/2705/924 1060/2711/1031 1045/2896/1091
f 922/2828/951 1037/2865/1081 1007/2751/1045
f 952/2613/989 982/2962/1004 1037/2897/1081
f 985/2870/1032 1026/2869/1083 1064/2963/1118
f 955/2791/964 1030/2793/1059 1090/2964/1093
f 964/2965/995 1068/2966/1110 1073/2967/1108
f 1008/2942/1035 1133/2968/1119 1032/2943/1111
f 1010/2969/1008 1066/2970/1094 1040/2971/1075
f 957/2588/984 1050/2906/1096 1095/2972/1114
f 899/2662/939 1020/2905/1095 1019/2973/906
f 966/2840/1011 1070/2974/1120 1041/2684/1021
f 1070/2975/1120 1021/2976/1097 1041/2977/1021
f 1014/2760/1048 1135/2910/1098 967/2514/952
f 910/2508/949 1097/2978/1121 939/2537/959
f 888/2425/918 968/2762/1050 1056/2924/1105
f 993/2979/966 1016/2980/1015 1057/2981/1116
f 915/2397/908 1044/2891/1079 1098/2982/1122
f 915/2983/908 1098/2984/1122 1003/2853/1068
f 978/2985/1054 1016/2986/1015 993/2987/966
f 942/2702/970 1045/2988/1091 1015/2894/1071
f 979/2989/1043 1058/2990/1055 1138/2991/1123
f 1139/2992/1028 1060/2993/1031 921/2994/947
f 868/2361/897 984/2995/1016 1071/2996/1124
f 985/2997/1032 1088/2998/1125 983/2999/1056
f 1071/2996/1124 1063/3000/1033 868/2361/897
f 937/2678/963 1046/2899/1092 1039/2677/1019
f 1048/2871/1084 1073/3001/1108 974/2872/1007
f 1048/3002/1084 931/3003/957 1074/3004/1126
f 965/2725/994 1077/3005/1112 1066/2904/1094
f 1010/3006/1008 1078/3007/1127 1066/3008/1094
f 1066/2904/1094 1079/3009/1128 1011/2950/1020
f 1066/2904/1094 1078/3010/1127 1079/3009/1128
f 1010/2969/1008 1079/3011/1128 1078/3012/1127
f 1011/2950/1020 1079/3009/1128 1010/3013/1008
f 966/2840/1011 886/3014/917 1070/2974/1120
f 1051/3015/1063 1096/3016/1129 838/3017/894
f 909/2312/875 1052/2955/1115 1215/3018/1099
f 998/2728/997 1080/3019/1130 900/2956/929
f 949/2698/1014 1057/3020/1116 1082/3021/1131
f 1002/3022/1041 1084/3023/1132 1083/3024/1133
f 1083/3024/1133 1084/3023/1134 1085/3025/1135
f 950/2739/987 1084/3026/1132 1002/3027/1041
f 1083/3028/1136 994/2768/1053 1084/3029/1134
f 950/3030/987 1083/3031/1136 1084/3032/1132
f 978/2777/1054 1086/3033/1137 1058/2775/1055
f 983/2785/1056 1087/3034/1138 982/2646/1004
f 1062/2935/1082 984/3035/1016 946/2936/962
f 983/2785/1056 1089/3036/1139 1087/3034/1138
f 1087/3037/1138 1089/3038/1140 982/3039/1004
f 983/2999/1056 1088/2998/1125 1089/3040/1139
f 1088/3041/1141 1089/3038/1142 1087/3037/1143
f 984/3035/1016 1046/3042/1092 946/2936/962
f 985/3043/1032 1089/3038/1140 1088/3041/1125
f 1064/3044/1118 1089/3038/1140 985/3043/1032
f 1028/2938/1072 1142/3045/1144 1065/3046/1109
f 1028/2938/1072 1073/2937/1108 1072/3047/1145
f 1048/3002/1084 1074/3004/1126 1091/3048/1146
f 1048/3049/1084 1091/3050/1146 1073/3051/1108
f 1030/3052/1059 1009/3053/1074 1075/3054/1147
f 1073/3055/1108 1092/3056/1148 974/2872/1007
f 1073/2967/1108 1068/2966/1110 1092/3057/1148
f 1031/3058/1085 996/2952/1010 1095/2954/1114
f 1017/3059/1060 1093/3060/1149 1018/3061/1061
f 1079/3062/1150 1110/3063/1151 1078/3064/1152
f 1018/3065/1061 1094/3066/1153 956/2945/993
f 976/2907/996 1021/2909/1097 1050/3067/1096
f 838/2356/894 1096/3068/1129 1020/2905/1095
f 939/3069/959 1097/3070/1121 998/2634/997
f 949/2698/1014 1082/3021/1131 1149/2813/1065
f 1098/2984/1122 951/3071/991 1003/2853/1068
f 978/3072/1054 1127/3073/1078 1086/3074/1137
f 1083/3075/1136 950/2739/987 994/3076/1053
f 1083/3024/1133 1085/3025/1135 1002/3022/1041
f 994/2768/1053 1120/2892/1090 1084/3029/1134
f 1084/3029/1134 1120/2892/1090 1085/3077/1135
f 1015/3078/1071 1098/3079/1122 1044/2862/1079
f 1016/2671/1015 1099/3080/1154 1217/3081/1155
f 969/3082/999 1006/3083/1044 963/3084/992
f 1016/2671/1015 995/2744/1030 1099/3080/1154
f 970/2644/1002 971/2643/1001 1129/3085/1156
f 1101/3086/1157 1062/2866/1082 1007/2751/1045
f 982/3039/1004 1089/3038/1140 1064/3044/1118
f 984/3087/1016 1063/3088/1033 1046/3089/1092
f 1155/3090/1158 1039/2677/1019 1046/2899/1092
f 1142/3045/1144 1028/2938/1072 1072/3047/1145
f 1115/3091/1159 1030/2793/1059 1114/3092/1160
f 1104/2721/1034 837/2406/871 1049/2651/1006
f 1090/2964/1093 1030/2793/1059 1115/3091/1159
f 1074/3093/1126 931/2755/957 954/2754/981
f 1030/3052/1059 1075/3054/1147 1105/3094/1161
f 1075/3054/1147 1009/3053/1074 1107/3095/1162
f 1108/3096/1163 1029/2831/1073 1065/2939/1109
f 1109/3097/1164 1068/3098/1110 974/3099/1007
f 1109/3097/1164 974/3099/1007 1092/3100/1148
f 1108/3101/1163 1017/3102/1060 1029/3103/1073
f 1008/2942/1035 997/3104/1047 1116/3105/1165
f 1017/3106/1060 1117/3107/1166 1093/3108/1149
f 1077/3109/1112 956/3110/993 1093/3111/1167
f 1093/3112/1167 956/2945/993 1094/3066/1153
f 1111/3113/1168 959/2664/1012 1012/2800/1062
f 1050/3114/1096 1021/3115/1097 1123/3116/1169
f 1125/2879/1087 839/2146/821 1215/2912/1099
f 999/3117/1038 1055/3118/1104 1127/3119/1078
f 1119/3120/1170 1055/3121/1104 949/3122/1014
f 1081/3123/1171 992/2742/1042 1002/2741/1041
f 1016/3124/1015 1082/3125/1131 1057/3126/1116
f 1138/3127/1123 1005/3128/1029 979/3129/1043
f 1037/2865/1081 982/2783/1004 1102/3130/1172
f 1064/2963/1118 1026/2869/1083 1103/3131/1173
f 1047/2787/1057 1026/2900/1083 1027/2789/1058
f 1075/3132/1174 1106/3133/1175 1107/3134/1176
f 1092/3135/1148 1157/3136/1177 1077/3137/1112
f 1092/3100/1148 1077/3138/1112 1109/3097/1164
f 1116/3139/1165 997/3140/1047 1031/3141/1085
f 1109/3142/1164 1077/3143/1112 1117/3107/1166
f 1117/3144/1166 1018/3145/1061 1093/3146/1149
f 1117/3147/1166 1094/3148/1153 1018/3149/1061
f 1093/3112/1167 1094/3066/1153 1077/2946/1112
f 1020/2905/1095 1096/3068/1129 1019/3150/906
f 1159/3151/1178 908/2436/922 1163/2878/1086
f 908/2436/922 1159/3151/1178 1052/2955/1115
f 961/3152/1023 989/3153/1024 1112/3154/1037
f 911/3155/954 989/3156/1024 1118/3157/1179
f 1119/3120/1170 1127/3158/1078 1055/3121/1104
f 1081/3159/1171 1002/3160/1041 1085/3161/1135
f 1056/3162/1105 1192/3163/1180 950/3164/987
f 1100/3165/1181 1005/3128/1029 1130/3166/1182
f 1138/3127/1123 1130/3166/1182 1005/3128/1029
f 1045/2896/1091 1060/2711/1031 1100/3167/1181
f 1100/3168/1181 1121/3169/1183 1005/3170/1029
f 1063/3171/1033 1071/3172/1124 1046/3042/1092
f 1038/3173/1017 880/2404/911 843/2484/860
f 1049/2902/1006 1090/3174/1093 1115/3175/1159
f 1073/2937/1108 1091/3176/1146 1072/3047/1145
f 1030/3052/1059 1105/3094/1161 1114/3177/1160
f 1075/3054/1147 1107/3095/1162 1105/3094/1161
f 1107/3095/1162 1009/3053/1074 1105/3094/1161
f 1008/2942/1035 1116/3105/1165 1133/2968/1119
f 1092/3135/1148 1068/3178/1110 1157/3136/1177
f 1017/3102/1060 1122/3179/1184 1117/3180/1166
f 1108/3096/1163 1122/3181/1184 1017/3182/1060
f 1009/3053/1074 1032/3183/1111 1105/3094/1161
f 959/2664/1012 1111/3113/1168 1051/3015/1063
f 886/2422/917 1134/3184/1185 1124/3185/1186
f 998/2634/997 1097/3070/1121 1080/3186/1130
f 900/2449/929 1126/3187/1187 827/2475/856
f 1054/2880/1088 1148/3188/1188 990/2881/1025
f 949/3189/1014 999/3190/1038 1119/3191/1170
f 951/3071/991 1098/2984/1122 1127/3192/1078
f 1120/2892/1090 1035/2767/1052 992/3193/1042
f 1015/2894/1071 1128/3194/1189 1098/3195/1122
f 1045/2988/1091 1138/3196/1123 1015/2894/1071
f 1067/2961/1117 1006/3197/1044 969/2826/999
f 1006/3198/1044 1139/3199/1028 963/3200/992
f 1036/2863/1080 1006/2749/1044 1067/3201/1117
f 970/2748/1002 1129/3202/1156 1006/2749/1044
f 1100/3203/1181 1130/3204/1182 1045/3205/1091
f 1047/2787/1057 919/2752/956 1131/3206/1190
f 1038/2675/1017 918/2463/937 1184/3207/1191
f 1103/3208/1173 1026/2900/1083 1047/2787/1057
f 1077/3005/1112 1157/3209/1177 1066/2904/1094
f 1077/3210/1112 1094/3211/1153 1117/3212/1166
f 1070/3213/1120 1143/3214/1192 1021/2909/1097
f 1097/2978/1121 910/2508/949 1022/2761/1049
f 1080/3186/1130 1097/3070/1121 1240/3215/1193
f 1112/2727/1037 1175/3216/1194 1022/2761/1049
f 1119/3217/1170 1086/3033/1137 1127/2851/1078
f 1120/2892/1090 992/3218/1042 1085/3077/1135
f 1016/3124/1015 1137/3219/1195 1082/3125/1131
f 1045/3220/1091 1121/3221/1196 1138/3222/1123
f 1045/3205/1091 1130/3204/1182 1121/3223/1196
f 1113/2579/979 1005/2781/1029 1243/3224/1197
f 1102/3130/1172 982/2783/1004 1140/3225/1198
f 918/3226/937 1039/3227/1019 1184/3228/1191
f 1142/3229/1144 1091/3176/1146 1132/3230/1199
f 1142/3231/1144 1072/3047/1145 1091/3176/1146
f 1069/2836/1076 1040/3232/1075 1076/3233/1113
f 1068/3234/1110 1109/3235/1164 1157/3209/1177
f 1109/3236/1164 1117/3180/1166 1187/3237/1200
f 1031/3058/1085 1095/2954/1114 1116/3238/1165
f 1032/3239/1111 1133/3240/1119 1158/3241/1201
f 886/3242/917 1143/3243/1192 1070/3244/1120
f 1021/2909/1097 1144/3245/1202 1123/3246/1169
f 1021/2909/1097 1143/3214/1192 1144/3245/1202
f 1013/3247/1064 1033/3248/1077 1145/3249/1203
f 1013/2841/1064 1145/3250/1203 1135/2910/1098
f 1125/2879/1087 1215/2912/1099 1146/3251/1204
f 989/3156/1024 961/3252/1023 1166/3253/1205
f 989/3156/1024 1166/3253/1205 1118/3157/1179
f 1112/2727/1037 989/2692/1024 1147/3254/1206
f 990/3255/1025 1136/3256/1207 1147/3257/1206
f 990/2881/1025 1148/3188/1188 1136/3258/1207
f 989/2692/1024 990/2693/1025 1147/3254/1206
f 968/3259/1050 1167/3260/1208 1056/3261/1105
f 1167/3262/1208 1192/3163/1180 1056/3162/1105
f 1151/3263/1209 1152/3264/1210 1137/3265/1211
f 1137/3266/1195 1152/3267/1212 1150/3268/1213
f 1150/3269/1213 1082/3125/1131 1137/3219/1195
f 1137/3266/1195 1217/3270/1155 1152/3267/1212
f 1137/3271/1195 1016/2671/1015 1217/3081/1155
f 994/2825/1053 1200/3272/1214 1067/2961/1117
f 1138/3273/1123 1121/3274/1196 1130/3275/1182
f 1062/2866/1082 1168/3276/1215 1161/3277/1216
f 1062/2866/1082 1153/3278/1217 984/2673/1016
f 1140/3279/1198 982/3280/1004 1154/3281/1218
f 984/2673/1016 1153/3278/1217 1071/3282/1124
f 1047/2787/1057 1131/3206/1190 1103/3208/1173
f 1155/3090/1158 1046/2899/1092 1071/3283/1124
f 1184/3228/1191 1039/3227/1019 1155/3284/1158
f 1114/3092/1160 1156/3285/1219 1115/3091/1159
f 1091/3286/1146 1074/3004/1126 1132/3287/1199
f 1066/2970/1094 1157/3288/1177 1040/2971/1075
f 886/3242/917 1124/3289/1186 1143/3243/1192
f 886/2422/917 1053/2726/1036 1134/3184/1185
f 1152/3290/1212 1217/3081/1155 1150/3291/1213
f 1098/3195/1122 1128/3194/1189 1160/3292/1220
f 1086/3293/1137 1160/3294/1220 1058/2990/1055
f 1128/3194/1189 1015/2894/1071 1138/3196/1123
f 1058/2990/1055 1128/3295/1189 1138/2991/1123
f 995/3296/1030 1059/2925/1106 1099/3297/1154
f 1062/2866/1082 1101/3086/1157 1168/3276/1215
f 1161/3277/1216 1153/3278/1217 1062/2866/1082
f 1140/3279/1198 1154/3281/1218 1162/3298/1221
f 982/3039/1004 1064/3044/1118 1154/3299/1218
f 1184/3228/1191 1155/3300/1158 1071/3301/1124
f 1105/3094/1161 1032/3183/1111 1158/3302/1201
f 1117/3303/1166 1122/3304/1184 1108/3305/1163
f 1095/2954/1114 1189/3306/1222 1116/3238/1165
f 1095/3307/1114 1050/3308/1096 1189/3309/1222
f 1012/2951/1062 1214/3310/1223 1111/3311/1168
f 1096/3068/1129 1163/3312/1086 1019/3150/906
f 1171/3313/1224 1096/3314/1129 1051/3315/1063
f 1125/2879/1087 1146/3251/1204 1033/2842/1077
f 911/3316/954 1165/3317/1225 961/3318/1023
f 911/3316/954 1118/3319/1179 1165/3317/1225
f 1121/3320/1183 1100/3321/1181 1208/3322/1226
f 1036/2927/1080 1218/3323/1227 972/2928/1003
f 972/3324/1003 1435/3325/1228 971/3326/1001
f 1037/2865/1081 1256/3327/1229 1007/2751/1045
f 1007/2751/1045 1141/3328/1230 1101/3086/1157
f 1037/2865/1081 1102/3130/1172 1256/3327/1229
f 1115/3175/1159 1156/3329/1219 1274/3330/1231
f 1115/3175/1159 1274/3330/1231 1049/2902/1006
f 1040/2971/1075 1157/3288/1177 1169/3331/1232
f 1133/2968/1119 1170/3332/1233 1158/3333/1201
f 1050/3067/1096 1123/3246/1169 1204/3334/1234
f 1111/3113/1168 1171/3335/1224 1051/3015/1063
f 1096/3336/1129 1159/3337/1178 1163/3338/1086
f 1124/3339/1186 1134/3340/1185 1143/3341/1192
f 1143/3342/1192 1164/3343/1235 1144/3344/1202
f 1171/3345/1224 1172/3346/1236 1096/3347/1129
f 1172/3348/1236 1159/3349/1178 1096/3314/1129
f 1143/3350/1192 1173/3351/1237 1164/3352/1235
f 1134/3340/1185 1173/3353/1237 1143/3341/1192
f 1175/3216/1194 1191/3354/1238 1022/2761/1049
f 1085/3355/1135 992/3356/1042 1081/3357/1171
f 999/3358/1038 1086/3359/1137 1119/3360/1170
f 1192/3361/1180 1288/3362/1239 950/3363/987
f 950/3364/987 1200/3272/1214 994/2825/1053
f 1067/3201/1117 1200/3365/1214 1036/2863/1080
f 1007/2751/1045 1176/3366/1240 1141/3328/1230
f 1007/2751/1045 1256/3327/1229 1176/3366/1240
f 1169/3367/1241 1177/3368/1242 1178/3369/1243
f 1169/3367/1232 1178/3369/1244 1040/3370/1075
f 1040/3370/1075 1178/3369/1244 1188/3371/1245
f 1116/3105/1165 1186/3372/1246 1133/2968/1119
f 1040/3373/1075 1188/3374/1245 1076/2948/1113
f 1109/3235/1164 1188/3375/1245 1157/3209/1177
f 1117/3376/1166 1108/3377/1163 1187/3378/1200
f 1123/3379/1169 1144/3344/1202 1190/3380/1247
f 1171/3335/1224 1179/3381/1248 1172/3382/1236
f 1180/3383/1249 1173/3353/1237 1134/3340/1185
f 999/3384/1038 1127/3385/1078 1182/3386/1250
f 999/3358/1038 1182/3387/1250 1086/3359/1137
f 1098/3195/1122 1182/3386/1250 1127/3388/1078
f 1098/3195/1122 1160/3292/1220 1182/3386/1250
f 1182/3389/1250 1160/3294/1220 1086/3293/1137
f 1006/3390/1044 1129/3391/1156 1139/3392/1028
f 1139/2827/1028 1183/3393/1251 1060/3394/1031
f 1121/3395/1183 1243/3224/1197 1005/2781/1029
f 1178/3369/1244 1169/3367/1232 1188/3371/1245
f 1109/3235/1164 1187/3396/1200 1188/3375/1245
f 1105/3397/1161 1158/3398/1201 1170/3399/1233
f 1076/2948/1113 1214/3310/1223 1012/2951/1062
f 1204/3400/1234 1123/3401/1169 1205/3402/1252
f 827/2475/856 1126/3187/1187 968/3403/1050
f 913/2490/944 1149/2813/1065 1054/3404/1088
f 1150/3291/1213 1217/3081/1155 1207/3405/1253
f 950/3364/987 1288/3406/1239 1200/3272/1214
f 1160/3407/1220 1128/3408/1189 1058/3409/1055
f 1036/2863/1080 1200/3365/1214 1231/3410/1254
f 972/2928/1003 1218/3323/1227 1435/3411/1228
f 1142/3045/1144 1194/3412/1255 1065/3046/1109
f 1065/2939/1109 1195/3413/1256 1108/3096/1163
f 1169/3414/1232 1157/3209/1177 1188/3375/1245
f 1116/3238/1165 1189/3306/1222 1186/3415/1246
f 1214/3416/1223 1196/3417/1257 1111/3113/1168
f 1171/3335/1224 1198/3418/1258 1179/3381/1248
f 1172/3348/1236 1052/3419/1115 1159/3349/1178
f 1053/3420/1036 1180/3383/1249 1134/3340/1185
f 961/3421/1023 1165/3422/1225 1166/3423/1205
f 1082/3125/1131 1150/3269/1213 1149/3424/1065
f 1060/2711/1031 1183/3425/1251 1100/3167/1181
f 1140/3225/1198 1201/3426/1259 1102/3130/1172
f 1274/3330/1231 1234/3427/1260 1049/2902/1006
f 1105/3094/1161 1185/3428/1261 1114/3177/1160
f 1133/3429/1119 1186/3430/1246 1202/3431/1262
f 1170/3432/1233 1203/3433/1263 1105/3434/1161
f 1050/3435/1096 1204/3436/1234 1189/3306/1222
f 1190/3437/1247 1205/3402/1252 1123/3401/1169
f 1144/3344/1202 1164/3343/1235 1190/3380/1247
f 1111/3113/1168 1198/3418/1258 1171/3335/1224
f 1173/3351/1237 1216/3438/1264 1164/3352/1235
f 1149/3424/1065 1150/3269/1213 1207/3439/1253
f 1100/3167/1181 1183/3425/1251 1208/3440/1226
f 971/2643/1001 1193/3441/1265 1129/3085/1156
f 1102/3130/1172 1210/3442/1266 1256/3327/1229
f 1176/3366/1240 1256/3327/1229 1209/3443/1267
f 1161/3444/1216 1211/3445/1268 1153/3446/1217
f 1114/3092/1160 1212/3447/1269 1156/3285/1219
f 1142/3045/1144 1132/3230/1199 1194/3412/1255
f 1065/3448/1109 1194/3449/1255 1195/3450/1256
f 954/3451/981 1226/3452/1270 1074/3453/1126
f 1133/3454/1119 1202/3455/1262 1170/3456/1233
f 1108/3457/1163 1213/3458/1271 1187/3237/1200
f 1111/3113/1168 1197/3459/1272 1198/3418/1258
f 967/2514/952 1174/3460/1273 1053/3461/1036
f 1173/3351/1237 1199/3462/1274 1216/3438/1264
f 968/3463/1050 1126/3464/1187 1167/3465/1208
f 1167/3465/1208 1288/3406/1239 1192/3466/1180
f 1036/2863/1080 1231/3410/1254 1218/3467/1227
f 1121/3395/1183 1208/3468/1226 1243/3224/1197
f 1435/3325/1228 1193/3469/1265 971/3326/1001
f 1210/3442/1266 1219/3470/1275 1256/3327/1229
f 1210/3442/1276 1220/3471/1277 1219/3470/1278
f 1102/3130/1172 1219/3470/1275 1210/3442/1266
f 1102/3130/1172 1201/3426/1259 1219/3470/1275
f 1049/2651/1006 1234/3472/1260 1104/2721/1034
f 1203/3473/1263 1221/3474/1279 1105/3094/1161
f 1170/3456/1233 1202/3455/1262 1203/3475/1263
f 1145/3250/1203 1302/3476/1280 1135/2910/1098
f 967/2514/952 1135/2910/1098 1174/3477/1273
f 1172/3348/1236 1222/3478/1281 1052/3419/1115
f 1180/3383/1249 1245/3479/1282 1173/3353/1237
f 1245/3479/1282 1199/3480/1274 1173/3353/1237
f 1097/3481/1121 1181/3482/1283 1223/3483/1284
f 1097/2978/1121 1022/2761/1049 1181/3484/1283
f 1126/3464/1187 1288/3406/1239 1167/3465/1208
f 1139/2827/1028 1129/3485/1156 1183/3393/1251
f 1113/2932/979 1225/3486/1285 1061/2933/1107
f 1132/3287/1199 1074/3004/1126 1226/3487/1270
f 1186/3488/1246 1227/3489/1286 1202/3490/1262
f 1202/3455/1262 1221/3491/1279 1203/3475/1263
f 1076/3492/1113 1228/3493/1287 1214/3494/1223
f 1196/3417/1257 1197/3459/1272 1111/3113/1168
f 1146/3495/1204 1145/3249/1203 1033/3248/1077
f 1237/3496/1288 1215/3497/1099 1052/2955/1115
f 1179/3498/1248 1206/3499/1289 1172/3348/1236
f 1172/3348/1236 1206/3500/1289 1222/3478/1281
f 1022/2761/1049 1224/3501/1290 1181/3484/1283
f 1136/3502/1207 1230/3503/1291 1147/3504/1206
f 1080/3019/1130 1240/3505/1193 900/2956/929
f 1064/3506/1118 1103/3507/1173 1154/3508/1218
f 1131/3206/1190 1233/3509/1292 1103/3208/1173
f 880/2404/911 1226/3510/1270 954/2583/981
f 1202/3490/1262 1227/3489/1286 1235/3511/1293
f 1188/3512/1245 1187/3237/1200 1244/3513/1294
f 1187/3237/1200 1213/3458/1271 1244/3513/1294
f 1204/3334/1234 1265/3514/1295 1189/3515/1222
f 1213/3458/1271 1229/3516/1296 1244/3513/1294
f 1229/3516/1296 1236/3517/1297 1244/3513/1294
f 1222/3478/1281 1237/3518/1288 1052/3419/1115
f 1223/3519/1284 1240/3520/1193 1097/3521/1121
f 1175/3522/1194 1112/3523/1037 1284/3524/1298
f 1129/3485/1156 1241/3525/1299 1242/3526/1300
f 1129/3485/1156 1242/3526/1300 1183/3393/1251
f 1129/3085/1156 1193/3441/1265 1232/3527/1301
f 1219/3470/1275 1201/3426/1259 1256/3327/1229
f 1153/3528/1217 1184/3529/1191 1071/3283/1124
f 1264/3530/1302 1228/3531/1287 1076/2948/1113
f 1228/3531/1287 1268/3532/1303 1214/3533/1223
f 1165/3534/1225 1118/3535/1179 1246/3536/1304
f 1240/3520/1193 1223/3519/1284 1238/3537/1305
f 1239/3538/1306 1224/3501/1290 1022/2761/1049
f 1147/3254/1206 1284/3539/1298 1112/2727/1037
f 1241/3540/1307 1247/3541/1308 1253/3542/1309
f 1129/3543/1156 1247/3541/1310 1241/3540/1299
f 1129/3485/1156 1232/3544/1301 1247/3545/1310
f 1253/3546/1311 1248/3547/1312 1249/3548/1313
f 1248/3547/1312 1250/3549/1314 1249/3548/1313
f 1250/3550/1315 1208/3551/1226 1183/3552/1251
f 1253/3546/1309 1248/3547/1316 1241/3553/1307
f 1250/3549/1315 1183/3554/1251 1248/3547/1317
f 1241/3555/1299 1232/3527/1301 1242/3556/1300
f 1232/3527/1301 1193/3441/1265 1242/3556/1300
f 1242/3556/1300 1193/3441/1265 1243/3557/1197
f 1242/3558/1300 1243/3559/1197 1208/3560/1226
f 1233/3561/1318 1252/3562/1319 1251/3563/1320
f 1233/3509/1292 1131/3206/1190 1252/3564/1321
f 1076/2948/1113 1188/3374/1245 1264/3530/1302
f 1221/3565/1279 1202/3566/1262 1235/3511/1293
f 1164/3352/1235 1216/3438/1264 1270/3567/1322
f 1053/3420/1036 1245/3479/1282 1180/3383/1249
f 900/2956/929 1240/3505/1193 1262/3568/1323
f 1284/3524/1298 1320/3569/1324 1175/3522/1194
f 1239/3538/1306 1022/2761/1049 1191/3354/1238
f 1247/3570/1325 1253/3546/1326 1248/3547/1327
f 1248/3571/1328 1254/3572/1329 1250/3573/1315
f 1253/3574/1330 1254/3575/1331 1248/3576/1332
f 1250/3577/1315 1242/3578/1300 1208/3579/1226
f 1254/3575/1329 1242/3580/1300 1250/3581/1315
f 1241/3582/1299 1247/3583/1310 1232/3584/1301
f 1248/3585/1316 1247/3586/1333 1241/3587/1307
f 1183/3588/1251 1254/3575/1329 1248/3576/1317
f 1183/3588/1251 1242/3580/1300 1254/3575/1329
f 1059/2930/1106 1061/2929/1107 1417/3589/1334
f 1257/3590/1335 1103/3208/1173 1233/3509/1292
f 1257/3590/1335 1233/3509/1292 1252/3564/1321
f 1257/3590/1335 1252/3564/1321 1131/3206/1190
f 1114/3591/1160 1185/3592/1261 1212/3593/1269
f 1185/3428/1261 1105/3094/1161 1221/3474/1279
f 1189/3306/1222 1265/3594/1295 1186/3415/1246
f 1268/3532/1303 1196/3595/1257 1214/3533/1223
f 1190/3380/1247 1164/3343/1235 1259/3596/1336
f 1222/3478/1281 1260/3597/1337 1237/3518/1288
f 1179/3381/1248 1261/3598/1338 1206/3599/1289
f 1136/3502/1207 1305/3600/1339 1230/3601/1291
f 1126/3187/1187 900/2449/929 1262/3602/1323
f 1149/3424/1065 1207/3439/1253 1271/3603/1340
f 1255/3604/1341 1061/2933/1107 1263/3605/1342
f 1186/3606/1246 1265/3607/1295 1227/3608/1286
f 1188/3512/1245 1244/3513/1294 1277/3609/1343
f 1268/3532/1303 1228/3531/1287 1264/3530/1302
f 1265/3594/1295 1204/3610/1234 1266/3611/1344
f 1235/3612/1293 1258/3613/1345 1221/3614/1279
f 1204/3615/1234 1205/3616/1252 1266/3617/1344
f 1244/3513/1294 1236/3517/1297 1279/3618/1346
f 1190/3619/1247 1280/3620/1347 1205/3621/1252
f 1190/3380/1247 1259/3596/1336 1280/3622/1347
f 1164/3352/1235 1270/3567/1322 1259/3623/1336
f 1174/3624/1273 1297/3625/1348 1053/3420/1036
f 1215/3497/1099 1237/3496/1288 1260/3626/1337
f 1118/3627/1179 1166/3628/1205 1283/3629/1349
f 1147/3630/1206 1230/3631/1291 1285/3632/1350
f 1054/2880/1088 1271/3633/1340 1148/3188/1188
f 1054/2880/1088 1149/3634/1065 1271/3633/1340
f 1288/3406/1239 1293/3635/1351 1200/3272/1214
f 1255/3604/1341 1322/3636/1352 1061/2933/1107
f 1061/2933/1107 1225/3486/1285 1263/3605/1342
f 1263/3637/1353 1273/3638/1354 1255/3639/1355
f 1140/3225/1198 1345/3640/1356 1201/3426/1259
f 1154/3508/1218 1289/3641/1357 1162/3642/1221
f 1156/3285/1219 1212/3447/1269 1275/3643/1358
f 1227/3644/1286 1265/3645/1295 1276/3646/1359
f 1229/3647/1296 1213/3648/1271 1278/3649/1360
f 1278/3649/1360 1236/3650/1297 1229/3647/1296
f 1258/3651/1345 1276/3652/1359 1267/3653/1361
f 1196/3595/1257 1281/3654/1362 1197/3655/1272
f 1197/3656/1272 1281/3654/1362 1198/3657/1258
f 1135/2910/1098 1333/3658/1363 1174/3477/1273
f 1284/3539/1298 1147/3254/1206 1285/3659/1350
f 1287/3660/1364 1286/3661/1365 1126/3662/1187
f 1286/3663/1365 1288/3664/1239 1126/3665/1187
f 1207/3405/1253 1217/3081/1155 1310/3666/1366
f 1322/3667/1352 1417/3589/1334 1061/2929/1107
f 1225/3486/1285 1255/3604/1341 1263/3605/1342
f 1264/3668/1302 1188/3512/1245 1277/3609/1343
f 1227/3669/1286 1276/3670/1359 1235/3671/1293
f 1276/3672/1359 1258/3673/1345 1235/3671/1293
f 1301/3674/1367 1205/3621/1252 1280/3620/1347
f 1269/3675/1368 1145/3676/1203 1146/3251/1204
f 1333/3658/1363 1135/2910/1098 1302/3476/1280
f 1198/3418/1258 1291/3677/1369 1179/3381/1248
f 1245/3479/1282 1246/3678/1304 1199/3480/1274
f 1222/3679/1281 1223/3483/1284 1181/3482/1283
f 1262/3568/1323 1240/3505/1193 1319/3680/1370
f 1307/3681/1371 1286/3661/1365 1287/3660/1364
f 1272/3682/1372 1239/3683/1306 1191/3684/1238
f 1231/3410/1254 1200/3365/1214 1294/3685/1373
f 1231/3410/1254 1295/3686/1374 1218/3687/1227
f 1225/3486/1285 1322/3636/1352 1255/3604/1341
f 1154/3508/1218 1103/3507/1173 1289/3641/1357
f 1276/3652/1359 1265/3688/1295 1314/3689/1375
f 1279/3618/1346 1315/3690/1376 1244/3513/1294
f 1146/3691/1204 1341/3692/1377 1269/3693/1368
f 1146/3691/1204 1215/3694/1099 1341/3692/1377
f 1282/3695/1378 1261/3598/1338 1179/3381/1248
f 1206/3500/1289 1223/3696/1284 1222/3478/1281
f 1206/3500/1289 1316/3697/1379 1223/3696/1284
f 1199/3462/1274 1246/3698/1304 1292/3699/1380
f 1165/3700/1225 1283/3629/1349 1166/3628/1205
f 1175/3522/1194 1272/3682/1372 1191/3684/1238
f 1217/3081/1155 1350/3701/1381 1321/3702/1382
f 1099/3080/1154 1350/3701/1381 1217/3081/1155
f 1059/3703/1106 1350/3704/1381 1099/3705/1154
f 1131/3706/1190 919/2530/956 1300/3707/1383
f 1132/3230/1199 1290/3708/1384 1194/3412/1255
f 1265/3594/1295 1266/3611/1344 1314/3709/1375
f 1279/3710/1346 1236/3711/1297 1278/3712/1360
f 1276/3652/1359 1314/3689/1375 1267/3653/1361
f 1280/3713/1347 1259/3714/1336 1296/3715/1385
f 1269/3675/1368 1302/3476/1280 1145/3676/1203
f 1179/3381/1248 1291/3677/1369 1282/3695/1378
f 1297/3625/1348 1245/3479/1282 1053/3420/1036
f 1216/3438/1264 1199/3462/1274 1292/3699/1380
f 1261/3598/1338 1316/3716/1379 1206/3599/1289
f 1165/3700/1225 1304/3717/1386 1283/3629/1349
f 1118/3718/1179 1305/3719/1339 1246/3698/1304
f 1283/3720/1349 1305/3719/1339 1118/3718/1179
f 1126/3662/1187 1262/3721/1323 1287/3660/1364
f 1239/3722/1306 1272/3723/1372 1224/3724/1290
f 1136/3725/1207 1148/3188/1188 1271/3633/1340
f 1175/3522/1194 1410/3726/1387 1272/3682/1372
f 1306/3727/1388 1310/3666/1366 1308/3728/1389
f 1271/3729/1340 1310/3730/1366 1306/3731/1388
f 1207/3405/1253 1310/3666/1366 1271/3732/1340
f 1286/3663/1365 1343/3733/1390 1288/3734/1239
f 1231/3410/1254 1294/3685/1373 1295/3686/1374
f 1059/3735/1106 1299/3736/1391 1350/3737/1381
f 1059/2930/1106 1417/3589/1334 1299/3738/1391
f 1168/3276/1215 1311/3739/1392 1161/3277/1216
f 1162/3642/1221 1345/3740/1356 1140/3741/1198
f 1168/3742/1215 1101/3743/1157 1311/3744/1392
f 1312/3745/1393 1101/3086/1157 1141/3328/1230
f 1176/3746/1240 1209/3443/1267 1141/3747/1230
f 1153/3528/1217 1211/3748/1268 1391/3749/1394
f 1391/3749/1394 1184/3529/1191 1153/3528/1217
f 1297/3625/1348 1174/3624/1273 1333/3750/1363
f 1215/3694/1099 1260/3597/1337 1341/3692/1377
f 1303/3751/1395 1318/3752/1396 1317/3753/1397
f 1303/3754/1398 1317/3755/1399 1165/3756/1225
f 1303/3754/1398 1165/3756/1225 1246/3757/1304
f 1304/3758/1386 1165/3756/1225 1328/3759/1400
f 1328/3759/1400 1165/3756/1225 1317/3755/1399
f 1316/3697/1379 1262/3760/1323 1319/3761/1370
f 1230/3762/1291 1305/3763/1339 1283/3764/1349
f 1320/3765/1324 1284/3766/1298 1298/3767/1401
f 1319/3768/1370 1240/3520/1193 1238/3537/1305
f 1305/3769/1339 1136/3725/1207 1271/3633/1340
f 1271/3770/1340 1306/3771/1388 1292/3772/1380
f 1308/3728/1389 1310/3666/1366 1309/3773/1402
f 1310/3666/1366 1217/3081/1155 1321/3702/1382
f 1244/3513/1294 1315/3690/1376 1277/3609/1343
f 1213/3648/1271 1313/3774/1403 1278/3649/1360
f 1314/3689/1375 1332/3775/1404 1267/3653/1361
f 1269/3675/1368 1324/3776/1405 1302/3476/1280
f 1333/3750/1363 1325/3777/1406 1297/3625/1348
f 1198/3418/1258 1281/3778/1362 1291/3677/1369
f 1245/3479/1282 1328/3779/1400 1246/3678/1304
f 1328/3779/1400 1303/3780/1398 1246/3678/1304
f 1303/3754/1398 1328/3759/1400 1317/3755/1399
f 1292/3699/1380 1306/3727/1388 1334/3781/1407
f 1307/3681/1371 1287/3660/1364 1261/3782/1338
f 1306/3727/1388 1308/3728/1389 1334/3781/1407
f 1288/3783/1239 1330/3784/1408 1293/3785/1351
f 1156/3285/1219 1275/3643/1358 1274/3786/1231
f 1326/3787/1409 1226/3510/1270 880/2404/911
f 1234/3427/1260 1274/3330/1231 1327/3788/1410
f 1108/3096/1163 1313/3774/1403 1213/3648/1271
f 1264/3530/1302 1323/3789/1411 1268/3532/1303
f 1302/3476/1280 1324/3776/1405 1333/3658/1363
f 1316/3697/1379 1238/3790/1305 1223/3696/1284
f 1224/3501/1290 1329/3791/1412 1181/3484/1283
f 1316/3697/1379 1319/3761/1370 1238/3790/1305
f 1305/3719/1339 1292/3699/1380 1246/3698/1304
f 1284/3792/1298 1304/3793/1386 1298/3794/1401
f 1261/3795/1338 1287/3796/1364 1316/3797/1379
f 1316/3798/1379 1287/3660/1364 1262/3799/1323
f 1271/3800/1340 1292/3801/1380 1342/3802/1413
f 1307/3803/1371 1381/3804/1414 1286/3805/1365
f 1193/3469/1265 1435/3325/1228 1243/3806/1197
f 1311/3744/1392 1101/3743/1157 1312/3807/1393
f 1289/3641/1357 1103/3507/1173 1412/3808/1415
f 1331/3809/1416 1327/3788/1410 1274/3330/1231
f 1185/3428/1261 1221/3474/1279 1338/3810/1417
f 1279/3710/1346 1278/3712/1360 1315/3811/1376
f 1267/3812/1361 1354/3813/1418 1258/3814/1345
f 1332/3815/1404 1354/3813/1418 1267/3816/1361
f 1366/3817/1419 1245/3479/1282 1297/3625/1348
f 1216/3438/1264 1292/3699/1380 1334/3781/1407
f 1283/3818/1349 1304/3819/1386 1284/3820/1298
f 1379/3821/1420 1320/3765/1324 1298/3767/1401
f 1284/3820/1298 1285/3822/1350 1348/3823/1421
f 1348/3824/1421 1230/3825/1291 1283/3629/1349
f 1348/3826/1421 1285/3827/1350 1230/3828/1291
f 1305/3769/1339 1271/3633/1340 1342/3829/1413
f 1288/3830/1239 1343/3831/1390 1336/3832/1422
f 1330/3833/1408 1288/3406/1239 1336/3834/1422
f 1309/3773/1402 1310/3666/1366 1321/3702/1382
f 1344/3835/1423 1200/3365/1214 1293/3836/1351
f 1344/3835/1423 1294/3685/1373 1200/3365/1214
f 1337/3837/1424 1218/3323/1227 1295/3838/1374
f 1226/3839/1270 1326/3840/1409 1132/3230/1199
f 1323/3841/1411 1264/3668/1302 1277/3609/1343
f 1221/3474/1279 1258/3814/1345 1338/3810/1417
f 1259/3623/1336 1270/3567/1322 1365/3842/1425
f 1307/3843/1371 1261/3598/1338 1282/3695/1378
f 1298/3794/1401 1304/3793/1386 1348/3844/1426
f 1283/3845/1349 1284/3846/1298 1348/3847/1421
f 1305/3719/1339 1342/3848/1413 1292/3699/1380
f 1320/3569/1324 1410/3726/1387 1175/3522/1194
f 1346/3849/1427 1161/3277/1216 1311/3739/1392
f 1314/3689/1375 1353/3850/1428 1332/3775/1404
f 1222/3478/1281 1347/3851/1429 1260/3597/1337
f 1245/3479/1282 1366/3817/1419 1328/3779/1400
f 1224/3501/1290 1349/3852/1430 1329/3791/1412
f 1272/3853/1372 1349/3852/1430 1224/3501/1290
f 1381/3804/1414 1335/3854/1431 1286/3805/1365
f 1286/3805/1365 1335/3854/1431 1343/3855/1390
f 1361/3856/1432 1372/3857/1433 1343/3858/1390
f 1372/3859/1433 1344/3860/1423 1343/3861/1390
f 1218/3323/1227 1337/3837/1424 1435/3411/1228
f 1243/3806/1197 1225/3486/1285 1113/2932/979
f 1161/3444/1216 1346/3862/1427 1211/3445/1268
f 1211/3748/1268 1436/3863/1434 1391/3749/1394
f 1132/3230/1199 1326/3840/1409 1290/3708/1384
f 1195/3413/1256 1313/3774/1403 1108/3096/1163
f 1314/3709/1375 1266/3611/1344 1353/3864/1428
f 1205/3865/1252 1353/3866/1428 1266/3867/1344
f 1205/3868/1252 1301/3869/1367 1353/3864/1428
f 1268/3532/1303 1323/3789/1411 1196/3595/1257
f 1301/3674/1367 1280/3620/1347 1364/3870/1435
f 1364/3871/1435 1280/3713/1347 1339/3872/1436
f 1181/3484/1283 1329/3791/1412 1222/3873/1281
f 1334/3874/1407 1308/3875/1389 1355/3876/1437
f 1320/3569/1324 1358/3877/1438 1410/3726/1387
f 1361/3856/1432 1343/3858/1390 1335/3878/1431
f 1343/3879/1390 1344/3880/1423 1336/3832/1422
f 1345/3740/1356 1162/3642/1221 1373/3881/1439
f 1141/3328/1230 1351/3882/1440 1312/3745/1393
f 1103/3208/1173 1257/3590/1335 1412/3883/1415
f 1184/3529/1191 1352/3884/1441 1038/3885/1017
f 1278/3886/1360 1392/3887/1442 1315/3888/1376
f 1332/3889/1404 1353/3890/1428 1354/3891/1418
f 1196/3595/1257 1357/3892/1443 1281/3654/1362
f 1304/3893/1386 1328/3894/1400 1348/3895/1426
f 1348/3895/1426 1379/3821/1420 1298/3767/1401
f 1309/3773/1402 1355/3896/1437 1308/3728/1389
f 1360/3897/1444 1309/3773/1402 1397/3898/1445
f 1309/3773/1402 1321/3702/1382 1397/3898/1445
f 1321/3899/1382 1350/3900/1381 1385/3901/1446
f 1330/3902/1408 1336/3903/1422 1293/3904/1351
f 1293/3836/1351 1336/3905/1422 1344/3835/1423
f 1141/3747/1230 1209/3443/1267 1356/3906/1447
f 1315/3907/1376 1363/3908/1448 1277/3909/1343
f 1258/3814/1345 1354/3813/1418 1338/3810/1417
f 1353/3910/1428 1301/3674/1367 1364/3870/1435
f 1323/3789/1411 1363/3911/1448 1196/3595/1257
f 1196/3595/1257 1363/3911/1448 1340/3912/1449
f 1334/3781/1407 1355/3913/1437 1376/3914/1450
f 1367/3915/1451 1359/3916/1452 1382/3917/1453
f 1381/3918/1414 1382/3919/1453 1335/3920/1431
f 1355/3896/1437 1309/3773/1402 1369/3921/1454
f 1309/3773/1402 1370/3922/1455 1369/3921/1454
f 1309/3923/1402 1360/3924/1444 1370/3925/1455
f 1350/3701/1381 1299/3738/1391 1385/3926/1446
f 1257/3927/1335 1131/3706/1190 1300/3707/1383
f 1315/3907/1376 1392/3928/1442 1363/3908/1448
f 1277/3609/1343 1363/3929/1448 1323/3841/1411
f 1339/3872/1436 1280/3713/1347 1296/3715/1385
f 1281/3930/1362 1375/3931/1456 1291/3932/1369
f 1270/3567/1322 1216/3438/1264 1376/3914/1450
f 1334/3781/1407 1376/3914/1450 1216/3438/1264
f 1328/3933/1400 1377/3934/1457 1348/3895/1426
f 1328/3933/1400 1378/3935/1458 1377/3934/1457
f 1348/3895/1426 1378/3935/1458 1379/3821/1420
f 1377/3934/1457 1378/3935/1458 1348/3895/1426
f 1378/3936/1459 1380/3937/1460 1377/3938/1461
f 1381/3939/1414 1367/3915/1451 1382/3917/1453
f 1369/3940/1454 1370/3941/1462 1383/3942/1463
f 1369/3940/1454 1383/3942/1463 1355/3876/1437
f 1370/3941/1462 1384/3943/1464 1383/3942/1463
f 1369/3921/1465 1370/3922/1466 1384/3944/1467
f 1359/3945/1452 1403/3946/1468 1382/3947/1453
f 1370/3948/1455 1360/3949/1444 1384/3950/1464
f 1368/3951/1469 1403/3952/1468 1359/3953/1452
f 1361/3954/1432 1371/3955/1470 1372/3859/1433
f 1321/3702/1382 1385/3926/1446 1397/3898/1445
f 1372/3859/1433 1294/3956/1373 1344/3957/1423
f 1353/3890/1428 1399/3958/1471 1354/3891/1418
f 1363/3911/1448 1374/3959/1472 1340/3912/1449
f 1325/3960/1406 1387/3961/1473 1297/3962/1348
f 1222/3478/1281 1329/3963/1412 1347/3851/1429
f 1379/3821/1420 1378/3935/1458 1389/3964/1474
f 1378/3935/1458 1328/3933/1400 1389/3964/1474
f 1410/3965/1387 1349/3966/1430 1272/3967/1372
f 1359/3968/1452 1367/3969/1451 1368/3970/1469
f 1383/3942/1463 1395/3971/1475 1355/3876/1437
f 1384/3950/1464 1360/3949/1444 1383/3972/1463
f 1364/3973/1435 1399/3958/1471 1353/3890/1428
f 1340/3912/1449 1393/3974/1476 1196/3595/1257
f 1269/3975/1368 1341/3976/1377 1442/3977/1477
f 1333/3750/1363 1386/3978/1478 1325/3777/1406
f 1387/3961/1473 1366/3979/1419 1297/3962/1348
f 1282/3695/1378 1394/3980/1479 1388/3981/1480
f 1282/3695/1378 1388/3981/1480 1307/3843/1371
f 1329/3791/1412 1349/3852/1430 1390/3982/1481
f 1381/3983/1414 1402/3984/1482 1367/3969/1451
f 1320/3569/1324 1379/3985/1420 1358/3877/1438
f 1382/3947/1453 1403/3946/1468 1402/3986/1482
f 1371/3955/1470 1396/3987/1483 1372/3859/1433
f 1234/3472/1260 1327/3988/1410 1104/2721/1034
f 1275/3643/1358 1212/3447/1269 1405/3989/1484
f 1278/3649/1360 1398/3990/1485 1392/3991/1442
f 1364/3992/1435 1425/3993/1486 1406/3994/1487
f 1340/3995/1449 1374/3996/1472 1393/3997/1476
f 1341/3692/1377 1260/3597/1337 1400/3998/1488
f 1259/3623/1336 1365/3842/1425 1401/3999/1489
f 1260/3597/1337 1347/3851/1429 1400/3998/1488
f 1270/3567/1322 1376/3914/1450 1365/3842/1425
f 1402/4000/1482 1403/4001/1468 1367/4002/1451
f 1367/3969/1451 1403/4003/1468 1368/3970/1469
f 1417/3589/1334 1322/3667/1352 1445/4004/1490
f 1311/3739/1392 1418/4005/1491 1346/3849/1427
f 1256/3327/1229 1201/3426/1259 1404/4006/1492
f 1141/4007/1230 1356/4008/1447 1351/4009/1440
f 1256/3327/1229 1404/4006/1492 1209/3443/1267
f 1346/3862/1427 1436/4010/1434 1211/3445/1268
f 919/2530/956 1104/2721/1034 1300/3707/1383
f 1364/3992/1435 1339/3872/1436 1425/3993/1486
f 1269/4011/1368 1442/4012/1477 1324/4013/1405
f 1307/3843/1371 1388/3981/1480 1381/3983/1414
f 1355/3913/1437 1422/4014/1493 1376/3914/1450
f 1361/3856/1432 1431/4015/1494 1371/4016/1470
f 1396/4017/1483 1411/4018/1495 1372/4019/1433
f 1243/3806/1197 1511/4020/1496 1362/4021/1497
f 1201/3426/1259 1345/3640/1356 1404/4006/1492
f 1275/4022/1358 1331/3809/1416 1274/3330/1231
f 1392/4023/1442 1413/4024/1498 1363/4025/1448
f 1364/3992/1435 1406/3994/1487 1399/4026/1471
f 1363/3911/1448 1407/4027/1499 1374/3959/1472
f 1259/3714/1336 1401/4028/1489 1296/3715/1385
f 1291/3677/1369 1394/3980/1479 1282/3695/1378
f 1430/4029/1500 1328/3779/1400 1366/3817/1419
f 1381/3983/1414 1388/3981/1480 1402/3984/1482
f 1355/3913/1437 1395/4030/1475 1422/4014/1493
f 1416/4031/1501 1383/3972/1463 1360/3949/1444
f 1361/3856/1432 1335/4032/1431 1431/4015/1494
f 1184/4033/1191 1391/4034/1394 1352/4035/1441
f 1363/3911/1448 1414/4036/1502 1407/4027/1499
f 1393/3974/1476 1357/3892/1443 1196/3595/1257
f 1386/3978/1478 1387/4037/1473 1325/3777/1406
f 1329/3963/1412 1390/4038/1481 1415/4039/1503
f 1328/3779/1400 1430/4029/1500 1389/4040/1474
f 1390/3982/1481 1349/3852/1430 1409/4041/1504
f 1409/4042/1504 1415/4043/1503 1390/4044/1481
f 1382/4045/1453 1431/4046/1494 1335/4047/1431
f 1360/3949/1444 1432/4048/1505 1416/4031/1501
f 1360/3897/1444 1397/3898/1445 1432/4049/1505
f 1411/4050/1495 1294/3956/1373 1372/3859/1433
f 1209/3443/1267 1404/4006/1492 1356/3906/1447
f 1352/4051/1441 880/2404/911 1038/3173/1017
f 1374/3959/1472 1407/4027/1499 1393/3974/1476
f 1347/3851/1429 1329/3963/1412 1421/4052/1506
f 1329/3963/1412 1415/4039/1503 1421/4052/1506
f 1388/3981/1480 1382/4045/1453 1402/3984/1482
f 1358/4053/1438 1379/4054/1420 1389/4055/1474
f 1383/4056/1463 1423/4057/1507 1395/4030/1475
f 1295/3838/1374 1294/3956/1373 1434/4058/1508
f 1275/3643/1358 1405/3989/1484 1331/4059/1416
f 1212/3593/1269 1185/4060/1261 1424/4061/1509
f 1399/3958/1471 1419/4062/1510 1354/3891/1418
f 1363/3911/1448 1413/4063/1498 1414/4036/1502
f 1406/3994/1487 1425/3993/1486 1420/4064/1511
f 1339/3872/1436 1426/4065/1512 1437/4066/1513
f 1324/4067/1405 1442/4068/1477 1333/3750/1363
f 1386/3978/1478 1427/4069/1514 1387/4037/1473
f 1375/4070/1456 1394/4071/1479 1291/3677/1369
f 1376/3914/1450 1422/4014/1493 1365/3842/1425
f 1388/3981/1480 1431/4046/1494 1382/4045/1453
f 1349/3852/1430 1410/4072/1387 1409/4041/1504
f 1397/3898/1445 1385/3926/1446 1432/4049/1505
f 1416/4073/1501 1423/4074/1507 1383/4075/1463
f 1435/3325/1228 1511/4020/1496 1243/3806/1197
f 1373/3881/1439 1162/3642/1221 1289/3641/1357
f 1425/3993/1486 1339/3872/1436 1437/4066/1513
f 1339/3872/1436 1296/3715/1385 1426/4065/1512
f 1357/3892/1443 1375/3931/1456 1281/3654/1362
f 1341/3976/1377 1408/4076/1515 1442/3977/1477
f 1341/3692/1377 1400/3998/1488 1408/4077/1515
f 1401/4028/1489 1365/4078/1425 1429/4079/1516
f 1387/4080/1473 1449/4081/1517 1366/4082/1419
f 1394/3980/1479 1431/4046/1494 1388/3981/1480
f 1385/3926/1446 1299/3738/1391 1433/4083/1518
f 1313/3774/1403 1398/3990/1485 1278/3649/1360
f 1399/4026/1471 1406/3994/1487 1419/4084/1510
f 1406/4085/1487 1420/4086/1511 1419/4087/1510
f 1425/4088/1486 1437/4089/1513 1428/4090/1519
f 1371/4091/1470 1439/4092/1520 1396/4093/1483
f 1396/4017/1483 1440/4094/1521 1411/4018/1495
f 1423/4057/1507 1422/4014/1493 1395/4030/1475
f 1411/4050/1495 1434/4058/1508 1294/3956/1373
f 1425/3993/1486 1428/4095/1519 1441/4096/1522
f 1333/3750/1363 1442/4068/1477 1386/3978/1478
f 1386/3978/1478 1443/4097/1523 1427/4069/1514
f 1401/4028/1489 1429/4079/1516 1296/3715/1385
f 1375/3931/1456 1438/4098/1524 1394/4099/1479
f 1371/4016/1470 1444/4100/1525 1439/4101/1520
f 1371/4016/1470 1431/4015/1494 1444/4100/1525
f 1396/4017/1483 1439/4101/1520 1440/4094/1521
f 1299/3738/1391 1417/3589/1334 1433/4083/1518
f 1243/3806/1197 1362/4021/1497 1225/3486/1285
f 1351/3882/1440 1356/3906/1447 1404/4006/1492
f 1496/4102/1526 1436/4010/1434 1346/3862/1427
f 880/2404/911 1446/4103/1527 1326/3787/1409
f 1357/3892/1443 1448/4104/1528 1375/3931/1456
f 1365/3842/1425 1422/4014/1493 1453/4105/1529
f 1389/4040/1474 1430/4029/1500 1485/4106/1530
f 1416/4107/1501 1432/4049/1505 1462/4108/1531
f 1439/4109/1520 1450/4110/1532 1451/4111/1533
f 1431/4112/1494 1439/4113/1520 1451/4114/1533
f 1431/4046/1494 1394/3980/1479 1439/4109/1520
f 1444/4115/1534 1450/4116/1535 1451/4117/1536
f 1451/4111/1533 1450/4110/1537 1431/4046/1494
f 1444/4100/1525 1431/4015/1494 1450/4118/1537
f 1444/4100/1525 1450/4118/1532 1439/4101/1520
f 1410/3726/1387 1358/4119/1438 1409/4120/1504
f 1455/4121/1538 1440/4094/1521 1439/4101/1520
f 1416/4122/1501 1422/4123/1493 1423/4124/1507
f 1351/3882/1440 1311/3739/1392 1312/3745/1393
f 1436/4125/1434 1496/4126/1526 1391/4034/1394
f 1424/4061/1509 1185/4060/1261 1447/4127/1539
f 1392/4128/1442 1452/4129/1540 1413/4130/1498
f 1442/4068/1477 1443/4097/1523 1386/3978/1478
f 1429/4079/1516 1426/4065/1512 1296/3715/1385
f 1427/4069/1514 1449/4131/1517 1387/4132/1473
f 1449/4133/1517 1456/4134/1541 1366/4135/1419
f 1358/4119/1438 1485/4136/1530 1409/4120/1504
f 1389/4055/1474 1485/4137/1530 1358/4053/1438
f 1385/3926/1446 1454/4138/1542 1432/4139/1505
f 1411/4018/1495 1440/4094/1521 1458/4140/1543
f 1437/4066/1513 1426/4065/1512 1441/4141/1522
f 1456/4142/1541 1430/4143/1500 1366/4144/1419
f 1438/4145/1524 1457/4146/1544 1394/3980/1479
f 1416/4031/1501 1453/4147/1529 1422/4148/1493
f 1409/4149/1504 1463/4150/1545 1415/4151/1503
f 880/2404/911 1352/4051/1441 1446/4103/1527
f 1420/4064/1511 1425/3993/1486 1461/4152/1546
f 1393/3974/1476 1467/4153/1547 1357/3892/1443
f 1426/4065/1512 1429/4079/1516 1468/4154/1548
f 1416/4031/1501 1462/4155/1531 1453/4147/1529
f 1454/4138/1542 1385/3926/1446 1433/4083/1518
f 1345/3640/1356 1373/4156/1439 1404/4006/1492
f 1351/3882/1440 1495/4157/1549 1311/3739/1392
f 1404/4006/1492 1495/4157/1549 1351/3882/1440
f 1212/3447/1269 1424/4158/1509 1405/3989/1484
f 1459/4159/1550 1313/3774/1403 1195/3413/1256
f 1452/4160/1540 1465/4161/1551 1413/4162/1498
f 1425/3993/1486 1441/4096/1522 1461/4152/1546
f 1408/4163/1515 1469/4164/1552 1442/4165/1477
f 1375/3931/1456 1448/4104/1528 1438/4098/1524
f 1347/3851/1429 1475/4166/1553 1400/3998/1488
f 1432/4048/1505 1454/4167/1542 1462/4168/1531
f 1457/4146/1544 1439/4109/1520 1394/3980/1479
f 1458/4140/1543 1440/4094/1521 1455/4121/1538
f 1411/4050/1495 1486/4169/1554 1434/4058/1508
f 1426/4065/1512 1468/4154/1548 1474/4170/1555
f 1442/4165/1477 1469/4164/1552 1443/4171/1523
f 1347/3851/1429 1421/4052/1506 1475/4166/1553
f 1455/4172/1538 1439/4173/1520 1476/4174/1556
f 1463/4150/1545 1409/4175/1504 1493/4176/1557
f 1409/4175/1504 1477/4177/1558 1493/4176/1557
f 1485/4137/1530 1470/4178/1559 1409/4041/1504
f 1326/3840/1409 1478/4179/1560 1290/3708/1384
f 1354/3891/1418 1419/4062/1510 1460/4180/1561
f 1392/4128/1442 1464/4181/1562 1452/4129/1540
f 1472/4182/1563 1473/4183/1564 1480/4184/1565
f 1473/4183/1566 1481/4185/1567 1480/4184/1568
f 1414/4186/1502 1413/4187/1498 1466/4188/1569
f 1473/4183/1566 1482/4189/1570 1481/4185/1567
f 1473/4190/1566 1480/4191/1568 1482/4192/1570
f 1437/4193/1513 1441/4194/1522 1428/4195/1519
f 1407/4027/1499 1500/4196/1571 1393/3974/1476
f 1429/4079/1516 1365/4078/1425 1484/4197/1572
f 1430/4029/1500 1490/4198/1573 1485/4106/1530
f 1415/4039/1503 1463/4199/1545 1421/4052/1506
f 1434/4058/1508 1337/3837/1424 1295/3838/1374
f 1373/4156/1439 1495/4157/1549 1404/4006/1492
f 1495/4157/1549 1418/4005/1491 1311/3739/1392
f 1326/3787/1409 1446/4103/1527 1478/4200/1560
f 1478/4179/1560 1479/4201/1574 1290/3708/1384
f 1185/4060/1261 1338/4202/1417 1447/4127/1539
f 1354/4203/1418 1460/4180/1561 1338/4204/1417
f 1392/4023/1442 1398/4205/1485 1464/4206/1562
f 1480/4184/1568 1481/4185/1567 1465/4207/1551
f 1480/4191/1568 1465/4208/1551 1482/4192/1570
f 1453/4147/1529 1462/4155/1531 1454/4167/1542
f 1421/4052/1506 1463/4199/1545 1475/4166/1553
f 1457/4209/1544 1476/4210/1556 1439/4101/1520
f 1458/4211/1543 1486/4169/1554 1411/4050/1495
f 1373/3881/1439 1289/3641/1357 1553/4212/1575
f 1352/4035/1441 1391/4034/1394 1497/4213/1576
f 1194/3412/1255 1459/4214/1550 1195/4215/1256
f 1331/3809/1416 1505/4216/1577 1327/3788/1410
f 1500/4217/1571 1488/4218/1578 1393/4219/1476
f 1393/4219/1476 1488/4218/1578 1467/4220/1547
f 1357/3892/1443 1467/4153/1547 1487/4221/1579
f 1503/4222/1580 1508/4223/1581 1489/4224/1582
f 1427/4225/1514 1483/4226/1583 1449/4227/1517
f 1454/4167/1542 1484/4228/1572 1453/4147/1529
f 1476/4210/1556 1457/4209/1544 1510/4229/1584
f 1435/3325/1228 1572/4230/1585 1511/4020/1496
f 1194/4231/1255 1290/4232/1384 1498/4233/1586
f 1313/3774/1403 1516/4234/1587 1398/3990/1485
f 1413/4235/1498 1465/4236/1551 1499/4237/1588
f 1413/4187/1498 1499/4238/1588 1466/4188/1569
f 1441/4096/1522 1501/4239/1589 1461/4152/1546
f 1466/4240/1569 1500/4241/1571 1414/4242/1502
f 1414/4036/1502 1500/4243/1571 1407/4027/1499
f 1474/4170/1555 1508/4244/1581 1502/4245/1590
f 1453/4105/1529 1484/4246/1572 1365/3842/1425
f 1455/4121/1538 1476/4210/1556 1491/4247/1591
f 1476/4210/1556 1510/4229/1584 1504/4248/1592
f 1463/4199/1545 1493/4249/1557 1475/4166/1553
f 1409/4041/1504 1470/4178/1559 1477/4250/1558
f 1337/3837/1424 1494/4251/1593 1435/3411/1228
f 1471/4252/1594 1257/3590/1335 1300/4253/1383
f 1104/2721/1034 1554/4254/1595 1300/3707/1383
f 1327/4255/1410 1505/4256/1577 1104/4257/1034
f 1194/3412/1255 1498/4258/1586 1459/4214/1550
f 1481/4185/1567 1506/4259/1596 1465/4236/1551
f 1441/4260/1522 1426/4261/1512 1501/4262/1589
f 1519/4263/1597 1467/4264/1547 1488/4265/1578
f 1474/4170/1555 1468/4154/1548 1508/4244/1581
f 1400/3998/1488 1557/4266/1598 1408/4077/1515
f 1508/4223/1581 1468/4267/1548 1489/4224/1582
f 1509/4268/1599 1357/3892/1443 1487/4221/1579
f 1357/3892/1443 1509/4268/1599 1448/4104/1528
f 1456/4134/1541 1547/4269/1600 1430/4270/1500
f 1438/4098/1524 1510/4271/1584 1457/4272/1544
f 1504/4248/1592 1491/4247/1591 1476/4210/1556
f 1455/4121/1538 1491/4247/1591 1458/4140/1543
f 1373/3881/1439 1553/4212/1575 1495/4273/1549
f 1482/4192/1570 1452/4274/1540 1506/4275/1596
f 1465/4208/1551 1452/4274/1540 1482/4192/1570
f 1465/4236/1551 1506/4259/1596 1499/4237/1588
f 1506/4275/1596 1452/4274/1540 1499/4276/1588
f 1506/4277/1596 1512/4278/1601 1513/4279/1602
f 1482/4280/1570 1506/4277/1596 1513/4279/1602
f 1482/4192/1570 1513/4281/1602 1481/4282/1567
f 1506/4283/1596 1481/4284/1567 1512/4285/1601
f 1481/4282/1567 1513/4281/1602 1507/4286/1603
f 1481/4185/1567 1507/4287/1603 1512/4288/1601
f 1519/4289/1597 1514/4290/1604 1467/4153/1547
f 1508/4223/1581 1503/4291/1580 1502/4292/1590
f 1449/4227/1517 1483/4226/1583 1456/4134/1541
f 1438/4098/1524 1448/4104/1528 1510/4271/1584
f 1458/4140/1543 1491/4247/1591 1523/4293/1605
f 1289/3641/1357 1412/3808/1415 1553/4212/1575
f 1419/4062/1510 1533/4294/1606 1460/4180/1561
f 1419/4084/1510 1420/4064/1511 1517/4295/1607
f 1512/4296/1601 1499/4297/1588 1513/4298/1602
f 1513/4299/1602 1499/4300/1588 1452/4301/1540
f 1518/4302/1608 1426/4303/1512 1474/4304/1555
f 1474/4305/1555 1565/4306/1609 1518/4307/1608
f 1514/4290/1604 1487/4221/1579 1467/4153/1547
f 1408/4163/1515 1557/4308/1598 1469/4164/1552
f 1514/4309/1604 1520/4310/1610 1487/4311/1579
f 1487/4221/1579 1520/4312/1610 1509/4268/1599
f 1468/4154/1548 1429/4079/1516 1560/4313/1611
f 1492/4314/1612 1454/4138/1542 1524/4315/1613
f 1454/4138/1542 1433/4083/1518 1524/4315/1613
f 1458/4211/1543 1523/4316/1605 1486/4169/1554
f 1515/4317/1614 1477/4318/1558 1470/4319/1559
f 1485/4320/1530 1515/4317/1614 1470/4319/1559
f 1479/4321/1574 1525/4322/1615 1290/4323/1384
f 1459/4159/1550 1516/4234/1587 1313/3774/1403
f 1447/4127/1539 1338/4202/1417 1460/4324/1561
f 1517/4295/1607 1420/4064/1511 1461/4152/1546
f 1535/4325/1616 1427/4069/1514 1443/4326/1523
f 1400/3998/1488 1475/4166/1553 1557/4266/1598
f 1557/4266/1598 1475/4166/1553 1522/4327/1617
f 1547/4269/1600 1490/4328/1573 1430/4270/1500
f 1337/3837/1424 1434/4058/1508 1486/4169/1554
f 1412/3883/1415 1257/3590/1335 1543/4329/1618
f 1257/3590/1335 1471/4252/1594 1543/4329/1618
f 1479/4201/1574 1478/4179/1560 1528/4330/1619
f 1507/4286/1603 1513/4281/1602 1452/4274/1540
f 1461/4152/1546 1501/4239/1589 1517/4295/1607
f 1474/4331/1555 1590/4332/1620 1565/4333/1609
f 1503/4334/1580 1526/4335/1621 1502/4336/1590
f 1515/4337/1614 1485/4338/1530 1490/4328/1573
f 1405/4339/1484 1544/4340/1622 1331/3809/1416
f 1331/3809/1416 1544/4340/1622 1505/4216/1577
f 1290/4232/1384 1525/4341/1615 1498/4233/1586
f 1452/4274/1540 1587/4342/1623 1507/4286/1603
f 1512/4343/1601 1519/4263/1597 1488/4265/1578
f 1519/4344/1597 1521/4345/1624 1514/4346/1604
f 1535/4325/1616 1527/4347/1625 1427/4069/1514
f 1503/4348/1580 1489/4349/1582 1529/4350/1626
f 1427/4069/1514 1527/4347/1625 1483/4351/1583
f 1456/4134/1541 1483/4226/1583 1530/4352/1627
f 1475/4353/1553 1493/4354/1557 1531/4355/1628
f 1493/4354/1557 1477/4250/1558 1531/4355/1628
f 1346/3862/1427 1418/4356/1491 1542/4357/1629
f 1346/3862/1427 1542/4357/1629 1496/4102/1526
f 1496/4126/1526 1542/4358/1629 1391/4034/1394
f 1412/3808/1415 1543/4359/1618 1553/4212/1575
f 1525/4341/1615 1459/4360/1550 1498/4233/1586
f 1424/4061/1509 1447/4127/1539 1405/4361/1484
f 1447/4127/1539 1460/4324/1561 1533/4362/1606
f 1419/4084/1510 1586/4363/1630 1533/4364/1606
f 1466/4365/1569 1534/4366/1631 1500/4367/1571
f 1499/4368/1588 1534/4366/1631 1466/4365/1569
f 1426/4303/1512 1518/4302/1608 1501/4369/1589
f 1488/4370/1578 1500/4367/1571 1534/4371/1631
f 1474/4331/1555 1502/4336/1590 1590/4332/1620
f 1469/4164/1552 1535/4372/1616 1443/4373/1523
f 1599/4374/1632 1520/4375/1610 1514/4376/1604
f 1468/4267/1548 1545/4377/1633 1489/4378/1582
f 1448/4104/1528 1536/4379/1634 1510/4271/1584
f 1475/4353/1553 1531/4355/1628 1522/4380/1617
f 1510/4229/1584 1536/4381/1634 1504/4248/1592
f 1492/4382/1612 1484/4228/1572 1454/4167/1542
f 1491/4247/1591 1504/4248/1592 1537/4383/1635
f 1570/4384/1636 1539/4385/1637 1540/4386/1638
f 1495/4273/1549 1564/4387/1639 1418/4388/1491
f 1528/4389/1619 1555/4390/1640 1479/4321/1574
f 1479/4321/1574 1555/4390/1640 1525/4322/1615
f 1405/4361/1484 1447/4127/1539 1544/4391/1622
f 1525/4322/1615 1555/4390/1640 1459/4392/1550
f 1459/4393/1550 1555/4394/1640 1516/4395/1587
f 1447/4127/1539 1533/4362/1606 1544/4391/1622
f 1499/4237/1588 1512/4288/1601 1534/4396/1631
f 1512/4343/1601 1488/4265/1578 1534/4397/1631
f 1517/4398/1607 1501/4369/1589 1518/4302/1608
f 1521/4345/1624 1599/4399/1632 1514/4346/1604
f 1429/4079/1516 1484/4197/1572 1560/4313/1611
f 1537/4383/1635 1523/4293/1605 1491/4247/1591
f 1490/4328/1573 1547/4269/1600 1515/4337/1614
f 1477/4250/1558 1568/4400/1641 1531/4355/1628
f 1563/4401/1642 1541/4402/1643 1562/4403/1644
f 1563/4404/1642 1550/4405/1645 1541/4406/1643
f 1550/4405/1645 1551/4407/1646 1541/4406/1643
f 1322/3636/1352 1552/4408/1647 1445/4409/1490
f 1564/4410/1639 1542/4357/1629 1418/4356/1491
f 1300/3707/1383 1554/4254/1595 1471/4411/1594
f 1446/4103/1527 1584/4412/1648 1478/4200/1560
f 1555/4413/1640 1556/4414/1649 1516/4415/1587
f 1516/4416/1587 1556/4417/1649 1398/4418/1485
f 1556/4419/1649 1464/4206/1562 1398/4205/1485
f 1468/4154/1548 1558/4420/1650 1545/4421/1633
f 1509/4268/1599 1546/4422/1651 1448/4104/1528
f 1523/4293/1605 1537/4383/1635 1538/4423/1652
f 1579/4424/1653 1548/4425/1654 1578/4426/1655
f 1540/4427/1638 1539/4428/1637 1532/4429/1656
f 1322/3636/1352 1225/3486/1285 1552/4408/1647
f 1495/4273/1549 1553/4212/1575 1564/4387/1639
f 1419/4084/1510 1517/4295/1607 1586/4363/1630
f 1517/4430/1607 1518/4431/1608 1565/4306/1609
f 1512/4432/1601 1521/4345/1624 1519/4433/1597
f 1574/4434/1657 1566/4435/1658 1599/4374/1632
f 1599/4374/1632 1566/4435/1658 1520/4375/1610
f 1468/4154/1548 1560/4313/1611 1558/4420/1650
f 1520/4312/1610 1559/4436/1659 1509/4268/1599
f 1530/4352/1627 1547/4269/1600 1456/4134/1541
f 1578/4426/1655 1548/4425/1654 1569/4437/1660
f 1569/4438/1660 1548/4439/1654 1561/4440/1661
f 1494/4441/1593 1572/4230/1585 1435/3325/1228
f 1104/4257/1034 1505/4256/1577 1581/4442/1662
f 1464/4443/1562 1587/4342/1623 1452/4274/1540
f 1586/4363/1630 1517/4444/1607 1565/4445/1609
f 1590/4332/1620 1502/4336/1590 1526/4335/1621
f 1526/4446/1621 1503/4447/1580 1529/4448/1626
f 1557/4449/1598 1522/4380/1617 1575/4450/1663
f 1489/4349/1582 1545/4451/1633 1567/4452/1664
f 1536/4379/1634 1448/4104/1528 1546/4422/1651
f 1537/4383/1635 1504/4248/1592 1536/4381/1634
f 1577/4453/1665 1538/4423/1652 1537/4383/1635
f 1579/4454/1653 1580/4455/1666 1548/4456/1654
f 1580/4455/1666 1561/4457/1661 1548/4456/1654
f 1523/4316/1605 1538/4458/1652 1486/4169/1554
f 1547/4269/1600 1571/4459/1667 1515/4337/1614
f 1547/4269/1600 1604/4460/1668 1571/4459/1667
f 1539/4461/1637 1562/4462/1644 1532/4463/1656
f 1497/4213/1576 1391/4034/1394 1542/4358/1629
f 1554/4254/1595 1104/2721/1034 1581/4464/1662
f 1509/4268/1599 1559/4465/1659 1546/4422/1651
f 1582/4466/1669 1570/4467/1636 1540/4468/1638
f 1515/4317/1614 1571/4469/1667 1549/4470/1670
f 1625/4471/1671 1337/3837/1424 1486/4169/1554
f 1561/4472/1661 1583/4473/1672 1569/4474/1660
f 1532/4475/1656 1562/4476/1644 1541/4477/1643
f 1352/4051/1441 1584/4412/1648 1446/4103/1527
f 1544/4391/1622 1533/4362/1606 1585/4478/1673
f 1556/4414/1649 1587/4342/1623 1464/4443/1562
f 1507/4479/1603 1589/4480/1674 1512/4481/1601
f 1589/4482/1674 1521/4345/1624 1512/4432/1601
f 1588/4483/1675 1565/4306/1609 1590/4484/1620
f 1521/4345/1624 1591/4485/1676 1599/4399/1632
f 1469/4164/1552 1592/4486/1677 1535/4372/1616
f 1557/4308/1598 1615/4487/1678 1469/4164/1552
f 1520/4375/1610 1616/4488/1679 1559/4489/1659
f 1536/4381/1634 1667/4490/1680 1537/4383/1635
f 1492/4314/1612 1524/4315/1613 1576/4491/1681
f 1579/4454/1653 1594/4492/1682 1580/4455/1666
f 1582/4493/1669 1600/4494/1683 1570/4495/1636
f 1570/4496/1636 1600/4497/1683 1539/4461/1637
f 1568/4400/1641 1477/4250/1558 1605/4498/1684
f 1486/4169/1554 1538/4458/1652 1625/4471/1671
f 1562/4462/1644 1595/4499/1685 1563/4500/1642
f 1561/4501/1661 1596/4502/1686 1583/4503/1672
f 1417/3589/1334 1445/4004/1490 1597/4504/1687
f 1497/4213/1576 1598/4505/1688 1352/4035/1441
f 1556/4414/1649 1627/4506/1689 1587/4342/1623
f 1527/4507/1625 1609/4508/1690 1483/4226/1583
f 1483/4509/1583 1609/4510/1690 1530/4511/1627
f 1536/4381/1634 1546/4512/1651 1667/4490/1680
f 1578/4426/1655 1593/4513/1691 1579/4424/1653
f 1579/4424/1653 1593/4513/1691 1594/4514/1682
f 1651/4515/1692 1600/4494/1683 1582/4493/1669
f 1532/4475/1656 1541/4477/1643 1626/4516/1693
f 1563/4500/1642 1641/4517/1694 1550/4518/1645
f 1550/4405/1645 1641/4519/1694 1551/4407/1646
f 1362/4021/1497 1602/4520/1695 1225/3486/1285
f 1225/3486/1285 1602/4520/1695 1552/4408/1647
f 1505/4256/1577 1544/4391/1622 1573/4521/1696
f 1533/4362/1606 1586/4522/1630 1585/4478/1673
f 1599/4523/1632 1603/4524/1697 1574/4525/1657
f 1551/4526/1646 1626/4516/1693 1541/4477/1643
f 1553/4527/1575 1543/4329/1618 1471/4252/1594
f 1542/4358/1629 1606/4528/1698 1497/4213/1576
f 1587/4342/1623 1589/4482/1674 1507/4286/1603
f 1607/4529/1699 1565/4530/1609 1588/4531/1675
f 1614/4532/1700 1521/4533/1624 1589/4534/1674
f 1574/4535/1657 1608/4536/1701 1566/4537/1658
f 1559/4538/1659 1632/4539/1702 1546/4512/1651
f 1484/4228/1572 1619/4540/1703 1560/4541/1611
f 1484/4228/1572 1492/4382/1612 1619/4540/1703
f 1492/4382/1612 1576/4542/1681 1619/4540/1703
f 1522/4380/1617 1531/4355/1628 1618/4543/1704
f 1530/4352/1627 1604/4460/1668 1547/4269/1600
f 1531/4544/1628 1568/4400/1641 1605/4498/1684
f 1539/4461/1637 1600/4497/1683 1624/4545/1705
f 1596/4546/1686 1561/4457/1661 1580/4455/1666
f 1641/4517/1694 1563/4500/1642 1595/4499/1685
f 1612/4547/1706 1564/4548/1639 1553/4527/1575
f 1606/4528/1698 1542/4358/1629 1564/4548/1639
f 1598/4505/1688 1497/4213/1576 1606/4528/1698
f 1643/4549/1707 1555/4390/1640 1528/4389/1619
f 1588/4483/1675 1590/4484/1620 1629/4550/1708
f 1592/4486/1677 1469/4164/1552 1615/4487/1678
f 1616/4488/1679 1520/4375/1610 1566/4435/1658
f 1529/4448/1626 1489/4551/1582 1567/4552/1664
f 1578/4553/1655 1569/4554/1660 1623/4555/1709
f 1477/4318/1558 1515/4317/1614 1605/4556/1684
f 1642/4557/1710 1583/4558/1672 1620/4559/1711
f 1583/4503/1672 1596/4560/1686 1620/4561/1711
f 1552/4408/1647 1597/4562/1687 1445/4409/1490
f 1352/4051/1441 1598/4563/1688 1584/4412/1648
f 1585/4478/1673 1573/4521/1696 1544/4391/1622
f 1627/4506/1689 1613/4564/1712 1587/4342/1623
f 1586/4522/1630 1565/4565/1609 1607/4566/1699
f 1613/4564/1712 1589/4482/1674 1587/4342/1623
f 1631/4567/1713 1614/4568/1700 1621/4569/1714
f 1522/4570/1617 1618/4571/1704 1575/4572/1663
f 1560/4541/1611 1619/4540/1703 1617/4573/1715
f 1611/4574/1716 1578/4553/1655 1623/4555/1709
f 1530/4352/1627 1635/4575/1717 1604/4460/1668
f 1635/4575/1717 1637/4576/1718 1604/4460/1668
f 1524/4315/1613 1433/4083/1518 1638/4577/1719
f 1582/4466/1669 1540/4468/1638 1610/4578/1720
f 1540/4468/1638 1626/4516/1693 1610/4578/1720
f 1515/4317/1614 1676/4579/1721 1605/4556/1684
f 1532/4475/1656 1626/4516/1693 1540/4468/1638
f 1641/4519/1694 1653/4580/1722 1551/4407/1646
f 1417/3589/1334 1597/4504/1687 1601/4581/1723
f 1505/4256/1577 1573/4521/1696 1581/4442/1662
f 1643/4549/1707 1627/4506/1689 1555/4390/1640
f 1555/4390/1640 1627/4506/1689 1556/4414/1649
f 1585/4478/1673 1586/4522/1630 1666/4582/1724
f 1621/4569/1714 1614/4568/1700 1613/4583/1712
f 1613/4583/1712 1614/4568/1700 1589/4584/1674
f 1614/4585/1700 1591/4485/1676 1521/4345/1624
f 1560/4541/1611 1633/4586/1725 1558/4587/1650
f 1560/4541/1611 1617/4573/1715 1725/4588/1726
f 1634/4589/1727 1635/4590/1717 1530/4352/1627
f 1610/4591/1720 1651/4515/1692 1582/4493/1669
f 1610/4592/1720 1538/4593/1652 1577/4594/1665
f 1594/4492/1682 1636/4595/1728 1580/4455/1666
f 1531/4596/1628 1605/4498/1684 1648/4597/1729
f 1604/4460/1668 1637/4576/1718 1571/4459/1667
f 1637/4576/1718 1639/4598/1730 1571/4459/1667
f 1539/4461/1637 1624/4545/1705 1562/4462/1644
f 1624/4545/1705 1595/4499/1685 1562/4462/1644
f 1583/4599/1672 1642/4600/1710 1640/4601/1731
f 1478/4602/1560 1643/4549/1707 1528/4389/1619
f 1628/4603/1732 1613/4604/1712 1627/4605/1689
f 1628/4606/1732 1673/4607/1733 1613/4608/1712
f 1588/4609/1675 1629/4610/1708 1607/4611/1699
f 1559/4538/1659 1616/4612/1679 1632/4539/1702
f 1633/4586/1725 1560/4541/1611 1725/4588/1726
f 1667/4490/1680 1546/4512/1651 1646/4613/1734
f 1618/4571/1704 1688/4614/1735 1575/4572/1663
f 1635/4615/1717 1634/4616/1727 1647/4617/1736
f 1576/4618/1681 1524/4619/1613 1636/4620/1728
f 1433/4083/1518 1601/4581/1723 1638/4577/1719
f 1712/4621/1737 1494/4251/1593 1337/3837/1424
f 1553/4527/1575 1471/4252/1594 1654/4622/1738
f 1584/4412/1648 1655/4623/1739 1478/4200/1560
f 1585/4478/1673 1666/4582/1724 1573/4521/1696
f 1673/4607/1733 1621/4624/1714 1613/4608/1712
f 1607/4625/1699 1629/4626/1708 1630/4627/1740
f 1700/4628/1741 1608/4629/1701 1574/4434/1657
f 1557/4630/1598 1575/4631/1663 1645/4632/1742
f 1537/4383/1635 1667/4490/1680 1577/4633/1665
f 1578/4553/1655 1611/4574/1716 1593/4634/1691
f 1576/4618/1681 1636/4620/1728 1594/4635/1682
f 1618/4571/1704 1531/4636/1628 1652/4637/1743
f 1531/4636/1628 1648/4638/1729 1652/4637/1743
f 1639/4639/1730 1649/4640/1744 1571/4641/1667
f 1623/4555/1709 1569/4554/1660 1583/4599/1672
f 1642/4557/1710 1696/4642/1745 1640/4643/1731
f 1642/4644/1710 1620/4645/1711 1696/4646/1745
f 1433/4083/1518 1417/3589/1334 1601/4581/1723
f 1650/4647/1746 1572/4230/1585 1494/4441/1593
f 1612/4547/1706 1606/4528/1698 1564/4548/1639
f 1628/4648/1732 1627/4649/1689 1665/4650/1747
f 1666/4582/1724 1586/4522/1630 1607/4566/1699
f 1658/4651/1748 1630/4652/1740 1629/4653/1708
f 1644/4654/1749 1659/4655/1750 1631/4656/1713
f 1660/4657/1751 1590/4332/1620 1526/4335/1621
f 1661/4658/1752 1526/4446/1621 1529/4448/1626
f 1609/4659/1690 1634/4660/1727 1530/4661/1627
f 1576/4618/1681 1662/4662/1753 1619/4663/1703
f 1662/4662/1753 1576/4618/1681 1594/4635/1682
f 1635/4575/1717 1690/4664/1754 1637/4576/1718
f 1622/4665/1755 1610/4578/1720 1626/4516/1693
f 1676/4666/1721 1515/4667/1614 1549/4668/1670
f 1664/4669/1756 1626/4516/1693 1551/4526/1646
f 1471/4411/1594 1554/4254/1595 1654/4670/1738
f 1655/4671/1739 1643/4549/1707 1478/4602/1560
f 1643/4549/1707 1655/4671/1739 1627/4506/1689
f 1655/4672/1739 1665/4673/1747 1627/4674/1689
f 1666/4582/1724 1607/4566/1699 1672/4675/1757
f 1656/4676/1758 1631/4677/1713 1673/4678/1733
f 1631/4677/1713 1621/4679/1714 1673/4678/1733
f 1607/4625/1699 1630/4627/1740 1672/4680/1757
f 1656/4676/1758 1644/4681/1749 1631/4677/1713
f 1630/4682/1740 1658/4683/1748 1657/4684/1759
f 1667/4685/1680 1610/4592/1720 1577/4594/1665
f 1647/4686/1736 1668/4687/1760 1635/4575/1717
f 1618/4571/1704 1652/4637/1743 1669/4688/1761
f 1635/4575/1717 1668/4687/1760 1690/4664/1754
f 1571/4641/1667 1682/4689/1762 1549/4668/1670
f 1551/4690/1646 1653/4691/1722 1664/4692/1756
f 1362/4021/1497 1511/4020/1496 1697/4693/1763
f 1553/4527/1575 1654/4622/1738 1612/4547/1706
f 1606/4528/1698 1612/4547/1706 1677/4694/1764
f 1630/4695/1740 1657/4696/1759 1672/4697/1757
f 1631/4656/1713 1659/4655/1750 1614/4698/1700
f 1599/4523/1632 1591/4699/1676 1603/4524/1697
f 1592/4700/1677 1674/4701/1765 1535/4325/1616
f 1566/4435/1658 1608/4629/1701 1616/4488/1679
f 1557/4630/1598 1645/4632/1742 1615/4702/1678
f 1529/4448/1626 1567/4552/1664 1675/4703/1766
f 1527/4347/1625 1679/4704/1767 1609/4659/1690
f 1558/4705/1650 1567/4552/1664 1545/4706/1633
f 1651/4515/1692 1610/4591/1720 1680/4707/1768
f 1610/4592/1720 1625/4708/1671 1538/4593/1652
f 1605/4556/1684 1676/4579/1721 1670/4709/1769
f 1682/4689/1762 1571/4641/1667 1649/4640/1744
f 1595/4499/1685 1774/4710/1770 1695/4711/1771
f 1595/4499/1685 1695/4711/1771 1641/4517/1694
f 1362/4021/1497 1697/4693/1763 1602/4520/1695
f 1660/4657/1751 1678/4712/1772 1590/4332/1620
f 1661/4658/1752 1529/4448/1626 1675/4703/1766
f 1535/4325/1616 1674/4701/1765 1679/4704/1767
f 1535/4325/1616 1679/4704/1767 1527/4347/1625
f 1558/4705/1650 1633/4713/1725 1567/4552/1664
f 1546/4512/1651 1632/4539/1702 1646/4613/1734
f 1575/4572/1663 1688/4614/1735 1645/4714/1742
f 1667/4685/1680 1680/4715/1768 1610/4592/1720
f 1593/4513/1691 1663/4716/1773 1594/4514/1682
f 1618/4571/1704 1669/4688/1761 1688/4614/1735
f 1651/4717/1692 1624/4718/1705 1600/4719/1683
f 1610/4592/1720 1622/4720/1755 1625/4708/1671
f 1690/4664/1754 1691/4721/1774 1637/4576/1718
f 1637/4576/1718 1691/4721/1774 1639/4598/1730
f 1605/4498/1684 1706/4722/1775 1648/4597/1729
f 1549/4668/1670 1682/4689/1762 1676/4666/1721
f 1684/4723/1776 1583/4599/1672 1640/4601/1731
f 1606/4528/1698 1677/4694/1764 1598/4505/1688
f 1672/4697/1757 1657/4696/1759 1685/4724/1777
f 1692/4725/1778 1644/4726/1749 1656/4727/1758
f 1526/4335/1621 1686/4728/1779 1660/4657/1751
f 1686/4729/1779 1526/4446/1621 1661/4658/1752
f 1662/4730/1753 1594/4514/1682 1663/4716/1773
f 1580/4455/1666 1683/4731/1780 1596/4546/1686
f 1573/4521/1696 1666/4582/1724 1980/4732/1781
f 1666/4582/1724 1876/4733/1782 1980/4732/1781
f 1665/4734/1747 1673/4607/1733 1628/4606/1732
f 1615/4702/1678 1645/4632/1742 1687/4735/1783
f 1646/4613/1734 1632/4539/1702 1693/4736/1784
f 1694/4737/1785 1667/4490/1680 1646/4613/1734
f 1663/4738/1773 1593/4634/1691 1611/4574/1716
f 1689/4739/1786 1720/4740/1787 1651/4741/1692
f 1524/4619/1613 1638/4742/1719 1636/4620/1728
f 1681/4743/1788 1622/4665/1755 1626/4516/1693
f 1705/4744/1789 1639/4598/1730 1691/4721/1774
f 1595/4499/1685 1624/4545/1705 1774/4710/1770
f 1695/4745/1771 1653/4580/1722 1641/4519/1694
f 1671/4746/1790 1620/4747/1711 1596/4748/1686
f 1696/4646/1745 1620/4645/1711 1671/4749/1790
f 1722/4750/1791 1697/4693/1763 1511/4020/1496
f 1768/4751/1792 1581/4442/1662 1573/4521/1696
f 1698/4752/1793 1629/4753/1708 1590/4332/1620
f 1753/4754/1794 1659/4655/1750 1644/4654/1749
f 1591/4699/1676 1614/4698/1700 1659/4655/1750
f 1699/4755/1795 1657/4756/1759 1658/4757/1748
f 1689/4758/1786 1651/4515/1692 1680/4707/1768
f 1636/4595/1728 1704/4759/1796 1580/4455/1666
f 1706/4760/1775 1605/4556/1684 1670/4709/1769
f 1707/4761/1797 1658/4762/1748 1629/4763/1708
f 1699/4755/1795 1658/4757/1748 1707/4764/1797
f 1693/4765/1784 1632/4766/1702 1616/4767/1679
f 1617/4768/1715 1619/4663/1703 1662/4662/1753
f 1719/4769/1798 1708/4770/1799 1702/4771/1800
f 1720/4772/1787 1624/4545/1705 1651/4773/1692
f 1624/4545/1705 1703/4774/1801 1774/4710/1770
f 1639/4775/1730 1705/4776/1789 1649/4777/1744
f 1583/4599/1672 1684/4723/1776 1623/4555/1709
f 1623/4555/1709 1684/4723/1776 1710/4778/1802
f 1596/4748/1686 1683/4779/1780 1671/4746/1790
f 1673/4678/1733 1692/4780/1778 1656/4676/1758
f 1629/4781/1708 1698/4782/1793 1707/4783/1797
f 1678/4712/1772 1698/4752/1793 1590/4332/1620
f 1574/4784/1657 1756/4785/1803 1700/4786/1741
f 1700/4628/1741 1701/4787/1804 1608/4629/1701
f 1687/4735/1783 1716/4788/1805 1615/4702/1678
f 1669/4688/1761 1737/4789/1806 1688/4614/1735
f 1668/4790/1760 1647/4791/1736 1727/4792/1807
f 1717/4793/1808 1718/4794/1809 1719/4795/1798
f 1702/4796/1800 1727/4797/1807 1719/4798/1798
f 1668/4790/1760 1727/4792/1807 1728/4799/1810
f 1668/4790/1760 1728/4799/1810 1690/4800/1754
f 1702/4771/1800 1728/4801/1810 1727/4802/1807
f 1669/4803/1761 1652/4804/1743 1762/4805/1811
f 1690/4664/1754 1730/4806/1812 1691/4721/1774
f 1623/4555/1709 1710/4778/1802 1721/4807/1813
f 1664/4669/1756 1711/4808/1814 1626/4516/1693
f 1696/4646/1745 1671/4749/1790 1733/4809/1815
f 1584/4810/1648 2177/4811/1816 1655/4671/1739
f 1672/4812/1757 1715/4813/1817 1666/4814/1724
f 1672/4680/1757 1685/4815/1777 1715/4816/1817
f 1692/4817/1778 1753/4818/1794 1644/4819/1749
f 1615/4702/1678 1716/4788/1805 1592/4820/1677
f 1634/4660/1727 1746/4821/1818 1647/4791/1736
f 1680/4707/1768 1795/4822/1819 1689/4758/1786
f 1647/4791/1736 1746/4821/1818 1727/4792/1807
f 1663/4738/1773 1611/4574/1716 1726/4823/1820
f 1717/4824/1808 1719/4798/1798 1727/4797/1807
f 1702/4771/1800 1731/4825/1821 1728/4801/1810
f 1739/4826/1822 1709/4827/1823 1732/4828/1824
f 1728/4801/1810 1731/4825/1821 1741/4829/1825
f 1691/4830/1774 1773/4831/1826 1705/4832/1789
f 1676/4666/1721 1750/4833/1827 1670/4834/1769
f 1580/4455/1666 1704/4759/1796 1683/4731/1780
f 1337/3837/1424 1625/4471/1671 1712/4621/1737
f 1494/4441/1593 1787/4835/1828 1650/4647/1746
f 1598/4505/1688 1677/4694/1764 1713/4836/1829
f 1598/4837/1688 1714/4838/1830 1584/4839/1648
f 1723/4840/1831 1724/4841/1832 1734/4842/1833
f 1655/4671/1739 2177/4811/1816 1665/4843/1747
f 1603/4524/1697 1756/4844/1803 1574/4845/1657
f 1592/4700/1677 1758/4846/1834 1674/4701/1765
f 1617/4573/1715 1662/4847/1753 1736/4848/1835
f 1694/4849/1785 1680/4715/1768 1667/4685/1680
f 1718/4850/1809 1729/4851/1836 1719/4852/1798
f 1728/4853/1810 1771/4854/1837 1690/4855/1754
f 1719/4852/1798 1729/4851/1836 1708/4856/1799
f 1738/4857/1838 1739/4858/1839 1740/4859/1840
f 1739/4858/1822 1732/4860/1824 1740/4859/1841
f 1636/4620/1728 1638/4742/1719 1704/4861/1796
f 1682/4689/1762 1750/4833/1827 1676/4666/1721
f 1723/4862/1831 1752/4863/1842 1724/4841/1832
f 1734/4842/1833 1724/4841/1832 1743/4864/1843
f 1633/4713/1725 1744/4865/1844 1567/4552/1664
f 1688/4866/1735 1687/4735/1783 1645/4632/1742
f 1609/4659/1690 1679/4704/1767 1760/4867/1845
f 1609/4659/1690 1760/4867/1845 1634/4660/1727
f 1634/4660/1727 1760/4867/1845 1746/4821/1818
f 1680/4868/1768 1694/4869/1785 1795/4870/1819
f 1727/4797/1807 1746/4871/1818 1717/4824/1808
f 1717/4872/1808 1745/4873/1846 1718/4850/1809
f 1669/4688/1761 1762/4874/1811 1772/4875/1847
f 1708/4856/1799 1729/4851/1836 1747/4876/1848
f 1708/4856/1799 1747/4876/1848 1702/4877/1800
f 1702/4877/1800 1747/4876/1848 1731/4878/1821
f 1740/4859/1841 1732/4860/1824 1748/4879/1849
f 1709/4880/1823 1764/4881/1850 1732/4860/1824
f 1732/4860/1824 1764/4881/1850 1748/4879/1849
f 1720/4772/1787 1703/4774/1801 1624/4545/1705
f 1739/4826/1822 1748/4882/1849 1709/4827/1823
f 1739/4826/1822 1740/4883/1841 1748/4882/1849
f 1652/4804/1743 1648/4597/1729 1767/4884/1851
f 1648/4597/1729 1706/4722/1775 1767/4884/1851
f 1622/4720/1755 1681/4885/1788 1625/4708/1671
f 1649/4777/1744 1749/4886/1852 1742/4887/1853
f 1705/4776/1789 1749/4886/1852 1649/4777/1744
f 1649/4777/1744 1742/4887/1853 1682/4888/1762
f 1572/4230/1585 1722/4750/1791 1511/4020/1496
f 1657/4756/1759 1754/4889/1854 1685/4890/1777
f 1659/4655/1750 1753/4754/1794 1755/4891/1855
f 1716/4788/1805 1758/4892/1834 1592/4820/1677
f 1674/4701/1765 1769/4893/1856 1679/4704/1767
f 1760/4894/1845 1745/4895/1846 1717/4896/1808
f 1746/4897/1818 1760/4894/1845 1717/4896/1808
f 1690/4664/1754 1763/4898/1857 1730/4806/1812
f 1611/4574/1716 1623/4555/1709 1721/4807/1813
f 1728/4801/1810 1766/4899/1858 1761/4900/1859
f 1741/4829/1825 1766/4899/1858 1728/4801/1810
f 1731/4901/1821 1764/4881/1850 1709/4880/1823
f 1731/4901/1821 1747/4902/1848 1764/4881/1850
f 1709/4903/1823 1765/4904/1860 1731/4905/1821
f 1741/4829/1825 1705/4906/1789 1766/4899/1858
f 1765/4907/1860 1705/4908/1789 1741/4909/1825
f 1705/4910/1789 1773/4911/1826 1766/4899/1858
f 1765/4912/1860 1749/4886/1852 1705/4776/1789
f 1696/4642/1745 1684/4913/1776 1640/4643/1731
f 1657/4756/1759 1699/4755/1795 1754/4889/1854
f 1591/4699/1676 1756/4844/1803 1603/4524/1697
f 1700/4628/1741 1816/4914/1861 1701/4787/1804
f 1686/4915/1779 1661/4658/1752 1757/4916/1862
f 1646/4613/1734 1759/4917/1863 1694/4737/1785
f 1770/4918/1864 1718/4919/1809 1745/4920/1846
f 1728/4801/1810 1761/4900/1859 1771/4921/1837
f 1770/4918/1864 1764/4922/1850 1718/4919/1809
f 1718/4919/1809 1764/4922/1850 1729/4923/1836
f 1764/4881/1850 1747/4902/1848 1729/4924/1836
f 1731/4925/1821 1765/4907/1860 1741/4909/1825
f 1709/4926/1823 1748/4927/1849 1765/4928/1860
f 1654/4622/1738 1775/4929/1865 1612/4547/1706
f 1554/4254/1595 1814/4930/1866 1654/4670/1738
f 1735/4931/1867 2177/4811/1816 1584/4810/1648
f 1659/4655/1750 1755/4891/1855 1591/4699/1676
f 1608/4629/1701 1778/4932/1868 1616/4488/1679
f 1725/4588/1726 1617/4573/1715 1832/4933/1869
f 1688/4866/1735 1737/4934/1806 1687/4735/1783
f 1690/4935/1754 1771/4936/1837 1763/4937/1857
f 1751/4938/1870 1750/4833/1827 1682/4689/1762
f 1704/4861/1796 1638/4742/1719 1601/4939/1723
f 1671/4749/1790 1697/4940/1763 1733/4809/1815
f 1653/4941/1722 1650/4942/1746 1664/4669/1756
f 1573/4521/1696 1980/4732/1781 1768/4751/1792
f 1591/4699/1676 1777/4943/1871 1756/4844/1803
f 1700/4786/1741 1756/4785/1803 1816/4944/1861
f 1686/4915/1779 1757/4916/1862 1802/4945/1872
f 1701/4787/1804 1778/4932/1868 1608/4629/1701
f 1674/4701/1765 1758/4846/1834 1769/4893/1856
f 1567/4552/1664 1781/4946/1873 1675/4703/1766
f 1693/4947/1784 1616/4612/1679 1782/4948/1874
f 1693/4949/1784 1782/4950/1874 1779/4951/1875
f 1689/4952/1786 1795/4953/1819 1720/4954/1787
f 1669/4688/1761 1772/4875/1847 1737/4789/1806
f 1762/4874/1811 1796/4955/1876 1772/4875/1847
f 1761/4900/1859 1766/4899/1858 1784/4956/1877
f 1811/4957/1878 1670/4709/1769 1750/4958/1827
f 1711/4808/1814 1681/4743/1788 1626/4516/1693
f 1712/4959/1737 1625/4708/1671 1681/4885/1788
f 1733/4960/1815 1684/4913/1776 1696/4642/1745
f 1786/4961/1879 1671/4746/1790 1683/4779/1780
f 1602/4962/1695 1697/4963/1763 1671/4964/1790
f 1712/4965/1737 1787/4835/1828 1494/4441/1593
f 1734/4966/1833 1743/4967/1843 1776/4968/1880
f 1686/4728/1779 1802/4969/1872 1660/4657/1751
f 1646/4970/1734 1693/4971/1784 1779/4972/1875
f 1744/4973/1844 1633/4974/1725 1725/4975/1726
f 1662/4976/1753 1663/4977/1773 1726/4978/1820
f 1726/4979/1820 1611/4980/1716 1721/4981/1813
f 1770/4982/1864 1745/4983/1846 1764/4984/1850
f 1806/4985/1881 1789/4986/1882 1745/4987/1846
f 1745/4987/1846 1789/4986/1882 1764/4988/1850
f 1764/4988/1850 1809/4989/1883 1748/4990/1849
f 1809/4989/1883 1764/4988/1850 1789/4986/1882
f 1809/4991/1883 1765/4992/1860 1748/4993/1849
f 1733/4809/1815 1697/4940/1763 1791/4994/1884
f 1723/4995/1831 1734/4996/1833 1792/4997/1885
f 1755/4998/1855 1777/4999/1871 1591/5000/1676
f 1661/4658/1752 1675/4703/1766 1757/4916/1862
f 1617/4573/1715 1794/5001/1886 1832/4933/1869
f 1687/4735/1783 1737/4934/1806 1780/5002/1887
f 1726/4979/1820 1721/4981/1813 1783/5003/1888
f 1795/4953/1819 1790/5004/1889 1720/4954/1787
f 1851/5005/1890 1763/5006/1857 1771/5007/1837
f 1684/4913/1776 1733/4960/1815 1785/5008/1891
f 1774/5009/1770 1909/5010/1892 1695/5011/1771
f 1695/4745/1771 1650/5012/1746 1653/4580/1722
f 1597/4562/1687 1552/4408/1647 1601/5013/1723
f 1612/4547/1706 1797/5014/1893 1677/4694/1764
f 1723/4995/1831 1792/4997/1885 1752/5015/1842
f 1714/4838/1830 1798/5016/1894 1584/4839/1648
f 1584/4839/1648 1798/5016/1894 1799/5017/1895
f 1799/5017/1895 1735/5018/1867 1584/4839/1648
f 1685/4815/1777 1793/5019/1896 1715/4816/1817
f 1707/4764/1797 1801/5020/1897 1699/4755/1795
f 1778/4932/1868 1804/5021/1898 1616/4488/1679
f 1736/4848/1835 1794/5001/1886 1617/4573/1715
f 1646/4970/1734 1779/4972/1875 1817/5022/1899
f 1725/4975/1726 1834/5023/1900 1744/4973/1844
f 1837/5024/1901 1779/5025/1875 1819/5026/1902
f 1679/4704/1767 1805/5027/1903 1760/4867/1845
f 1760/5028/1845 1806/4985/1881 1745/5029/1846
f 1760/5030/1845 1805/5031/1903 1806/5032/1881
f 1771/5033/1837 1761/5034/1859 1807/5035/1904
f 1761/4900/1859 1784/4956/1877 1807/5036/1904
f 1789/5037/1882 1806/5038/1881 1821/5039/1905
f 1720/4954/1787 1790/5004/1889 1703/5040/1801
f 1762/4805/1811 1808/5041/1906 1796/5042/1876
f 1821/5043/1905 1809/5044/1883 1789/5045/1882
f 1652/4804/1743 1808/5041/1906 1762/4805/1811
f 1730/4806/1812 1853/5046/1907 1691/4721/1774
f 1765/5047/1860 1908/5048/1908 1749/5049/1852
f 1681/4885/1788 1711/5050/1814 1712/4959/1737
f 1704/4759/1796 1786/5051/1879 1683/5052/1780
f 1671/4964/1790 1786/5053/1879 1602/4962/1695
f 1650/4942/1746 1787/5054/1828 1664/4669/1756
f 1554/4254/1595 1581/4464/1662 1814/4930/1866
f 1798/5055/1909 1815/5056/1910 1799/5057/1911
f 1666/5058/1724 1793/5059/1896 1876/4733/1782
f 1666/4814/1724 1715/4813/1817 1793/5060/1896
f 1701/5061/1804 1816/5062/1861 1802/4969/1872
f 1701/4787/1804 1802/5063/1872 1803/5064/1912
f 1802/4945/1872 1757/4916/1862 1803/5065/1912
f 1701/4787/1804 1803/5064/1912 1778/4932/1868
f 1757/4916/1862 1675/4703/1766 1781/4946/1873
f 1616/4488/1679 1804/5021/1898 1782/4950/1874
f 1567/4552/1664 1744/4865/1844 1781/4946/1873
f 1694/4869/1785 1818/5066/1913 1795/4870/1819
f 1679/4704/1767 1820/5067/1914 1805/5027/1903
f 1822/5068/1915 1765/4992/1860 1809/4991/1883
f 1822/5069/1915 1908/5048/1908 1765/5047/1860
f 1691/5070/1774 1810/5071/1916 1773/5072/1826
f 1706/5073/1775 1670/4709/1769 1767/5074/1851
f 1703/4774/1801 1825/5075/1917 1774/4710/1770
f 1826/5076/1918 1791/5077/1884 1697/4693/1763
f 1786/5053/1879 1552/5078/1647 1602/4962/1695
f 1722/4750/1791 1826/5076/1918 1697/4693/1763
f 1714/4838/1830 1799/5017/1895 1798/5016/1894
f 1743/5079/1843 1829/5080/1919 1776/4968/1880
f 1754/5081/1854 1830/5082/1920 1685/5083/1777
f 1660/4657/1751 1831/5084/1921 1678/4712/1772
f 1782/4950/1874 1835/5085/1922 1779/4951/1875
f 1780/5002/1887 1836/5086/1923 1687/4735/1783
f 1687/4735/1783 1836/5086/1923 1716/4788/1805
f 1779/4951/1875 1835/5085/1922 1819/5087/1902
f 1805/5088/1903 1820/5089/1914 1806/4985/1881
f 1820/5089/1914 1839/5090/1924 1806/4985/1881
f 1784/4956/1877 1840/5091/1925 1807/5036/1904
f 1652/4804/1743 1767/4884/1851 1808/5041/1906
f 1784/4956/1877 1766/4899/1858 1823/5092/1926
f 1691/5070/1774 1853/5093/1907 1810/5071/1916
f 1766/4899/1858 1841/5094/1927 1823/5092/1926
f 1749/4886/1852 1824/5095/1928 1742/4887/1853
f 1824/5096/1928 1812/5097/1929 1742/5098/1853
f 1601/4939/1723 1552/5099/1647 1704/4861/1796
f 1695/4745/1771 1858/5100/1930 1650/5012/1746
f 1650/4647/1746 1948/5101/1931 1572/4230/1585
f 1787/4835/1828 1859/5102/1932 1664/5103/1756
f 1572/4230/1585 1948/5101/1931 1722/4750/1791
f 1724/4841/1832 1828/5104/1933 1743/4864/1843
f 1743/4864/1843 1828/5104/1933 1829/5105/1919
f 1827/5106/1934 1846/5107/1935 1788/5108/1936
f 1788/5109/1936 1800/5110/1937 1847/5111/1938
f 1753/4754/1794 1848/5112/1939 1755/4891/1855
f 1699/4755/1795 1801/5020/1897 1754/4889/1854
f 1698/4752/1793 1801/5020/1897 1707/4764/1797
f 1646/4970/1734 1817/5022/1899 1759/5113/1863
f 1781/5114/1873 1744/5115/1844 1879/5116/1940
f 1716/5117/1805 1836/5118/1923 1758/5119/1834
f 1744/5115/1844 1833/5120/1941 1879/5116/1940
f 1694/4869/1785 1906/5121/1942 1818/5066/1913
f 1662/4976/1753 1726/4978/1820 1736/5122/1835
f 1737/5123/1806 1772/5124/1847 1850/5125/1943
f 1806/4985/1881 1839/5090/1924 1821/5126/1905
f 1796/4955/1876 1852/5127/1944 1772/4875/1847
f 1763/4898/1857 1853/5128/1907 1730/4806/1812
f 1821/5126/1905 1867/5129/1945 1809/5130/1883
f 1810/5071/1916 1856/5131/1946 1773/5072/1826
f 1766/5132/1858 1855/5133/1947 1841/5134/1927
f 1841/5135/1948 1855/5136/1947 1773/5137/1826
f 1773/5138/1826 1856/5139/1946 1841/5140/1948
f 1841/5140/1927 1855/5141/1949 1823/5142/1926
f 1841/5140/1948 1856/5139/1946 1855/5141/1949
f 1773/5072/1826 1855/5143/1947 1766/5144/1858
f 1695/5011/1771 1909/5010/1892 1813/5145/1950
f 1712/4965/1737 1859/5102/1932 1787/4835/1828
f 1948/5101/1931 1842/5146/1951 1722/4750/1791
f 1612/4547/1706 1775/4929/1865 1797/5014/1893
f 1843/5147/1952 1860/5148/1953 1844/5149/1954
f 1845/5150/1955 1827/5151/1934 1861/5152/1956
f 1803/5064/1912 1849/5153/1957 1778/4932/1868
f 1778/4932/1868 1849/5153/1957 1804/5021/1898
f 1834/5154/1900 1833/5120/1941 1744/5115/1844
f 1837/5155/1901 1943/5156/1958 1779/5157/1875
f 1837/5158/1901 1819/5159/1902 1864/5160/1959
f 1769/4893/1856 1820/5067/1914 1679/4704/1767
f 1852/5127/1944 1865/5161/1960 1772/4875/1847
f 1839/5090/1924 1866/5162/1961 1821/5126/1905
f 1866/5162/1961 1867/5129/1945 1821/5126/1905
f 1796/5042/1876 1808/5041/1906 1852/5163/1944
f 1822/5068/1915 1809/4991/1883 1867/5164/1945
f 1855/5141/1949 1856/5139/1946 1823/5142/1926
f 1670/4709/1769 1882/5165/1962 1767/5074/1851
f 1670/4709/1769 1857/5166/1963 1882/5165/1962
f 1811/4957/1878 1857/5166/1963 1670/4709/1769
f 1733/5167/1815 1791/5168/1884 1895/5169/1964
f 1695/4745/1771 1813/5170/1950 1858/5100/1930
f 1704/4759/1796 1552/5171/1647 1786/5051/1879
f 1711/4808/1814 1664/4669/1756 1859/5172/1932
f 1722/4750/1791 1842/5146/1951 1826/5076/1918
f 1870/5173/1965 1860/5148/1953 1843/5147/1952
f 1933/5174/1966 1871/5175/1967 1896/5176/1968
f 1799/5017/1895 1714/4838/1830 1735/5018/1867
f 1752/4863/1842 1873/5177/1969 1724/4841/1832
f 1827/5151/1934 1788/5109/1936 1861/5152/1956
f 1788/5109/1936 1874/5178/1970 1861/5152/1956
f 1788/5109/1936 1847/5111/1938 1874/5178/1970
f 1885/5179/1971 1846/5107/1935 1827/5106/1934
f 1800/5110/1937 1862/5180/1972 1847/5111/1938
f 1754/4889/1854 1801/5020/1897 1830/5181/1920
f 1803/5064/1912 1877/5182/1973 1849/5153/1957
f 1803/5064/1912 1757/5183/1862 1877/5184/1973
f 1759/4917/1863 1878/5185/1974 1694/4737/1785
f 1759/5113/1863 1817/5022/1899 1889/5186/1975
f 1769/4893/1856 1758/4846/1834 1927/5187/1976
f 1769/4893/1856 1927/5187/1976 1820/5067/1914
f 1818/5066/1913 1880/5188/1977 1795/4870/1819
f 1772/5124/1847 1865/5189/1960 1850/5125/1943
f 1771/5190/1837 1807/5191/1904 1851/5192/1890
f 1851/5005/1890 1907/5193/1978 1763/5006/1857
f 1784/5194/1877 1881/5195/1979 1840/5196/1925
f 1866/5197/1961 1822/5068/1915 1867/5164/1945
f 1784/5198/1877 1823/5199/1926 1868/5200/1980
f 1822/5201/1915 1866/5202/1961 1908/5203/1908
f 1749/4886/1852 1908/5204/1908 1824/5095/1928
f 1684/5205/1776 1785/5206/1891 1710/5207/1802
f 1915/5208/1981 1871/5175/1967 1933/5174/1966
f 1898/5209/1982 1872/5210/1983 1883/5211/1984
f 1829/5105/1919 1886/5212/1985 1776/5213/1880
f 2177/4811/1816 1863/5214/1986 1665/4843/1747
f 1800/5215/1937 1875/5216/1987 1862/5217/1972
f 1793/5019/1896 1685/4815/1777 2113/5218/1988
f 1673/4678/1733 1904/5219/1989 1692/4780/1778
f 1802/4969/1872 2114/5220/1990 1660/4657/1751
f 1960/5221/1991 1802/4969/1872 1816/5062/1861
f 1757/5222/1862 1888/5223/1992 1877/5224/1973
f 1757/4916/1862 1781/4946/1873 1888/5225/1992
f 1878/5185/1974 1906/5226/1942 1694/4737/1785
f 1779/5227/1875 1890/5228/1993 1817/5229/1899
f 1779/5157/1875 1943/5156/1958 1890/5230/1993
f 1780/5002/1887 1891/5231/1994 1836/5086/1923
f 1737/4934/1806 1891/5231/1994 1780/5002/1887
f 1907/5232/1978 1892/5233/1995 1763/4898/1857
f 1795/4870/1819 1838/5234/1996 1790/5235/1889
f 1851/5005/1890 1968/5236/1997 1907/5193/1978
f 1703/4774/1801 1854/5237/1998 1825/5075/1917
f 1742/4887/1853 1812/5238/1929 1869/5239/1999
f 1751/4938/1870 1970/5240/2000 1750/4833/1827
f 1742/4887/1853 1869/5239/1999 1682/4888/1762
f 1682/4888/1762 1869/5239/1999 1751/5241/1870
f 1895/5242/1964 1894/5243/2001 1733/4960/1815
f 1895/5242/1964 1791/5077/1884 1826/5076/1918
f 1711/5050/1814 1859/5244/1932 1712/4959/1737
f 1650/4647/1746 1858/5245/1930 1948/5101/1931
f 1935/5246/2002 1885/5247/1971 1845/5248/1955
f 1883/5249/1984 1752/5250/1842 1898/5251/1982
f 1918/5252/2003 1861/5253/1956 1884/5254/2004
f 1918/5252/2003 1845/5255/1955 1861/5253/1956
f 1885/5247/1971 1827/5256/1934 1845/5248/1955
f 1873/5257/1969 1828/5258/1933 1724/5259/1832
f 1828/5104/1933 1899/5260/2005 1829/5105/1919
f 1900/5261/2006 1847/5262/1938 1901/5263/2007
f 1903/5264/2008 1887/5265/2009 1902/5266/2010
f 1905/5267/2011 1755/4891/1855 1848/5112/1939
f 1831/5084/1921 1660/4657/1751 2114/5220/1990
f 1782/4950/1874 1804/5021/1898 1925/5268/2012
f 1834/5023/1900 1725/4975/1726 2009/5269/2013
f 1961/5270/2014 1835/5271/1922 1782/5272/1874
f 1819/5273/1902 1835/5274/1922 2057/5275/2015
f 1758/4846/1834 1836/5276/1923 1927/5187/1976
f 1891/5231/1994 1932/5277/2016 1836/5086/1923
f 1850/5278/1943 1891/5279/1994 1737/5280/1806
f 1929/5281/2017 1807/5282/1904 1840/5283/1925
f 1763/4898/1857 2014/5284/2018 1853/5128/1907
f 1882/5285/1962 1808/5041/1906 1767/4884/1851
f 1823/5286/1926 1856/5131/1946 1810/5071/1916
f 1969/5287/2019 1812/5238/1929 1824/5095/1928
f 1909/5010/1892 1774/5009/1770 1825/5288/1917
f 1910/5289/2020 1911/5290/2021 1894/5243/2022
f 1894/5243/2001 1910/5289/2023 1733/4960/1815
f 1912/5291/2024 1914/5292/2025 1913/5293/2026
f 1792/5294/1885 1898/5295/1982 1752/5296/1842
f 1752/5297/1842 1883/5211/1984 1873/5298/1969
f 1861/5299/1956 1919/5300/2027 1884/5301/2004
f 1861/5152/1956 1874/5178/1970 2001/5302/2028
f 1937/5303/2029 1847/5304/1938 1900/5305/2006
f 1847/5306/1938 1862/5307/1972 1901/5263/2007
f 1901/5263/2007 1862/5307/1972 1939/5308/2030
f 1938/5309/2031 1939/5310/2030 1921/5311/2032
f 1698/4752/1793 1831/5084/1921 1801/5020/1897
f 1831/5084/1921 1698/4752/1793 1678/4712/1772
f 1877/5312/1973 1923/5313/2033 1849/5314/1957
f 1781/5114/1873 1879/5116/1940 1888/5315/1992
f 2009/5269/2013 1725/4975/1726 1832/5316/1869
f 1834/5317/1900 1926/5318/2034 1833/5319/1941
f 1943/5320/1958 1835/5274/1922 1961/5270/2014
f 1928/5321/2035 1851/5322/1890 1807/5323/1904
f 1928/5324/2035 1807/5325/1904 1929/5326/2017
f 1967/5327/2036 1865/5161/1960 1852/5127/1944
f 1820/5067/1914 1930/5328/2037 1839/5329/1924
f 1891/5231/1994 1931/5330/2038 1932/5277/2016
f 1987/5331/2039 1931/5332/2038 1891/5279/1994
f 1881/5333/1979 1784/5198/1877 1868/5200/1980
f 1868/5334/1980 1823/5335/1926 1947/5336/2040
f 1857/5166/1963 1811/4957/1878 1931/5337/2038
f 1751/5241/1870 1869/5239/1999 1970/5338/2000
f 1895/5242/1964 2160/5339/2041 1894/5243/2001
f 2160/5339/2041 1910/5289/2023 1894/5243/2001
f 1895/5340/1964 1826/5341/1918 1993/5342/2042
f 1897/5343/2043 1916/5344/2044 1917/5345/2045
f 1814/4930/1866 1581/4464/1662 2061/5346/2046
f 1918/5347/2003 1935/5246/2002 1845/5248/1955
f 1934/5348/2047 1936/5349/2048 1872/5350/1983
f 1872/5350/1983 1936/5349/2048 1883/5351/1984
f 1861/5352/1956 2001/5353/2028 1919/5354/2027
f 1734/4966/1833 1776/5355/1880 2124/5356/2049
f 1884/5254/2004 2001/5357/2028 1874/5358/1970
f 1776/5359/1880 1886/5360/1985 1920/5361/2050
f 1874/5362/1970 1847/5363/1938 1937/5364/2029
f 1938/5365/2031 1900/5305/2006 1939/5366/2030
f 1900/5305/2006 1901/5367/2007 1939/5368/2030
f 1886/5212/1985 1903/5264/2008 1902/5266/2010
f 1902/5369/2010 1887/5370/2009 1922/5371/2051
f 1804/5021/1898 1849/5153/1957 1925/5372/2012
f 2009/5269/2013 1942/5373/2052 1834/5023/1900
f 1890/5230/1993 1943/5156/1958 1961/5374/2014
f 1794/5375/1886 1736/5122/1835 1726/4978/1820
f 1819/5376/1902 1944/5377/2053 1864/5378/1959
f 1819/5376/1902 2057/5379/2015 1944/5377/2053
f 1880/5188/1977 1838/5234/1996 1795/4870/1819
f 1836/5086/1923 1932/5277/2016 1927/5380/1976
f 1851/5381/1890 1928/5382/2035 1968/5383/1997
f 1850/5278/1943 1985/5384/2054 1891/5279/1994
f 1891/5279/1994 1985/5384/2054 1987/5331/2039
f 1929/5385/2017 1840/5196/1925 1946/5386/2055
f 2014/5284/2018 2038/5387/2056 1853/5128/1907
f 1839/5329/1924 1908/5203/1908 1866/5202/1961
f 1823/5286/1926 1810/5071/1916 1947/5388/2040
f 1987/5389/2039 1882/5165/1962 1857/5166/1963
f 1987/5389/2039 1857/5166/1963 1931/5337/2038
f 1908/5204/1908 1969/5287/2019 1824/5095/1928
f 1811/4957/1878 1750/5390/1827 2018/5391/2057
f 1785/5008/1891 1733/4960/1815 2160/5339/2041
f 1733/4960/1815 1910/5289/2023 2160/5339/2041
f 1994/5392/2058 1914/5393/2025 1912/5394/2024
f 1870/5395/1965 1843/5396/1952 1950/5397/2059
f 1951/5398/2060 1918/5399/2003 1975/5400/2061
f 1898/5295/1982 1934/5401/2047 1872/5402/1983
f 1916/5403/2044 1897/5404/2043 1935/5405/2002
f 1951/5406/2060 1935/5246/2002 1918/5347/2003
f 1918/5407/2003 1884/5408/2004 2027/5409/2062
f 2027/5410/2062 1884/5411/2004 1874/5412/1970
f 1846/5107/1935 1800/5413/1937 1788/5108/1936
f 1886/5414/1985 1902/5369/2010 2006/5415/2063
f 1954/5416/2064 2005/5417/2065 1829/5105/1919
f 1957/5418/2066 1956/5419/2067 1938/5365/2031
f 1938/5365/2031 1956/5419/2067 1900/5305/2006
f 1829/5105/1919 2005/5417/2065 1886/5212/1985
f 2005/5417/2065 1903/5264/2008 1886/5212/1985
f 2005/5420/2065 1958/5421/2068 1903/5422/2008
f 1903/5423/2008 1922/5424/2051 1887/5425/2009
f 1876/4733/1782 1793/5059/1896 2053/5426/2069
f 1959/5427/2070 1753/5428/1794 1692/5429/1778
f 1802/4969/1872 1960/5221/1991 2114/5220/1990
f 1759/5113/1863 1889/5186/1975 1941/5430/2071
f 1925/5431/2012 1924/5432/2072 1782/5272/1874
f 1817/5229/1899 2086/5433/2073 1889/5434/1975
f 1834/5435/1900 1942/5436/2052 1926/5437/2034
f 1963/5438/2074 1965/5439/2075 1962/5440/2076
f 1965/5441/2075 1967/5442/2036 1962/5443/2076
f 1962/5443/2076 1967/5442/2036 1852/5444/1944
f 1865/5189/1960 1985/5445/2054 1850/5125/1943
f 1820/5067/1914 1927/5187/1976 1930/5328/2037
f 1892/5233/1995 2014/5284/2018 1763/4898/1857
f 1868/5446/1980 1946/5447/2055 1840/5448/1925
f 1881/5333/1979 1988/5449/2077 1946/5450/2055
f 1881/5333/1979 1868/5200/1980 1988/5449/2077
f 1703/4774/1801 2017/5451/2078 1854/5237/1998
f 1813/5145/1950 1971/5452/2079 1948/5453/1931
f 1813/5170/1950 1948/5454/1931 1858/5100/1930
f 1948/5455/1931 2120/5456/2080 1842/5146/1951
f 1915/5457/1981 1950/5458/2059 1871/5459/1967
f 1843/5460/1952 1844/5461/1954 2065/5462/2081
f 1898/5295/1982 2046/5463/2082 1934/5401/2047
f 1792/5464/1885 1734/4996/1833 2047/5465/2083
f 1978/5466/2084 1952/5467/2085 1977/5468/2086
f 1776/5469/1880 1979/5470/2087 2124/5471/2049
f 1776/5469/1880 1920/5472/2050 1979/5470/2087
f 1937/5473/2029 2080/5474/2088 1874/5475/1970
f 1954/5476/2064 1829/5477/1919 1899/5478/2005
f 2026/5479/2089 1955/5480/2090 2004/5481/2091
f 2004/5482/2091 1955/5483/2090 1981/5484/2092
f 1902/5485/2010 1922/5486/2051 2006/5487/2063
f 1921/5488/2032 2030/5489/2093 1938/5490/2031
f 1862/5491/1972 1875/5492/1987 2196/5493/2094
f 1921/5494/2032 1939/5495/2030 2168/5496/2095
f 1877/5497/1973 1888/5225/1992 1923/5498/2033
f 1782/5499/1874 1924/5500/2072 1961/5501/2014
f 1925/5431/2012 1849/5502/1957 1923/5313/2033
f 1864/5160/1959 1984/5503/2096 1837/5158/1901
f 1926/5504/2034 1945/5505/2097 1833/5506/1941
f 1963/5507/2074 1962/5508/2076 1964/5509/2098
f 1852/5163/1944 1808/5041/1906 2015/5510/2099
f 1840/5511/1925 1990/5512/2100 1988/5513/2077
f 1990/5514/2100 1840/5515/1925 1989/5516/2101
f 1840/5517/1925 1988/5518/2077 1868/5519/1980
f 1946/5450/2055 1990/5520/2102 1881/5333/1979
f 1946/5450/2055 1868/5521/1980 1990/5520/2102
f 1840/5522/1925 1881/5333/1979 1989/5523/2101
f 1881/5333/1979 1990/5520/2102 1989/5523/2101
f 2117/5524/2103 1721/5525/1813 1991/5526/2104
f 2038/5527/2056 1810/5071/1916 1853/5093/1907
f 1930/5328/2037 1908/5203/1908 1839/5329/1924
f 1992/5528/2105 2160/5339/2041 1895/5242/1964
f 1826/5076/1918 1842/5146/1951 1993/5529/2042
f 1654/4622/1738 1972/5530/2106 1775/4929/1865
f 1860/5148/1953 1870/5173/1965 1949/5531/2107
f 1973/5532/2108 1913/5533/2026 1914/5534/2025
f 1914/5535/2025 1950/5458/2059 1915/5457/1981
f 1933/5174/1966 1973/5536/2108 1915/5208/1981
f 1933/5537/1966 1896/5538/1968 1996/5539/2109
f 1951/5398/2060 1974/5540/2110 1916/5344/2044
f 1951/5541/2060 1916/5403/2044 1935/5405/2002
f 1917/5542/2045 2020/5543/2111 1976/5544/2112
f 1897/5545/2043 1997/5546/2113 1935/5405/2002
f 1976/5547/2114 1997/5548/2113 1897/5549/2043
f 1976/5547/2112 2020/5550/2111 1997/5548/2113
f 1976/5551/2112 1998/5552/2115 1917/5553/2045
f 1998/5552/2115 1897/5554/2043 1917/5553/2045
f 1976/5555/2116 1998/5556/2117 1997/5557/2118
f 1976/5555/2114 1897/5558/2043 1998/5556/2115
f 1898/5295/1982 1792/5294/1885 2047/5559/2083
f 1977/5560/2086 1952/5561/2085 2021/5562/2119
f 1999/5563/2120 1978/5466/2084 1977/5468/2086
f 1919/5564/2027 2001/5565/2028 1884/5566/2004
f 2067/5567/2121 2026/5568/2089 2004/5569/2091
f 1920/5570/2050 1886/5414/1985 2006/5415/2063
f 2005/5417/2065 2007/5571/2122 1958/5572/2068
f 2030/5489/2093 1921/5488/2032 2031/5573/2123
f 1862/5307/1972 1982/5574/2124 1939/5308/2030
f 1939/5495/2030 1982/5575/2124 2168/5496/2095
f 1905/5576/2011 1777/4999/1871 1755/4998/1855
f 1940/5577/2125 1830/5181/1920 1801/5020/1897
f 1888/5225/1992 1879/5578/1940 1983/5579/2126
f 1924/5432/2072 1925/5431/2012 2010/5580/2127
f 2010/5580/2127 1925/5431/2012 1923/5313/2033
f 1817/5229/1899 1890/5581/1993 2086/5433/2073
f 1961/5582/2014 2011/5583/2128 1890/5584/1993
f 1906/5121/1942 1880/5188/1977 1818/5066/1913
f 1984/5503/2096 2011/5585/2128 1837/5158/1901
f 1837/5158/1901 2011/5585/2128 1943/5586/1958
f 1864/5378/1959 1944/5377/2053 2012/5587/2129
f 1964/5588/2098 1966/5589/2130 1963/5590/2074
f 1865/5591/1960 2013/5592/2131 1985/5593/2054
f 1968/5594/1997 2014/5595/2018 1907/5596/1978
f 1892/5597/1995 1907/5596/1978 2014/5595/2018
f 1962/5598/2076 1852/5599/1944 2015/5600/2099
f 1721/5525/1813 2117/5524/2103 1783/5601/1888
f 1990/5520/2132 2016/5602/2133 1989/5523/2134
f 1990/5520/2102 1868/5521/1980 2016/5602/2135
f 1808/5603/1906 1882/5165/1962 2015/5604/2099
f 1790/5235/1889 2017/5451/2078 1703/4774/1801
f 1932/5277/2016 1931/5330/2038 1986/5605/2136
f 1908/5204/1908 1930/5606/2037 1969/5287/2019
f 1721/5525/1813 1710/5607/1802 1991/5526/2104
f 1931/5337/2038 1811/4957/1878 2018/5391/2057
f 1869/5239/1999 1969/5287/2019 2089/5608/2137
f 1812/5238/1929 1969/5287/2019 1869/5239/1999
f 1914/5535/2025 1994/5609/2058 1950/5458/2059
f 1860/5610/1953 2187/5611/2138 1844/5612/1954
f 1598/4505/1688 1713/4836/1829 1714/5613/1830
f 1915/5208/1981 1973/5536/2108 1914/5614/2025
f 1843/5396/1952 2065/5615/2081 1950/5397/2059
f 1896/5616/1968 1871/5617/1967 2122/5618/2139
f 1974/5540/2110 1951/5398/2060 1975/5400/2061
f 1997/5546/2113 2020/5619/2111 1935/5405/2002
f 2065/5620/2081 2023/5621/2140 1999/5563/2120
f 1952/5622/2085 2000/5623/2141 2021/5624/2119
f 1953/5625/2142 1873/5298/1969 1883/5211/1984
f 1999/5563/2120 2023/5621/2140 1978/5466/2084
f 1952/5626/2085 1978/5627/2084 2024/5628/2143
f 1883/5211/1984 1936/5629/2048 1953/5625/2142
f 1828/5630/1933 1873/5631/1969 1953/5632/2142
f 1936/5633/2048 2025/5634/2144 1828/5635/1933
f 1828/5104/1933 2025/5636/2144 1899/5260/2005
f 2002/5637/2145 2049/5638/2146 2003/5639/2147
f 2028/5640/2148 1955/5480/2090 2026/5479/2089
f 1954/5641/2064 1899/5642/2005 2025/5643/2144
f 2002/5644/2145 2003/5645/2147 2028/5646/2148
f 2004/5647/2091 1981/5648/2092 2051/5649/2149
f 1938/5490/2031 2030/5489/2093 1957/5650/2066
f 1921/5494/2032 2168/5496/2095 2031/5651/2123
f 1665/5652/1747 1904/5653/1989 1673/5654/1733
f 1692/4780/1778 1904/5219/1989 1959/5655/2070
f 1685/5656/1777 1830/5657/1920 2113/5658/1988
f 2055/5659/2150 1960/5221/1991 1816/5062/1861
f 1879/5578/1940 1833/5319/1941 2056/5660/2151
f 2011/5661/2128 2032/5662/2152 1943/5663/1958
f 1943/5663/1958 2032/5662/2152 1835/5664/1922
f 1833/5319/1941 1945/5665/2097 2056/5660/2151
f 1926/5666/2034 2087/5667/2153 1945/5668/2097
f 1945/5665/2097 2087/5669/2153 2056/5660/2151
f 1944/5670/2053 1964/5671/2098 1962/5672/2076
f 2073/5673/2154 1726/4978/1820 1783/5601/1888
f 1963/5674/2074 2034/5675/2155 1965/5676/2075
f 1963/5677/2074 1966/5678/2130 2034/5679/2155
f 1928/5680/2035 2035/5681/2156 1968/5383/1997
f 1962/5682/2076 2015/5510/2099 2033/5683/2157
f 1865/5684/1960 1967/5685/2036 2013/5686/2131
f 1929/5687/2017 2035/5688/2156 1928/5689/2035
f 1927/5380/1976 1932/5277/2016 1986/5605/2136
f 2013/5690/2131 1987/5691/2039 1985/5384/2054
f 1929/5692/2017 1946/5693/2055 2035/5694/2156
f 1990/5512/2100 2016/5695/2135 1988/5513/2077
f 1988/5696/2077 2037/5697/2158 2036/5698/2159
f 2016/5699/2135 2037/5700/2158 1988/5701/2077
f 1947/5702/2040 2036/5703/2160 1868/5519/1980
f 1868/5521/1980 2036/5704/2160 2037/5705/2158
f 1868/5521/1980 2037/5705/2158 2016/5602/2135
f 1987/5389/2039 2058/5706/2161 1882/5165/1962
f 1931/5330/2038 2018/5707/2057 1986/5605/2136
f 1710/5708/1802 1893/5709/2162 1991/5710/2104
f 1895/5242/1964 1993/5529/2042 1992/5528/2105
f 1842/5146/1951 2040/5711/2163 1993/5529/2042
f 2019/5712/2164 2040/5713/2163 2041/5714/2165
f 1860/5715/1953 1949/5716/2107 2187/5717/2138
f 1896/5616/1968 2122/5618/2139 1996/5718/2109
f 1898/5295/1982 2047/5559/2083 2046/5463/2082
f 1918/5407/2003 2027/5409/2062 1975/5719/2061
f 1977/5720/2086 2022/5721/2166 1999/5722/2120
f 2047/5559/2083 1734/5723/1833 2124/5724/2049
f 2024/5628/2143 2000/5725/2141 1952/5626/2085
f 1828/5635/1933 1953/5632/2142 1936/5633/2048
f 2092/5726/2167 2049/5727/2146 2023/5728/2140
f 2023/5728/2140 2049/5727/2146 2002/5729/2145
f 2048/5730/2168 2025/5731/2144 1936/5732/2048
f 2028/5640/2148 2026/5479/2089 2024/5733/2143
f 2067/5734/2121 2004/5735/2091 2029/5736/2169
f 2050/5737/2170 1800/5413/1937 1846/5107/1935
f 2004/5738/2091 2051/5739/2149 2095/5740/2171
f 1980/5741/1781 1876/5742/1782 2052/5743/2172
f 1982/5744/2124 1862/5491/1972 2196/5493/2094
f 2052/5743/2172 1876/5742/1782 2053/5745/2069
f 1863/5214/1986 1904/5746/1989 1665/4843/1747
f 2054/5747/2173 1777/4999/1871 1905/5576/2011
f 2055/5659/2150 1816/5062/1861 1756/4844/1803
f 2086/5748/2073 1941/5430/2071 1889/5186/1975
f 1879/5578/1940 2056/5660/2151 1983/5579/2126
f 2012/5749/2129 1944/5750/2053 1962/5508/2076
f 1838/5751/1996 2118/5752/2174 1790/5753/1889
f 2013/5754/2131 2058/5706/2161 1987/5389/2039
f 2035/5755/2156 1946/5756/2055 2037/5757/2175
f 2036/5758/2159 1946/5756/2055 1988/5759/2077
f 2037/5757/2175 1946/5756/2055 2036/5758/2159
f 2037/5760/2175 1947/5702/2040 2035/5694/2156
f 2035/5761/2156 1810/5071/1916 2038/5527/2056
f 2036/5703/2160 1947/5702/2040 2037/5760/2175
f 1947/5388/2040 1810/5071/1916 2035/5761/2156
f 2076/5762/2176 1909/5010/1892 1825/5288/1917
f 2018/5763/2057 1750/4833/1827 1970/5240/2000
f 1893/5709/2162 1710/5708/1802 1785/5764/1891
f 2059/5765/2177 1971/5452/2079 1813/5145/1950
f 2039/5766/2178 1993/5529/2042 2019/5767/2164
f 2040/5768/2163 2019/5769/2164 1993/5770/2042
f 1654/4670/1738 1814/4930/1866 2061/5346/2046
f 1912/5394/2024 1913/5771/2026 2060/5772/2179
f 2061/5773/2046 1995/5774/2180 2042/5775/2181
f 2061/5773/2046 2062/5776/2182 1995/5774/2180
f 2042/5777/2181 1995/5778/2180 2043/5779/2183
f 2063/5780/2184 2062/5781/2185 2043/5782/2186
f 2043/5783/2186 2062/5784/2182 2064/5785/2187
f 2042/5786/2181 2062/5787/2185 2063/5788/2184
f 1995/5774/2180 2062/5776/2182 2043/5789/2183
f 2042/5790/2181 2043/5791/2183 2062/5792/2185
f 2063/5788/2184 2043/5793/2186 2064/5794/2187
f 2187/5611/2138 2044/5795/2188 1844/5612/1954
f 1950/5458/2059 2045/5796/2189 1871/5459/1967
f 2122/5618/2139 1871/5617/1967 2045/5797/2189
f 2093/5798/2190 2065/5799/2081 1999/5800/2120
f 2066/5801/2191 1936/5349/2048 1934/5348/2047
f 2022/5802/2166 1977/5803/2086 2021/5804/2119
f 2093/5805/2190 1999/5806/2120 2022/5807/2166
f 2024/5808/2143 1978/5809/2084 2023/5810/2140
f 2026/5568/2089 2067/5567/2121 2024/5811/2143
f 2025/5812/2144 2048/5813/2168 2079/5814/2192
f 2049/5815/2146 2027/5816/2062 2068/5817/2193
f 1937/5818/2029 2069/5819/2194 2080/5820/2088
f 2004/5738/2091 2095/5740/2171 2029/5821/2169
f 1956/5822/2067 2070/5823/2195 1900/5305/2006
f 1937/5303/2029 1900/5305/2006 2070/5823/2195
f 2006/5824/2063 1922/5825/2051 2096/5826/2196
f 1753/4754/1794 1959/5827/2070 1848/5112/1939
f 2085/5828/2197 1923/5498/2033 1983/5579/2126
f 1888/5225/1992 1983/5579/2126 1923/5498/2033
f 1983/5579/2126 2056/5660/2151 2072/5829/2198
f 2012/5830/2129 1984/5503/2096 1864/5160/1959
f 1794/5375/1886 1726/4978/1820 2073/5673/2154
f 1835/5831/1922 2032/5832/2152 2057/5833/2015
f 1962/5508/2076 2033/5834/2157 2012/5749/2129
f 1964/5588/2098 2034/5835/2155 1966/5589/2130
f 2118/5752/2174 2017/5836/2078 1790/5753/1889
f 2035/5761/2156 2038/5527/2056 2075/5837/2199
f 2015/5604/2099 1882/5165/1962 2058/5706/2161
f 1909/5010/1892 2077/5838/2200 1813/5145/1950
f 1870/5173/1965 1994/5392/2058 1949/5531/2107
f 1870/5839/1965 1950/5397/2059 1994/5840/2058
f 2061/5773/2046 2064/5841/2187 2062/5776/2182
f 1975/5842/2061 2210/5843/2201 1974/5844/2110
f 1916/5845/2044 2020/5846/2111 1917/5847/2045
f 2049/5848/2146 2126/5849/2202 2027/5850/2062
f 2002/5851/2145 2028/5852/2148 2023/5853/2140
f 2027/5854/2062 1874/5855/1970 2068/5856/2193
f 2049/5638/2146 2068/5857/2193 2003/5639/2147
f 2028/5640/2148 2082/5858/2203 1955/5480/2090
f 1800/5413/1937 2050/5737/2170 2008/5859/2204
f 1800/5413/1937 2083/5860/2205 1875/5861/1987
f 1875/5862/1987 2084/5863/2206 2196/5864/2094
f 1923/5498/2033 2085/5828/2197 2010/5865/2127
f 1983/5866/2126 2072/5867/2198 2085/5868/2197
f 1926/5437/2034 1942/5436/2052 2087/5869/2153
f 1890/5584/1993 2011/5583/2128 2086/5748/2073
f 1984/5503/2096 2086/5870/2073 2011/5585/2128
f 2011/5661/2128 1961/5501/2014 2032/5662/2152
f 2087/5869/2153 2088/5871/2207 2056/5872/2151
f 1965/5676/2075 2074/5873/2208 1967/5874/2036
f 1968/5594/1997 2075/5875/2199 2014/5595/2018
f 1968/5876/1997 2035/5694/2156 2075/5877/2199
f 2038/5527/2056 2014/5878/2018 2075/5837/2199
f 1986/5879/2136 1930/5328/2037 1927/5187/1976
f 1930/5328/2037 2089/5880/2137 1969/5881/2019
f 2076/5762/2176 2077/5838/2200 1909/5010/1892
f 2018/5763/2057 1970/5240/2000 2162/5882/2209
f 1992/5528/2105 1993/5529/2042 2039/5766/2178
f 1797/5014/1893 1775/4929/1865 2090/5883/2210
f 1972/5884/2106 1654/4670/1738 2061/5346/2046
f 2064/5841/2187 2061/5773/2046 2063/5885/2184
f 2044/5795/2188 2092/5886/2167 2065/5620/2081
f 2021/5804/2119 2093/5798/2190 2022/5802/2166
f 2020/5887/2111 1885/5179/1971 1935/5888/2002
f 2021/5562/2119 2000/5889/2141 2142/5890/2211
f 2024/5891/2143 2023/5892/2140 2028/5893/2148
f 2024/5811/2143 2079/5894/2192 2000/5895/2141
f 2000/5895/2141 2079/5814/2192 2048/5896/2168
f 2024/5811/2143 2067/5567/2121 2079/5894/2192
f 2095/5897/2171 2079/5898/2192 2029/5899/2169
f 2079/5900/2192 2094/5901/2212 2025/5902/2144
f 2079/5894/2192 2095/5903/2171 2094/5904/2212
f 2067/5905/2121 2029/5899/2169 2079/5898/2192
f 2006/5906/2063 2096/5907/2196 1920/5908/2050
f 1956/5909/2067 1957/5910/2066 2081/5911/2213
f 1878/5912/1974 1759/5113/1863 1941/5430/2071
f 1941/5430/2071 2086/5748/2073 2098/5913/2214
f 1924/5500/2072 2135/5914/2215 1961/5501/2014
f 1961/5501/2014 2135/5914/2215 2099/5915/2216
f 1961/5501/2014 2099/5915/2216 2032/5662/2152
f 2057/5833/2015 2032/5832/2152 2116/5916/2217
f 1944/5670/2053 2057/5917/2015 1964/5671/2098
f 2073/5673/2154 1783/5601/1888 2101/5918/2218
f 1967/5685/2036 2074/5919/2208 2015/5920/2099
f 1967/5921/2036 2015/5922/2099 2013/5923/2131
f 2015/5604/2099 2058/5706/2161 2013/5924/2131
f 2060/5925/2179 1913/5926/2026 1973/5927/2108
f 2091/5928/2219 2102/5929/2220 2042/5930/2181
f 2102/5929/2220 2061/5931/2046 2042/5930/2181
f 2063/5788/2184 2174/5932/2221 2042/5786/2181
f 1933/5174/1966 1996/5933/2109 2138/5934/2222
f 1844/5461/1954 2044/5935/2188 2065/5462/2081
f 2045/5797/2189 2153/5936/2223 2122/5618/2139
f 2065/5937/2081 2093/5938/2190 2045/5939/2189
f 2093/5938/2190 2153/5940/2223 2045/5939/2189
f 2104/5941/2224 2066/5801/2191 1934/5348/2047
f 2046/5463/2082 2047/5559/2083 2105/5942/2225
f 1975/5719/2061 2027/5409/2062 2078/5943/2226
f 2065/5620/2081 2092/5886/2167 2023/5621/2140
f 2092/5944/2167 2107/5945/2227 2049/5946/2146
f 1874/5855/1970 2108/5947/2228 2068/5856/2193
f 2081/5948/2213 2069/5949/2194 1956/5950/2067
f 1981/5951/2092 1955/5952/2090 2097/5953/2229
f 1981/5951/2092 2097/5953/2229 2194/5954/2230
f 1922/5371/2051 2110/5955/2231 2096/5956/2196
f 1800/5413/1937 2008/5859/2204 2083/5860/2205
f 2083/5860/2205 2084/5957/2206 1875/5861/1987
f 1922/5958/2051 1903/5959/2008 2111/5960/2232
f 1793/5059/1896 2113/5961/1988 2053/5426/2069
f 1959/5827/2070 2071/5962/2233 1848/5112/1939
f 1942/5436/2052 2009/5963/2013 2087/5869/2153
f 1924/5500/2072 2010/5964/2127 2135/5914/2215
f 1984/5965/2096 2012/5966/2129 2116/5967/2217
f 2012/5966/2129 2100/5968/2234 2116/5967/2217
f 2087/5869/2153 2146/5969/2235 2088/5871/2207
f 2057/5833/2015 2116/5916/2217 2100/5970/2234
f 1880/5188/1977 2170/5971/2236 1838/5234/1996
f 2057/5972/2015 2100/5973/2234 1964/5974/2098
f 2101/5918/2218 1783/5601/1888 2117/5524/2103
f 1965/5676/2075 2034/5675/2155 2074/5873/2208
f 1930/5328/2037 1986/5879/2136 2161/5975/2237
f 2018/5707/2057 2162/5976/2209 1986/5605/2136
f 2059/5765/2177 2119/5977/2238 1971/5452/2079
f 1912/5394/2024 2136/5978/2239 1994/5392/2058
f 1933/5174/1966 2138/5934/2222 1973/5536/2108
f 2065/5979/2081 2045/5980/2189 1950/5981/2059
f 1974/5982/2110 2123/5983/2240 1916/5845/2044
f 2046/5463/2082 2104/5984/2224 1934/5401/2047
f 2047/5559/2083 2124/5985/2049 2105/5942/2225
f 2021/5562/2119 2142/5890/2211 2189/5986/2241
f 2126/5849/2202 2106/5987/2242 2027/5850/2062
f 1936/5349/2048 2066/5801/2191 2048/5988/2168
f 2094/5901/2212 2095/5989/2171 2127/5990/2243
f 2003/5639/2147 2068/5857/2193 2165/5991/2244
f 2003/5992/2147 2165/5993/2244 2028/5994/2148
f 1937/5818/2029 2070/5995/2195 2129/5996/2245
f 2081/5997/2213 1957/5998/2066 2130/5999/2246
f 2069/5949/2194 2130/6000/2247 1956/5950/2067
f 2095/5989/2171 2051/5649/2149 2127/5990/2243
f 2051/5649/2149 2194/6001/2230 2109/6002/2248
f 1981/5951/2092 2194/5954/2230 2051/6003/2149
f 1982/5575/2124 2131/6004/2249 2168/5496/2095
f 1903/5959/2008 1958/6005/2068 2111/5960/2232
f 2112/6006/2250 2110/5955/2231 1922/5371/2051
f 1848/5112/1939 2071/5962/2233 2197/6007/2251
f 1756/4844/1803 2132/6008/2252 2055/5659/2150
f 2056/5660/2151 2115/6009/2253 2072/5829/2198
f 2056/5660/2151 2088/6010/2207 2115/6009/2253
f 2012/6011/2129 2033/6012/2157 2147/6013/2254
f 1785/5764/1891 2172/6014/2255 1893/5709/2162
f 2089/5608/2137 2162/6015/2209 1869/5239/1999
f 1869/5239/1999 2162/6015/2209 1970/5338/2000
f 2040/5713/2163 2173/6016/2256 2041/5714/2165
f 2041/6017/2165 2173/6018/2256 2148/6019/2257
f 1677/4694/1764 1797/5014/1893 1713/4836/1829
f 2060/5772/2179 2136/5978/2239 1912/5394/2024
f 1994/5392/2058 2136/5978/2239 1949/5531/2107
f 1973/6020/2108 2137/6021/2258 2060/6022/2179
f 2063/5788/2184 2103/6023/2259 2174/5932/2221
f 1916/6024/2044 2139/6025/2260 2020/5887/2111
f 2020/5887/2111 2139/6025/2260 1885/5179/1971
f 2126/5849/2202 2125/6026/2261 2106/5987/2242
f 2126/6027/2202 2049/6028/2146 2107/6029/2227
f 2069/6030/2194 2081/6031/2213 2144/6032/2262
f 1937/5818/2029 2129/5996/2245 2069/5819/2194
f 2130/6033/2246 2144/6032/2262 2081/6031/2213
f 2130/6000/2246 1957/6034/2066 2145/6035/2263
f 2130/6000/2247 2145/6035/2264 1956/5950/2067
f 2144/6036/2262 2145/6037/2263 1957/5998/2066
f 2069/6038/2194 2145/6039/2264 2130/6040/2247
f 2130/6040/2246 2145/6039/2263 2144/6041/2262
f 2069/6038/2194 2128/6042/2265 2145/6039/2264
f 2145/6043/2264 2128/6044/2265 1956/6045/2067
f 2051/5649/2149 2109/6002/2248 2127/5990/2243
f 2071/6046/2233 1959/6047/2070 1904/6048/1989
f 1848/6049/1939 2197/6050/2251 1905/6051/2011
f 2114/5220/1990 2159/6052/2266 1831/5084/1921
f 2085/6053/2197 2135/5914/2215 2010/5964/2127
f 2100/6054/2234 2034/5675/2155 1964/5671/2098
f 1825/5288/1917 1854/6055/1998 2076/5762/2176
f 1813/5145/1950 2077/5838/2200 2059/5765/2177
f 1971/6056/2079 2119/6057/2238 1948/6058/1931
f 2041/6059/2165 2148/6060/2257 2019/6061/2164
f 1842/5146/1951 2120/5456/2080 2040/5711/2163
f 1775/4929/1865 1972/5530/2106 2121/6062/2267
f 2136/5978/2239 2150/6063/2268 1949/5531/2107
f 1949/5531/2107 2150/6063/2268 2151/6064/2269
f 1949/5531/2107 2151/6064/2269 2149/6065/2270
f 1949/6066/2107 2149/6067/2270 2187/6068/2138
f 2091/6069/2219 2152/6070/2271 2163/6071/2272
f 1973/5536/2108 2138/5934/2222 2137/6072/2258
f 2063/5885/2184 2061/5773/2046 2103/6073/2259
f 2078/6074/2226 2210/6075/2201 1975/5400/2061
f 2210/6076/2201 2123/5983/2240 1974/5982/2110
f 2021/5804/2119 2188/6077/2273 2093/5798/2190
f 2093/5798/2190 2188/6077/2273 2153/6078/2223
f 1581/4464/1662 2140/6079/2274 2061/5346/2046
f 2044/5795/2188 2125/6080/2261 2092/5886/2167
f 2078/5943/2226 2027/5409/2062 2106/6081/2242
f 2104/5941/2224 2141/6082/2275 2066/5801/2191
f 1581/4464/1662 1768/6083/1792 2140/6079/2274
f 2066/5801/2191 2141/6082/2275 2048/5988/2168
f 2092/5944/2167 2154/6084/2276 2107/5945/2227
f 2080/6085/2088 2156/6086/2277 1874/6087/1970
f 2096/5956/2196 2205/6088/2278 1920/5570/2050
f 2025/6089/2144 2143/6090/2279 1954/6091/2064
f 2069/6092/2194 2144/6093/2262 2080/6094/2088
f 1863/6095/1986 2071/6046/2233 1904/5653/1989
f 1940/5577/2125 2113/6096/1988 1830/5181/1920
f 2114/5220/1990 1960/5221/1991 2226/6097/2280
f 1906/5226/1942 2183/6098/2281 2133/6099/2282
f 2009/5963/2013 2146/5969/2235 2087/5869/2153
f 2012/6100/2129 2147/6101/2254 2100/6102/2234
f 2100/6103/2234 2184/6104/2283 2034/6105/2155
f 2033/6012/2157 2015/6106/2099 2184/6107/2283
f 2015/6106/2099 2074/6108/2208 2184/6107/2283
f 2184/6104/2283 2074/6109/2208 2034/6105/2155
f 2171/6110/2284 2160/5339/2041 2201/6111/2285
f 2161/5975/2237 2089/5880/2137 1930/5328/2037
f 2160/6112/2041 2172/6113/2255 1785/6114/1891
f 2039/6115/2178 2019/6116/2164 2148/6117/2257
f 2119/6118/2238 2120/6119/2080 1948/5454/1931
f 2090/5883/2210 1775/4929/1865 2121/6062/2267
f 2149/6065/2286 2151/6064/2269 2150/6063/2268
f 2149/6120/2287 2164/6121/2288 2151/6122/2289
f 2164/6123/2290 2187/6068/2138 2149/6067/2270
f 2164/6121/2290 2149/6120/2286 2150/6124/2268
f 2163/6125/2272 2102/5929/2220 2091/5928/2219
f 2174/5932/2221 2091/6069/2219 2042/5786/2181
f 1972/6126/2106 2061/5773/2046 2102/6127/2220
f 2122/5618/2139 2104/6128/2224 1996/5718/2109
f 1996/6129/2109 2046/5463/2082 2105/5942/2225
f 2123/5983/2240 2139/6130/2260 1916/5845/2044
f 1846/5107/1935 1885/5179/1971 2139/6025/2260
f 2243/6131/2291 2048/5988/2168 2141/6082/2275
f 2280/6132/2292 1954/6091/2064 2143/6090/2279
f 2165/5991/2244 2068/5857/2193 2157/6133/2293
f 2166/6134/2294 2094/5901/2212 2127/5990/2243
f 2128/6044/2265 2069/6135/2194 2129/6136/2245
f 2082/6137/2203 2097/5953/2229 1955/5952/2090
f 2144/6138/2262 1957/6139/2066 2030/6140/2093
f 2096/5956/2196 2110/5955/2231 2167/6141/2295
f 1980/6142/1781 2052/6143/2172 2083/6144/2205
f 2030/5489/2093 2031/5573/2123 2158/6145/2296
f 2054/6146/2173 1756/4844/1803 1777/4943/1871
f 2198/6147/2297 1960/6148/1991 2055/6149/2150
f 2183/6098/2281 1906/5226/1942 1878/5185/1974
f 2146/5969/2235 2009/5963/2013 2283/6150/2298
f 2134/6151/2299 1794/5375/1886 2073/5673/2154
f 2200/6152/2300 1984/6153/2096 2116/6154/2217
f 2072/5829/2198 2201/6155/2285 2085/6156/2197
f 2135/5914/2215 2169/6157/2301 2099/5915/2216
f 2072/6158/2198 2171/6159/2284 2201/6160/2285
f 2115/6161/2253 2171/6159/2284 2072/6158/2198
f 1986/5605/2136 2162/5976/2209 2161/6162/2237
f 2162/6015/2209 2089/5608/2137 2161/6163/2237
f 2222/6164/2302 1992/5528/2105 2039/5766/2178
f 2164/6121/2290 2150/6124/2268 2187/5611/2138
f 2163/6071/2272 2152/6070/2271 2187/6165/2138
f 2091/6069/2219 2174/5932/2221 2152/6070/2271
f 1996/6166/2109 2104/6167/2224 2046/6168/2082
f 2061/5773/2046 2140/6169/2274 2103/6073/2259
f 2105/5942/2225 2175/6170/2303 1996/6129/2109
f 2188/6171/2273 2021/5562/2119 2189/5986/2241
f 2044/5795/2188 2106/6172/2242 2125/6080/2261
f 2105/5942/2225 2124/6173/2049 2176/6174/2304
f 2189/6175/2241 2142/6176/2211 2141/6177/2275
f 2205/6088/2278 2096/5956/2196 2167/6141/2295
f 1956/5950/2067 2128/6178/2265 2070/6179/2195
f 1980/6142/1781 2083/6144/2205 2008/6180/2204
f 2112/6006/2250 2179/6181/2305 2110/5955/2231
f 1940/5577/2125 2180/6182/2306 2113/6096/1988
f 2183/6098/2281 1878/5185/1974 2231/6183/2307
f 1878/5185/1974 1941/6184/2071 2231/6183/2307
f 2086/5748/2073 1984/6153/2096 2200/6152/2300
f 2135/5914/2215 2085/6185/2197 2169/6157/2301
f 2085/6156/2197 2201/6155/2285 2169/6186/2301
f 2115/6187/2253 2088/6188/2207 2146/6189/2235
f 2099/6190/2216 2116/6154/2217 2032/6191/2152
f 1991/5710/2104 1893/5709/2162 2117/6192/2103
f 2160/5339/2041 2239/6193/2308 2201/6111/2285
f 2160/5339/2041 1992/5528/2105 2239/6193/2308
f 1854/6055/1998 2252/6194/2309 2076/5762/2176
f 2163/6125/2272 2150/6195/2268 2102/5929/2220
f 2137/6072/2258 2138/5934/2222 2175/6170/2303
f 1996/6129/2109 2175/6170/2303 2138/5934/2222
f 2103/6023/2259 2123/6196/2240 2174/5932/2221
f 2188/6197/2273 2189/6198/2241 2104/5941/2224
f 2104/5941/2224 2189/6198/2241 2141/6082/2275
f 2103/6023/2259 2139/6199/2260 2123/6196/2240
f 2105/6200/2225 2176/6201/2304 2204/6202/2310
f 2125/6203/2261 2154/6084/2276 2092/5944/2167
f 2141/6082/2275 2211/6204/2311 2243/6131/2291
f 1920/6205/2050 2205/6206/2278 1979/6207/2087
f 2068/5856/2193 2108/5947/2228 2155/6208/2312
f 2068/5856/2193 2155/6208/2312 2157/6209/2293
f 2080/6085/2088 2192/6210/2313 2156/6086/2277
f 1954/6091/2064 2280/6132/2292 2005/6211/2065
f 2080/6212/2088 2144/6032/2262 2192/6213/2313
f 2109/6002/2248 2193/6214/2314 2127/5990/2243
f 2028/5640/2148 2206/6215/2315 2082/5858/2203
f 2177/6216/1816 2167/6217/2295 1863/6095/1986
f 2030/6218/2093 2158/6219/2296 2195/6220/2316
f 2007/5571/2122 2261/6221/2317 1958/5572/2068
f 2112/6222/2250 1922/6223/2051 2111/6224/2232
f 2178/6225/2318 2196/6226/2094 2084/6227/2206
f 1801/5020/1897 1831/5084/1921 2159/6052/2266
f 1832/4933/1869 2182/6228/2319 2009/5963/2013
f 2009/5963/2013 2182/6228/2319 2283/6150/2298
f 2098/5913/2214 2086/5748/2073 2200/6152/2300
f 2171/6159/2284 2221/6229/2320 2160/6112/2041
f 2221/6229/2320 2172/6113/2255 2160/6112/2041
f 2202/6230/2321 2077/5838/2200 2076/5762/2176
f 1992/5528/2105 2222/6164/2302 2239/6193/2308
f 2222/6231/2302 2039/6115/2178 2186/6232/2322
f 2090/6233/2210 2136/6234/2239 1797/6235/1893
f 1797/6235/1893 2060/6236/2179 1713/6237/1829
f 2136/5978/2239 2060/5772/2179 1797/6238/1893
f 1972/6239/2106 2102/5929/2220 2121/6240/2267
f 2150/6241/2268 2163/6071/2272 2187/6165/2138
f 2060/5772/2179 2137/6072/2258 1713/6242/1829
f 1713/6242/1829 2137/6072/2258 2175/6170/2303
f 2187/6243/2138 2152/6244/2271 2210/6245/2201
f 2175/6246/2303 2105/6247/2225 1713/6248/1829
f 2122/6249/2139 2153/6078/2223 2104/6250/2224
f 2188/6077/2273 2104/6250/2224 2153/6078/2223
f 2125/6251/2261 2126/6027/2202 2190/6252/2323
f 2176/6253/2304 2124/6254/2049 2205/6255/2278
f 2025/5902/2144 2191/6256/2324 2143/6257/2279
f 2025/5902/2144 2094/5901/2212 2191/6256/2324
f 2165/6258/2244 2213/6259/2325 2028/6260/2148
f 2265/6261/2326 2194/5954/2230 2097/5953/2229
f 2030/6218/2093 2195/6220/2316 2215/6262/2327
f 1982/6263/2124 2308/6264/2328 2131/6265/2249
f 2132/6266/2252 2198/6147/2297 2055/6149/2150
f 2199/6267/2329 2246/6268/2330 2181/6269/2331
f 1941/6270/2071 2098/6271/2214 2231/6272/2307
f 2133/6273/2282 1880/5188/1977 1906/5121/1942
f 2100/6102/2234 2147/6101/2254 2184/6274/2283
f 2116/6154/2217 2099/6190/2216 2185/6275/2332
f 2099/5915/2216 2169/6157/2301 2185/6276/2332
f 2169/6186/2301 2201/6155/2285 2234/6277/2333
f 2170/5971/2236 2118/6278/2174 1838/5234/1996
f 2220/6279/2334 2185/6276/2332 2202/6280/2321
f 2202/6281/2321 2235/6282/2335 2077/5838/2200
f 2077/6283/2200 2235/6284/2335 2059/6285/2177
f 2039/6115/2178 2203/6286/2336 2236/6287/2337
f 2039/6115/2178 2148/6117/2257 2203/6286/2336
f 2120/6288/2080 2173/6016/2256 2040/5713/2163
f 2121/6289/2267 2136/5978/2239 2090/6290/2210
f 2121/6289/2267 2150/6063/2268 2136/5978/2239
f 1713/6291/1829 2105/6292/2225 1714/6293/1830
f 2187/5611/2138 2210/6294/2201 2044/5795/2188
f 2174/6295/2221 2123/6296/2240 2152/6297/2271
f 2210/6294/2201 2078/6298/2226 2044/5795/2188
f 2152/6297/2271 2123/6296/2240 2210/6299/2201
f 1714/6300/1830 2105/5942/2225 2204/6301/2310
f 2078/6302/2226 2106/5987/2242 2044/6303/2188
f 2190/6252/2323 2126/6027/2202 2107/6029/2227
f 2048/5896/2168 2243/6304/2291 2000/5895/2141
f 1735/5018/1867 2214/6305/2338 2177/6216/1816
f 2094/5901/2212 2166/6134/2294 2212/6306/2339
f 2008/6180/2204 2050/6307/2170 1980/6142/1781
f 2082/6137/2203 2206/6308/2315 2097/5953/2229
f 2205/6088/2278 2167/6141/2295 2214/6309/2338
f 2144/6036/2262 2030/6310/2093 2215/6311/2327
f 2109/6002/2248 2194/6001/2230 2193/6214/2314
f 2005/6312/2065 2216/6313/2340 2007/6314/2122
f 2225/6315/2341 2168/6316/2095 2131/6317/2249
f 1982/6263/2124 2196/5493/2094 2308/6264/2328
f 2084/5957/2206 2083/5860/2205 2282/6318/2342
f 2052/5743/2172 2282/6319/2342 2083/6320/2205
f 1801/5020/1897 2180/6182/2306 1940/5577/2125
f 1801/5020/1897 2159/6052/2266 2180/6182/2306
f 2181/6321/2331 2227/6322/2343 2199/6323/2329
f 1832/4933/1869 1794/5001/1886 2219/6324/2344
f 1794/5001/1886 2134/6325/2299 2219/6324/2344
f 2033/6012/2157 2184/6107/2283 2147/6013/2254
f 2185/6276/2332 2220/6326/2334 2116/6327/2217
f 2234/6277/2333 2201/6155/2285 2239/6328/2308
f 2118/5752/2174 2284/6329/2345 2017/5836/2078
f 2117/6192/2103 2172/6014/2255 2209/6330/2346
f 2117/6192/2103 1893/5709/2162 2172/6014/2255
f 2059/6331/2177 2255/6332/2347 2119/6333/2238
f 2121/6334/2267 2102/6335/2220 2150/6336/2268
f 1714/4838/1830 2204/6337/2310 1735/5018/1867
f 2103/6073/2259 2140/6169/2274 2139/6025/2260
f 2141/6338/2275 2142/6339/2211 2211/6340/2311
f 2124/6341/2049 1979/6342/2087 2205/6343/2278
f 1768/6344/1792 1980/6345/1781 2241/6346/2348
f 1980/6347/1781 2050/6307/2170 2241/6348/2348
f 2165/6258/2244 2224/6349/2349 2213/6259/2325
f 2158/6350/2296 2031/6351/2123 2225/6352/2341
f 2167/6217/2295 2071/6046/2233 1863/6095/1986
f 2112/6222/2250 2111/6224/2232 2179/6353/2305
f 1905/6051/2011 2197/6050/2251 2217/6354/2350
f 1960/6148/1991 2198/6147/2297 2226/6355/2280
f 2181/6356/2331 2228/6357/2351 2227/6358/2343
f 2218/6359/2352 2207/6360/2353 2244/6361/2354
f 2230/6362/2355 2183/6363/2281 2231/6364/2307
f 2219/6324/2344 2208/6365/2356 1832/4933/1869
f 1832/4933/1869 2208/6365/2356 2182/6228/2319
f 2133/6273/2282 2232/6366/2357 1880/5188/1977
f 2200/6152/2300 2116/6154/2217 2220/6367/2334
f 2115/6187/2253 2221/6229/2320 2171/6159/2284
f 2117/6192/2103 2209/6330/2346 2101/6368/2218
f 2253/6369/2358 2235/6284/2335 2202/6280/2321
f 2186/6232/2322 2039/6115/2178 2236/6287/2337
f 2243/6304/2291 2142/6370/2211 2000/5895/2141
f 1846/5107/1935 2241/6371/2348 2050/5737/2170
f 2094/5901/2212 2212/6306/2339 2191/6256/2324
f 2280/6132/2292 2223/6372/2359 2005/6211/2065
f 2223/6373/2359 2319/6374/2360 2005/6375/2065
f 2214/6376/2338 2167/6377/2295 2177/6378/1816
f 2225/6315/2341 2260/6379/2361 2168/6316/2095
f 2168/5496/2095 2260/6380/2361 2031/6381/2123
f 2052/5743/2172 2053/5745/2069 2282/6319/2342
f 2110/5955/2231 2179/6181/2305 2237/6382/2362
f 2181/6356/2331 2229/6383/2363 2228/6357/2351
f 2207/6360/2353 2291/6384/2364 2244/6361/2354
f 2248/6385/2365 2208/6386/2356 2247/6387/2366
f 2247/6388/2366 2208/6389/2356 2219/6390/2344
f 2269/6391/2367 2146/6189/2235 2283/6392/2298
f 2146/6189/2235 2269/6391/2367 2115/6187/2253
f 2169/6157/2301 2238/6393/2368 2185/6276/2332
f 2169/6186/2301 2234/6277/2333 2233/6394/2369
f 2185/6276/2332 2253/6369/2358 2202/6280/2321
f 2185/6276/2332 2251/6395/2370 2253/6369/2358
f 2284/6329/2345 2252/6396/2309 2017/5836/2078
f 2202/6230/2321 2076/5762/2176 2252/6194/2309
f 2017/5836/2078 2252/6396/2309 1854/6397/1998
f 2186/6232/2322 2240/6398/2371 2222/6399/2302
f 2119/6333/2238 2257/6400/2372 2120/6288/2080
f 2140/6079/2274 1768/6083/1792 2241/6401/2348
f 2204/6202/2310 2176/6201/2304 2242/6402/2373
f 2242/6403/2373 2214/6305/2338 1735/5018/1867
f 2242/6402/2373 2205/6088/2278 2214/6309/2338
f 2114/5220/1990 2226/6097/2280 2159/6052/2266
f 2181/6356/2331 2246/6404/2330 2229/6383/2363
f 2230/6405/2355 2245/6406/2374 2246/6407/2330
f 2245/6406/2374 2230/6405/2355 2231/6408/2307
f 2247/6409/2366 2219/6410/2344 2249/6411/2375
f 2098/5913/2214 2200/6152/2300 2250/6412/2376
f 2232/6366/2357 2170/5971/2236 1880/5188/1977
f 2220/6413/2334 2202/6230/2321 2270/6414/2377
f 2185/6276/2332 2238/6393/2368 2251/6395/2370
f 2222/6415/2302 2254/6416/2378 2239/6328/2308
f 2119/6333/2238 2255/6332/2347 2257/6400/2372
f 2139/6025/2260 2140/6169/2274 2241/6371/2348
f 2139/6025/2260 2241/6371/2348 1846/5107/1935
f 2243/6304/2291 2258/6417/2379 2142/6370/2211
f 2205/6088/2278 2242/6402/2373 2176/6201/2304
f 1874/6418/1970 2156/6419/2277 2108/6420/2228
f 2165/6421/2244 2157/6422/2293 2224/6423/2349
f 2028/5640/2148 2213/6424/2325 2206/6215/2315
f 2127/5990/2243 2193/6214/2314 2166/6134/2294
f 2097/5953/2229 2305/6425/2380 2265/6261/2326
f 2031/6351/2123 2260/6426/2361 2225/6352/2341
f 1958/6427/2068 2261/6428/2317 2111/6429/2232
f 2111/6224/2232 2266/6430/2381 2179/6353/2305
f 1905/5576/2011 2217/6431/2350 2054/5747/2173
f 2218/6432/2352 2291/6433/2364 2207/6434/2353
f 2227/6435/2343 2229/6436/2363 2199/6437/2329
f 2247/6387/2366 2262/6438/2382 2248/6385/2365
f 2244/6361/2354 2249/6439/2375 2218/6359/2352
f 2183/6098/2281 2279/6440/2383 2133/6099/2282
f 2220/6367/2334 2270/6441/2377 2200/6152/2300
f 2269/6391/2367 2221/6229/2320 2115/6187/2253
f 2169/6157/2301 2233/6442/2369 2238/6393/2368
f 2263/6443/2384 2284/6444/2345 2118/6445/2174
f 2209/6330/2346 2172/6014/2255 2221/6446/2320
f 2202/6230/2321 2252/6194/2309 2284/6444/2345
f 2222/6415/2302 2240/6447/2371 2254/6416/2378
f 2186/6232/2322 2236/6287/2337 2256/6448/2385
f 2120/6288/2080 2273/6449/2386 2173/6016/2256
f 2204/6202/2310 2242/6402/2373 1735/6450/1867
f 2264/6451/2387 2212/6452/2339 2265/6453/2326
f 2212/6452/2339 2166/6454/2294 2265/6453/2326
f 2265/6261/2326 2193/6455/2314 2194/5954/2230
f 2005/6456/2065 2319/6374/2360 2216/6457/2340
f 2225/6458/2341 2259/6459/2388 2158/6460/2296
f 2084/6461/2206 2282/6462/2342 2178/6463/2318
f 2054/5747/2173 2132/6266/2252 1756/6464/1803
f 2249/6439/2375 2262/6438/2382 2247/6387/2366
f 2231/6465/2307 2267/6466/2389 2245/6467/2374
f 2230/6362/2355 2246/6468/2330 2183/6363/2281
f 2279/6469/2383 2232/6366/2357 2133/6273/2282
f 2134/6151/2299 2073/5673/2154 2268/6470/2390
f 2101/6368/2218 2209/6330/2346 2271/6471/2391
f 2170/6472/2236 2263/6473/2384 2118/5752/2174
f 2234/6277/2333 2239/6328/2308 2272/6474/2392
f 2253/6475/2358 2314/6476/2393 2235/6477/2335
f 2166/6454/2294 2193/6478/2314 2265/6453/2326
f 2097/5953/2229 2206/6308/2315 2305/6425/2380
f 2158/6479/2296 2259/6480/2388 2195/6220/2316
f 2054/5747/2173 2198/6147/2297 2132/6266/2252
f 2291/6384/2364 2275/6481/2394 2244/6361/2354
f 2246/6407/2330 2245/6406/2374 2276/6482/2395
f 2219/6410/2344 2278/6483/2396 2249/6411/2375
f 2248/6484/2365 2182/6485/2319 2208/6486/2356
f 2255/6332/2347 2300/6487/2397 2257/6400/2372
f 2107/5945/2227 2154/6084/2276 2274/6488/2398
f 2129/6489/2245 2304/6490/2399 2128/6491/2265
f 2128/6492/2265 2304/6493/2399 2281/6494/2400
f 2215/6311/2327 2304/6495/2399 2144/6036/2262
f 2215/6262/2327 2195/6220/2316 2281/6496/2400
f 2131/6265/2249 2259/6497/2388 2225/6498/2341
f 2110/5955/2231 2361/6499/2401 2167/6141/2295
f 2228/6500/2351 2229/6436/2363 2227/6435/2343
f 2249/6439/2375 2292/6501/2402 2262/6438/2382
f 2249/6439/2375 2244/6361/2354 2292/6501/2402
f 2246/6468/2330 2351/6502/2403 2183/6363/2281
f 2231/6465/2307 2098/6503/2214 2267/6466/2389
f 2234/6277/2333 2285/6504/2404 2233/6394/2369
f 2202/6230/2321 2284/6444/2345 2270/6414/2377
f 2239/6328/2308 2254/6416/2378 2272/6474/2392
f 2240/6447/2371 2313/6505/2405 2254/6416/2378
f 2235/6506/2335 2255/6332/2347 2059/6507/2177
f 2240/6398/2371 2186/6232/2322 2256/6448/2385
f 2125/6508/2261 2190/6509/2323 2154/6510/2276
f 2345/6511/2406 2274/6488/2398 2154/6084/2276
f 2155/6512/2312 2108/6513/2228 2303/6514/2407
f 2128/6515/2265 2288/6516/2408 2070/5823/2195
f 2304/6517/2399 2215/6262/2327 2281/6496/2400
f 2128/6518/2265 2281/6519/2400 2288/6520/2408
f 2195/6220/2316 2259/6480/2388 2289/6521/2409
f 2216/6522/2340 2261/6221/2317 2007/5571/2122
f 2131/6523/2249 2323/6524/2410 2259/6525/2388
f 2167/6526/2295 2361/6527/2401 2290/6528/2411
f 2282/6319/2342 2053/5745/2069 2389/6529/2412
f 2226/6530/2280 2327/6531/2413 2159/6532/2266
f 2229/6533/2363 2277/6534/2414 2293/6535/2415
f 2229/6536/2363 2246/6268/2330 2277/6537/2414
f 2199/6538/2329 2229/6533/2363 2293/6535/2415
f 2293/6535/2415 2246/6539/2330 2199/6538/2329
f 2218/6432/2352 2249/6540/2375 2291/6433/2364
f 2219/6541/2344 2134/6542/2299 2278/6543/2396
f 2294/6544/2416 2221/6229/2320 2269/6391/2367
f 2294/6545/2416 2209/6330/2346 2221/6446/2320
f 2234/6277/2333 2295/6546/2417 2285/6504/2404
f 2312/6547/2418 2295/6548/2417 2234/6549/2333
f 2295/6546/2417 2296/6550/2419 2285/6504/2404
f 2295/6546/2420 2297/6551/2421 2296/6550/2422
f 2234/6552/2333 2272/6553/2392 2312/6554/2418
f 2251/6395/2370 2298/6555/2423 2253/6369/2358
f 2120/6288/2080 2334/6556/2424 2273/6449/2386
f 2173/6557/2256 2301/6558/2425 2148/6117/2257
f 2211/6559/2311 2316/6560/2426 2302/6561/2427
f 2211/6559/2311 2302/6561/2427 2243/6562/2291
f 2190/6252/2323 2107/6029/2227 2303/6563/2407
f 2211/6564/2311 2142/6565/2211 2316/6566/2426
f 2318/6567/2428 2280/6132/2292 2143/6090/2279
f 2318/6568/2428 2330/6569/2429 2280/6570/2292
f 2264/6571/2387 2265/6572/2326 2286/6573/2430
f 2144/6032/2262 2304/6574/2399 2192/6213/2313
f 2330/6575/2429 2321/6576/2431 2280/6577/2292
f 2280/6578/2292 2321/6579/2431 2287/6580/2432
f 2213/6259/2325 2306/6581/2433 2206/6308/2315
f 2206/6308/2315 2306/6581/2433 2305/6425/2380
f 2131/6265/2249 2308/6582/2328 2323/6583/2410
f 2261/6428/2317 2322/6584/2434 2111/6429/2232
f 2249/6540/2375 2310/6585/2435 2291/6433/2364
f 2183/6098/2281 2351/6586/2403 2279/6440/2383
f 2200/6587/2300 2270/6414/2377 2250/6588/2376
f 2073/5673/2154 2311/6589/2436 2268/6470/2390
f 2285/6590/2404 2296/6591/2419 2312/6592/2418
f 2312/6593/2418 2296/6594/2419 2295/6595/2417
f 2315/6596/2437 2255/6332/2347 2235/6506/2335
f 2236/6287/2337 2299/6597/2438 2256/6448/2385
f 2173/6016/2256 2273/6449/2386 2301/6598/2425
f 2303/6563/2407 2107/6029/2227 2155/6512/2312
f 2318/6599/2428 2143/6600/2279 2243/6562/2291
f 2107/5945/2227 2274/6488/2398 2155/6601/2312
f 2155/6601/2312 2274/6488/2398 2157/6602/2293
f 2264/6603/2387 2191/6604/2324 2212/6605/2339
f 2280/6578/2292 2319/6606/2360 2223/6607/2359
f 2129/6608/2245 2070/6609/2195 2156/6610/2277
f 2280/6578/2292 2287/6580/2432 2319/6606/2360
f 2265/6572/2326 2305/6611/2380 2320/6612/2439
f 2321/6579/2431 2307/6613/2440 2287/6580/2432
f 2196/5493/2094 2178/6614/2318 2308/6264/2328
f 2113/6615/1988 2325/6616/2441 2053/6617/2069
f 2197/6007/2251 2326/6618/2442 2217/6619/2350
f 2113/6096/1988 2180/6182/2306 2325/6620/2441
f 2382/6621/2443 2198/6147/2297 2054/5747/2173
f 2328/6622/2444 2293/6623/2415 2277/6624/2414
f 2246/6407/2330 2276/6482/2395 2277/6625/2414
f 2249/6626/2375 2278/6627/2396 2310/6628/2435
f 2073/5673/2154 2101/5918/2218 2311/6589/2436
f 2343/6629/2445 2270/6414/2377 2284/6444/2345
f 2271/6471/2391 2209/6330/2346 2294/6545/2416
f 2312/6593/2418 2329/6630/2446 2285/6631/2404
f 2272/6632/2392 2254/6633/2378 2312/6634/2418
f 2253/6635/2358 2298/6555/2423 2314/6636/2393
f 2240/6398/2371 2256/6448/2385 2313/6637/2405
f 2148/6117/2257 2301/6558/2425 2203/6286/2336
f 2317/6638/2447 2303/6639/2407 2108/6640/2228
f 2264/6571/2387 2286/6573/2430 2191/6641/2324
f 2286/6573/2430 2265/6572/2326 2320/6612/2439
f 2129/6489/2245 2156/6642/2277 2304/6490/2399
f 2192/6643/2313 2304/6490/2399 2156/6642/2277
f 2195/6220/2316 2289/6521/2409 2281/6496/2400
f 2287/6580/2432 2307/6613/2440 2322/6644/2434
f 2110/6645/2231 2237/6646/2362 2324/6647/2448
f 2290/6648/2411 2071/6046/2233 2167/6217/2295
f 2275/6481/2394 2292/6501/2402 2244/6361/2354
f 2262/6649/2382 2331/6650/2449 2248/6651/2365
f 2310/6628/2435 2278/6627/2396 2391/6652/2450
f 2283/6392/2298 2333/6653/2451 2269/6391/2367
f 2343/6629/2445 2284/6444/2345 2263/6443/2384
f 2233/6394/2369 2285/6504/2404 2329/6654/2446
f 2238/6655/2368 2377/6656/2452 2251/6395/2370
f 2235/6657/2335 2314/6658/2393 2315/6659/2437
f 2257/6400/2372 2334/6556/2424 2120/6288/2080
f 2318/6599/2428 2243/6562/2291 2335/6660/2453
f 2142/6370/2211 2258/6417/2379 2316/6661/2426
f 2337/6662/2454 2318/6599/2428 2335/6660/2453
f 2243/6663/2291 2143/6664/2279 2258/6665/2379
f 2337/6662/2454 2330/6666/2429 2318/6599/2428
f 2143/6664/2279 2191/6667/2324 2258/6665/2379
f 2157/6209/2293 2213/6259/2325 2224/6349/2349
f 2286/6668/2430 2320/6669/2439 2345/6670/2406
f 2345/6670/2406 2305/6425/2380 2306/6581/2433
f 2320/6669/2439 2305/6425/2380 2345/6670/2406
f 2281/6496/2400 2289/6521/2409 2288/6671/2408
f 2287/6580/2432 2216/6672/2340 2319/6606/2360
f 2323/6673/2410 2308/6674/2328 2339/6675/2455
f 2322/6644/2434 2261/6676/2317 2287/6580/2432
f 2287/6580/2432 2261/6676/2317 2216/6672/2340
f 2322/6677/2434 2266/6430/2381 2111/6224/2232
f 2179/6678/2305 2266/6679/2381 2237/6680/2362
f 2198/6147/2297 2405/6681/2456 2226/6355/2280
f 2226/6355/2280 2405/6681/2456 2309/6682/2457
f 2246/6683/2330 2293/6684/2415 2332/6685/2458
f 2332/6686/2458 2351/6687/2403 2246/6688/2330
f 2267/6689/2389 2098/6690/2214 2341/6691/2459
f 2250/6412/2376 2342/6692/2460 2098/5913/2214
f 2134/6693/2299 2268/6694/2390 2311/6695/2436
f 2170/6696/2236 2375/6697/2461 2263/6443/2384
f 2255/6332/2347 2315/6596/2437 2359/6698/2462
f 2236/6287/2337 2203/6286/2336 2299/6597/2438
f 2316/6699/2426 2345/6700/2406 2344/6701/2463
f 2316/6702/2426 2258/6703/2379 2286/6668/2430
f 2316/6699/2426 2286/6704/2430 2345/6700/2406
f 2317/6705/2447 2366/6706/2464 2303/6707/2407
f 2108/5947/2228 2336/6708/2465 2317/6705/2447
f 2258/6709/2379 2191/6710/2324 2286/6711/2430
f 2345/6670/2406 2306/6581/2433 2274/6712/2398
f 2274/6712/2398 2213/6259/2325 2157/6209/2293
f 2274/6712/2398 2306/6581/2433 2213/6259/2325
f 2156/6610/2277 2070/6609/2195 2338/6713/2466
f 2330/6714/2429 2348/6715/2467 2321/6716/2431
f 2070/6609/2195 2288/6717/2408 2338/6713/2466
f 2289/6718/2409 2323/6524/2410 2288/6719/2408
f 2288/6719/2408 2323/6524/2410 2339/6720/2455
f 2289/6718/2409 2259/6525/2388 2323/6524/2410
f 2340/6721/2468 2322/6722/2434 2307/6723/2440
f 2110/5955/2231 2324/6724/2448 2361/6499/2401
f 2308/6264/2328 2178/6614/2318 2353/6725/2469
f 2159/6726/2266 2327/6531/2413 2180/6727/2306
f 2245/6406/2374 2349/6728/2470 2276/6482/2395
f 2275/6481/2394 2383/6729/2471 2292/6501/2402
f 2291/6433/2364 2310/6585/2435 2275/6730/2394
f 2373/6731/2472 2271/6471/2391 2294/6545/2416
f 2375/6697/2461 2343/6629/2445 2263/6443/2384
f 2329/6630/2446 2312/6593/2418 2376/6732/2473
f 2312/6733/2418 2254/6416/2378 2358/6734/2474
f 2255/6735/2347 2359/6736/2462 2300/6737/2397
f 2154/6738/2276 2190/6739/2323 2345/6740/2406
f 2108/6741/2228 2156/6610/2277 2336/6742/2465
f 2346/6743/2475 2347/6744/2476 2330/6714/2429
f 2156/6610/2277 2338/6713/2466 2352/6745/2477
f 2330/6714/2429 2347/6744/2476 2348/6715/2467
f 2308/6746/2328 2353/6747/2469 2339/6748/2455
f 2307/6749/2440 2321/6750/2431 2340/6721/2468
f 2178/6751/2318 2282/6752/2342 2362/6753/2478
f 2054/5747/2173 2217/6431/2350 2382/6621/2443
f 2328/6754/2444 2277/6755/2414 2355/6756/2479
f 2382/6621/2443 2405/6681/2456 2198/6147/2297
f 2276/6757/2395 2356/6758/2480 2277/6759/2414
f 2309/6760/2457 2350/6761/2481 2226/6530/2280
f 2134/6693/2299 2311/6695/2436 2278/6627/2396
f 2374/6762/2482 2232/6366/2357 2279/6469/2383
f 2101/6368/2218 2357/6763/2483 2311/6764/2436
f 2233/6394/2369 2329/6654/2446 2376/6765/2473
f 2376/6766/2473 2312/6733/2418 2358/6734/2474
f 2251/6395/2370 2377/6656/2452 2298/6555/2423
f 2316/6767/2426 2344/6768/2463 2302/6561/2427
f 2243/6562/2291 2302/6561/2427 2335/6660/2453
f 2317/6705/2447 2336/6708/2465 2366/6706/2464
f 2337/6769/2454 2346/6743/2475 2330/6714/2429
f 2288/6717/2408 2339/6748/2455 2369/6770/2484
f 2348/6771/2467 2340/6772/2468 2321/6773/2431
f 2178/6774/2318 2362/6775/2478 2353/6776/2469
f 2266/6777/2381 2322/6778/2434 2340/6779/2468
f 2325/6780/2441 2389/6529/2412 2053/5745/2069
f 2327/6531/2413 2226/6530/2280 2350/6761/2481
f 2182/6781/2319 2372/6782/2485 2283/6783/2298
f 2250/6588/2376 2270/6414/2377 2342/6784/2460
f 2254/6785/2378 2365/6786/2486 2358/6787/2474
f 2345/6740/2406 2360/6788/2487 2344/6768/2463
f 2345/6740/2406 2190/6789/2323 2360/6788/2487
f 2344/6768/2463 2360/6788/2487 2302/6561/2427
f 2303/6707/2407 2366/6706/2464 2190/6789/2323
f 2156/6610/2277 2352/6745/2477 2336/6742/2465
f 2352/6790/2477 2338/6791/2466 2367/6792/2488
f 2346/6793/2475 2361/6794/2401 2347/6795/2476
f 2288/6717/2408 2369/6770/2484 2338/6796/2466
f 2367/6797/2488 2338/6798/2466 2380/6799/2489
f 2338/6800/2466 2369/6801/2484 2380/6802/2489
f 2346/6793/2475 2368/6803/2490 2361/6794/2401
f 2339/6748/2455 2353/6747/2469 2369/6770/2484
f 2380/6802/2489 2353/6804/2469 2362/6805/2478
f 2361/6527/2401 2368/6806/2490 2290/6528/2411
f 2340/6807/2468 2237/6680/2362 2266/6679/2381
f 2390/6808/2491 2383/6729/2471 2275/6481/2394
f 2293/6684/2415 2371/6809/2492 2332/6685/2458
f 2364/6810/2493 2350/6761/2481 2309/6760/2457
f 2248/6484/2365 2331/6811/2449 2182/6485/2319
f 2098/6812/2214 2394/6813/2494 2341/6814/2459
f 2331/6811/2449 2372/6815/2485 2182/6485/2319
f 2333/6653/2451 2373/6816/2472 2269/6391/2367
f 2373/6816/2472 2294/6544/2416 2269/6391/2367
f 2270/6414/2377 2343/6629/2445 2342/6784/2460
f 2271/6471/2391 2357/6763/2483 2101/6368/2218
f 2376/6732/2473 2238/6817/2368 2233/6818/2369
f 2298/6555/2423 2359/6819/2462 2314/6636/2393
f 2359/6819/2462 2315/6820/2437 2314/6636/2393
f 2359/6819/2462 2429/6821/2495 2300/6822/2397
f 2379/6823/2496 2352/6824/2477 2367/6825/2488
f 2381/6826/2497 2340/6827/2468 2348/6715/2467
f 2369/6801/2484 2353/6804/2469 2380/6802/2489
f 2413/6828/2498 2354/6829/2499 2328/6754/2444
f 2371/6830/2492 2293/6831/2415 2328/6832/2444
f 2355/6756/2479 2277/6755/2414 2332/6833/2458
f 2356/6758/2480 2332/6686/2458 2277/6759/2414
f 2363/6834/2500 2327/6531/2413 2350/6761/2481
f 2098/5913/2214 2342/6692/2460 2384/6835/2501
f 2374/6836/2482 2170/5971/2236 2232/6366/2357
f 2374/6836/2482 2375/6837/2461 2170/5971/2236
f 2358/6838/2474 2365/6839/2486 2387/6840/2502
f 2365/6839/2486 2254/6841/2378 2313/6842/2405
f 2395/6843/2503 2360/6788/2487 2378/6844/2504
f 2360/6788/2487 2190/6789/2323 2398/6845/2505
f 2395/6843/2503 2302/6561/2427 2360/6788/2487
f 2336/6846/2465 2352/6824/2477 2379/6823/2496
f 2347/6795/2476 2361/6794/2401 2388/6847/2506
f 2324/6848/2448 2237/6680/2362 2340/6807/2468
f 2392/6849/2507 2267/6466/2389 2341/6850/2459
f 2393/6851/2508 2279/6440/2383 2351/6586/2403
f 2376/6732/2473 2386/6852/2509 2238/6817/2368
f 2360/6788/2487 2398/6845/2505 2378/6844/2504
f 2347/6744/2476 2388/6853/2506 2348/6715/2467
f 2346/6854/2475 2396/6855/2510 2368/6856/2490
f 2368/6856/2490 2396/6855/2510 2290/6648/2411
f 2290/6648/2411 2326/6857/2442 2071/6046/2233
f 2071/6046/2233 2326/6857/2442 2197/6858/2251
f 2262/6859/2382 2292/6860/2402 2370/6861/2511
f 2245/6862/2374 2267/6863/2389 2349/6864/2470
f 2332/6833/2458 2371/6865/2492 2355/6756/2479
f 2356/6758/2480 2351/6687/2403 2332/6686/2458
f 2271/6471/2391 2406/6866/2512 2357/6763/2483
f 2238/6817/2368 2386/6852/2509 2377/6867/2452
f 2377/6868/2452 2407/6869/2513 2298/6555/2423
f 2379/6870/2496 2367/6871/2488 2399/6872/2514
f 2367/6871/2488 2380/6873/2489 2412/6874/2515
f 2381/6875/2497 2397/6876/2516 2340/6772/2468
f 2349/6728/2470 2356/6877/2480 2276/6482/2395
f 2327/6531/2413 2363/6834/2500 2422/6878/2517
f 2292/6860/2402 2403/6879/2518 2370/6861/2511
f 2372/6880/2485 2333/6653/2451 2283/6392/2298
f 2373/6731/2472 2406/6866/2512 2271/6471/2391
f 2298/6555/2423 2407/6881/2513 2359/6819/2462
f 2256/6448/2385 2443/6882/2519 2313/6883/2405
f 2203/6286/2336 2423/6884/2520 2299/6597/2438
f 2408/6885/2521 2395/6843/2503 2378/6844/2504
f 2395/6843/2503 2335/6660/2453 2302/6561/2427
f 2400/6886/2522 2348/6887/2467 2409/6888/2523
f 2367/6871/2488 2412/6874/2515 2399/6872/2514
f 2400/6889/2522 2381/6875/2497 2348/6890/2467
f 2380/6873/2489 2362/6891/2478 2412/6874/2515
f 2388/6847/2506 2361/6794/2401 2324/6647/2448
f 2340/6892/2468 2397/6893/2516 2324/6894/2448
f 2326/6895/2442 2402/6896/2524 2217/6431/2350
f 2328/6754/2444 2355/6756/2479 2413/6897/2498
f 2262/6438/2382 2370/6898/2511 2331/6899/2449
f 2383/6900/2471 2403/6901/2518 2292/6902/2402
f 2382/6621/2443 2402/6896/2524 2405/6681/2456
f 2310/6903/2435 2391/6904/2450 2404/6905/2525
f 2098/5913/2214 2384/6835/2501 2394/6906/2494
f 2375/6697/2461 2385/6907/2526 2343/6629/2445
f 2358/6908/2474 2428/6909/2527 2376/6732/2473
f 2358/6908/2474 2387/6910/2502 2428/6909/2527
f 2256/6448/2385 2299/6597/2438 2443/6882/2519
f 2366/6706/2464 2336/6708/2465 2190/6789/2323
f 2379/6870/2496 2399/6872/2514 2336/6911/2465
f 2414/6912/2528 2396/6913/2510 2346/6914/2475
f 2400/6889/2522 2411/6915/2529 2381/6875/2497
f 2388/6847/2506 2324/6647/2448 2415/6916/2530
f 2354/6917/2499 2401/6918/2531 2328/6919/2444
f 2217/6431/2350 2402/6896/2524 2382/6621/2443
f 2327/6531/2413 2416/6920/2532 2180/6727/2306
f 2327/6531/2413 2422/6878/2517 2416/6920/2532
f 2405/6681/2456 2364/6921/2493 2309/6682/2457
f 2313/6922/2405 2417/6923/2533 2365/6924/2486
f 2407/6925/2513 2418/6926/2534 2359/6927/2462
f 2468/6928/2535 2335/6660/2453 2395/6843/2503
f 2190/6789/2323 2451/6929/2536 2398/6845/2505
f 2336/6708/2465 2451/6929/2536 2190/6789/2323
f 2337/6930/2454 2414/6931/2528 2346/6743/2475
f 2348/6887/2467 2388/6932/2506 2409/6888/2523
f 2275/6933/2394 2419/6934/2537 2390/6935/2491
f 2180/6727/2306 2420/6936/2538 2325/6937/2441
f 2390/6938/2491 2432/6939/2539 2383/6940/2471
f 2180/6727/2306 2421/6941/2540 2420/6936/2538
f 2301/6942/2425 2423/6943/2520 2203/6944/2336
f 2400/6945/2522 2409/6946/2523 2410/6947/2541
f 2400/6889/2522 2410/6948/2541 2411/6915/2529
f 2324/6647/2448 2397/6949/2516 2415/6916/2530
f 2415/6950/2530 2397/6951/2516 2381/6952/2497
f 2282/6319/2342 2412/6953/2515 2362/6954/2478
f 2389/6529/2412 2412/6953/2515 2282/6319/2342
f 2349/6864/2470 2267/6863/2389 2425/6955/2542
f 2356/6877/2480 2371/6956/2492 2351/6586/2403
f 2393/6851/2508 2351/6586/2403 2371/6956/2492
f 2311/6695/2436 2426/6957/2543 2278/6627/2396
f 2342/6958/2460 2638/6959/2544 2384/6960/2501
f 2586/6961/2545 2373/6962/2472 2333/6963/2451
f 2376/6732/2473 2428/6909/2527 2386/6852/2509
f 2273/6964/2386 2520/6965/2546 2301/6966/2425
f 2337/6662/2454 2335/6660/2453 2445/6967/2547
f 2445/6968/2547 2414/6931/2528 2337/6930/2454
f 2399/6969/2514 2430/6970/2548 2452/6971/2549
f 2412/6972/2515 2430/6970/2548 2399/6969/2514
f 2388/6847/2506 2415/6916/2530 2409/6973/2523
f 2325/6974/2441 2431/6975/2550 2389/6976/2412
f 2413/6977/2498 2401/6978/2531 2354/6979/2499
f 2390/6935/2491 2419/6934/2537 2432/6980/2539
f 2342/6958/2460 2343/6981/2445 2638/6959/2544
f 2427/6982/2551 2434/6983/2552 2428/6984/2527
f 2386/6985/2509 2428/6984/2527 2434/6983/2552
f 2386/6852/2509 2465/6986/2553 2377/6867/2452
f 2313/6922/2405 2443/6987/2519 2417/6923/2533
f 2334/6556/2424 2439/6988/2554 2273/6449/2386
f 2445/6967/2547 2335/6660/2453 2440/6989/2555
f 2336/6990/2465 2399/6969/2514 2452/6971/2549
f 2409/6973/2523 2415/6916/2530 2410/6991/2541
f 2411/6992/2529 2415/6993/2530 2381/6994/2497
f 2412/6972/2515 2435/6995/2556 2430/6970/2548
f 2326/6895/2442 2424/6996/2557 2402/6896/2524
f 2310/6997/2435 2419/6998/2537 2275/6999/2394
f 2180/6727/2306 2416/6920/2532 2421/6941/2540
f 2356/6877/2480 2438/7000/2558 2371/6956/2492
f 2391/6652/2450 2426/6957/2543 2404/7001/2525
f 2391/6652/2450 2278/6627/2396 2426/6957/2543
f 2341/6850/2459 2394/7002/2494 2392/6849/2507
f 2279/7003/2383 2497/7004/2559 2374/7005/2482
f 2311/7006/2436 2357/6763/2483 2433/7007/2560
f 2300/6487/2397 2334/6556/2424 2257/6400/2372
f 2468/6928/2535 2440/6989/2555 2335/6660/2453
f 2336/6990/2465 2452/6971/2549 2501/7008/2561
f 2389/7009/2412 2435/6995/2556 2412/6972/2515
f 2290/6648/2411 2396/6855/2510 2326/6857/2442
f 2328/7010/2444 2436/7011/2562 2371/7012/2492
f 2349/7013/2470 2441/7014/2563 2356/6877/2480
f 2402/6896/2524 2424/6996/2557 2442/7015/2564
f 2370/7016/2511 2496/7017/2565 2331/6650/2449
f 2371/7018/2492 2438/7019/2558 2355/7020/2479
f 2405/6681/2456 2402/6896/2524 2461/7021/2566
f 2387/7022/2502 2365/6924/2486 2450/7023/2567
f 2418/6926/2534 2429/7024/2495 2359/6927/2462
f 2273/6964/2386 2439/7025/2554 2520/6965/2546
f 2411/6992/2529 2410/7026/2541 2415/6993/2530
f 2396/6855/2510 2446/7027/2568 2326/6857/2442
f 2355/7028/2479 2437/7029/2569 2413/7030/2498
f 2356/6877/2480 2441/7014/2563 2437/7031/2569
f 2355/7032/2479 2436/7033/2562 2437/7034/2569
f 2356/6877/2480 2437/7031/2569 2438/7000/2558
f 2267/6863/2389 2392/7035/2507 2425/6955/2542
f 2393/7036/2508 2497/7004/2559 2279/7003/2383
f 2394/6906/2494 2384/6835/2501 2392/7037/2507
f 2586/6961/2545 2599/7038/2570 2373/6962/2472
f 2434/7039/2552 2449/7040/2571 2465/6986/2553
f 2434/7039/2552 2465/6986/2553 2386/6852/2509
f 2387/7022/2502 2450/7023/2567 2428/7041/2527
f 2300/6487/2397 2429/7042/2495 2444/7043/2572
f 2520/6965/2546 2423/6943/2520 2301/6966/2425
f 2408/6885/2521 2468/6928/2535 2395/6843/2503
f 2336/6708/2465 2501/7044/2561 2451/6929/2536
f 2414/6931/2528 2446/7045/2568 2396/6913/2510
f 2401/7046/2531 2454/7047/2573 2328/7048/2444
f 2326/6895/2442 2455/7049/2574 2424/6996/2557
f 2437/7050/2569 2436/7051/2562 2438/7052/2558
f 2355/7053/2479 2393/7054/2508 2436/7055/2562
f 2436/7051/2562 2393/7056/2508 2371/7057/2492
f 2438/7058/2558 2393/7059/2508 2355/7060/2479
f 2331/7061/2449 2459/7062/2575 2372/6782/2485
f 2364/6921/2493 2448/7063/2576 2350/7064/2481
f 2357/6763/2483 2406/6866/2512 2433/7007/2560
f 2374/7065/2482 2463/7066/2577 2375/6697/2461
f 2427/6982/2551 2428/6984/2527 2464/7067/2578
f 2445/6968/2547 2484/7068/2579 2414/6931/2528
f 2414/7069/2528 2453/7070/2580 2446/7027/2568
f 2325/7071/2441 2420/7072/2538 2431/7073/2550
f 2383/7074/2471 2471/7075/2581 2403/7076/2518
f 2425/6955/2542 2441/7077/2563 2349/6864/2470
f 2424/6996/2557 2472/7078/2582 2442/7015/2564
f 2310/7079/2435 2404/7080/2525 2419/7081/2537
f 2458/7082/2583 2457/7083/2584 2331/7084/2449
f 2402/6896/2524 2442/7015/2564 2460/7085/2585
f 2402/6896/2524 2460/7085/2585 2461/7021/2566
f 2372/7086/2485 2459/7087/2575 2333/6963/2451
f 2311/6695/2436 2433/7088/2560 2426/6957/2543
f 2405/6681/2456 2462/7089/2586 2364/6921/2493
f 2343/6629/2445 2385/6907/2526 2638/7090/2544
f 2434/7039/2552 2427/7091/2551 2364/7092/2493
f 2450/7023/2567 2365/6924/2486 2500/7093/2587
f 2299/7094/2438 2423/7095/2520 2443/7096/2519
f 2444/7043/2572 2334/6556/2424 2300/6487/2397
f 2468/6928/2535 2408/6885/2521 2467/7097/2588
f 2432/6980/2539 2419/6934/2537 2534/7098/2589
f 2469/7099/2590 2419/7100/2537 2470/7101/2591
f 2432/7102/2539 2471/7103/2581 2383/7104/2471
f 2496/7105/2565 2370/7106/2511 2494/7107/2592
f 2421/6941/2540 2416/6920/2532 2473/7108/2593
f 2457/7109/2584 2459/7110/2575 2331/7111/2449
f 2459/7087/2575 2586/6961/2545 2333/6963/2451
f 2350/6761/2481 2448/7112/2576 2363/6834/2500
f 2434/7039/2552 2364/7092/2493 2462/7113/2586
f 2448/7114/2576 2427/7091/2551 2464/7115/2578
f 2434/7039/2552 2462/7113/2586 2449/7040/2571
f 2365/6924/2486 2474/7116/2594 2500/7093/2587
f 2407/6869/2513 2475/7117/2595 2418/7118/2534
f 2408/6885/2521 2378/6844/2504 2456/7119/2596
f 2414/6931/2528 2484/7068/2579 2453/7120/2580
f 2430/7121/2548 2435/7122/2556 2476/7123/2597
f 2472/7124/2582 2441/7014/2563 2425/7125/2542
f 2421/6941/2540 2473/7108/2593 2479/7126/2598
f 2403/6879/2518 2494/7127/2592 2370/6861/2511
f 2404/7128/2525 2480/7129/2599 2419/7130/2537
f 2457/7131/2584 2458/7132/2583 2473/7133/2593
f 2458/7134/2583 2481/7135/2600 2473/7108/2593
f 2404/7001/2525 2426/6957/2543 2480/7136/2599
f 2473/7108/2593 2416/6920/2532 2482/7137/2601
f 2473/7138/2593 2482/7139/2601 2457/7140/2584
f 2331/6650/2449 2496/7017/2565 2483/7141/2602
f 2438/7142/2558 2497/7143/2559 2393/6851/2508
f 2457/7140/2584 2482/7139/2601 2459/7087/2575
f 2458/7144/2583 2331/6650/2449 2483/7141/2602
f 2427/7091/2551 2448/7114/2576 2364/7092/2493
f 2373/6731/2472 2599/7145/2570 2406/6866/2512
f 2463/7066/2577 2385/6907/2526 2375/6697/2461
f 2428/7041/2527 2450/7023/2567 2510/7146/2603
f 2377/6868/2452 2465/7147/2553 2407/6869/2513
f 2365/6924/2486 2417/7148/2533 2474/7116/2594
f 2389/7009/2412 2431/7149/2550 2435/6995/2556
f 2413/7150/2498 2485/7151/2604 2401/7152/2531
f 2419/7153/2537 2469/7154/2590 2534/7155/2589
f 2486/7156/2605 2487/7157/2606 2477/7158/2607
f 2432/7102/2539 2534/7155/2589 2471/7103/2581
f 2424/7159/2557 2478/7160/2608 2488/7161/2609
f 2328/7048/2444 2454/7047/2573 2436/7051/2562
f 2403/7076/2518 2471/7075/2581 2494/7162/2592
f 2436/7051/2562 2497/7163/2559 2438/7052/2558
f 2473/7108/2593 2496/7164/2565 2479/7126/2598
f 2490/7165/2610 2496/7166/2565 2481/7167/2600
f 2481/7167/2611 2491/7168/2612 2490/7165/2613
f 2481/7135/2600 2496/7164/2565 2473/7108/2593
f 2392/7035/2507 2447/7169/2614 2425/6955/2542
f 2392/6849/2507 2384/7170/2501 2447/7171/2614
f 2428/7041/2527 2510/7146/2603 2464/7172/2578
f 2443/7173/2519 2570/7174/2615 2466/7175/2616
f 2378/6844/2504 2398/6845/2505 2456/7119/2596
f 2430/7121/2548 2502/7176/2617 2452/7177/2549
f 2401/7046/2531 2493/7178/2618 2454/7047/2573
f 2424/6996/2557 2455/7049/2574 2478/7179/2608
f 2479/7180/2598 2536/7181/2619 2421/7182/2540
f 2454/7047/2573 2497/7163/2559 2436/7051/2562
f 2490/7183/2610 2458/7184/2583 2496/7164/2565
f 2481/7135/2600 2458/7184/2583 2490/7183/2610
f 2458/7185/2583 2459/7186/2575 2482/7187/2601
f 2447/7169/2614 2489/7188/2620 2425/6955/2542
f 2458/7189/2583 2483/7190/2602 2459/7191/2575
f 2405/6681/2456 2506/7192/2621 2462/7089/2586
f 2448/7112/2576 2464/7067/2578 2499/7193/2622
f 2475/7117/2595 2429/6821/2495 2418/7118/2534
f 2511/7194/2623 2444/7195/2572 2429/6821/2495
f 2398/6845/2505 2451/6929/2536 2550/7196/2624
f 2525/7197/2625 2446/7027/2568 2453/7070/2580
f 2477/7198/2607 2557/7199/2626 2486/7200/2605
f 2470/7201/2591 2504/7202/2627 2469/7203/2590
f 2419/7204/2537 2505/7205/2628 2470/7206/2591
f 2413/7030/2498 2437/7029/2569 2516/7207/2629
f 2495/7208/2630 2420/7209/2538 2421/7210/2540
f 2421/7211/2540 2536/7212/2619 2495/7213/2630
f 2419/7130/2537 2480/7129/2599 2505/7214/2628
f 2482/7215/2601 2509/7216/2631 2458/7217/2583
f 2458/7185/2583 2509/7218/2631 2496/7219/2565
f 2425/7220/2542 2489/7221/2620 2472/7078/2582
f 2461/7021/2566 2506/7192/2621 2405/6681/2456
f 2363/7222/2500 2528/7223/2632 2422/7224/2517
f 2529/7225/2633 2423/6943/2520 2520/6965/2546
f 2467/7097/2588 2408/6885/2521 2456/7119/2596
f 2440/6989/2555 2468/6928/2535 2467/7097/2588
f 2477/7198/2607 2493/7226/2618 2557/7199/2626
f 2485/7227/2604 2413/7030/2498 2516/7207/2629
f 2509/7228/2631 2483/7229/2602 2496/7230/2565
f 2482/7137/2601 2416/6920/2532 2509/7231/2631
f 2509/7231/2631 2416/6920/2532 2498/7232/2634
f 2483/7190/2602 2586/7233/2545 2459/7191/2575
f 2499/7234/2622 2528/7235/2632 2448/7236/2576
f 2499/7237/2622 2464/7238/2578 2510/7239/2603
f 2475/7117/2595 2511/7194/2623 2429/6821/2495
f 2443/7096/2519 2423/7095/2520 2570/7240/2615
f 2444/7043/2572 2511/7241/2623 2334/6556/2424
f 2451/6929/2536 2501/7044/2561 2550/7196/2624
f 2430/7121/2548 2476/7123/2597 2502/7176/2617
f 2453/7070/2580 2507/7242/2635 2525/7197/2625
f 2553/7243/2636 2512/7244/2637 2522/7245/2638
f 2512/7246/2637 2513/7247/2639 2522/7248/2638
f 2492/7249/2640 2533/7250/2641 2503/7251/2642
f 2486/7200/2605 2515/7252/2643 2487/7253/2606
f 2326/6857/2442 2546/7254/2644 2455/7255/2574
f 2455/7049/2574 2546/7256/2644 2478/7179/2608
f 2437/7031/2569 2517/7257/2645 2516/7258/2629
f 2441/7014/2563 2517/7257/2645 2437/7031/2569
f 2488/7259/2609 2518/7260/2646 2424/7261/2557
f 2472/7078/2582 2518/7262/2646 2442/7015/2564
f 2416/6920/2532 2422/6878/2517 2498/7232/2634
f 2363/6834/2500 2448/7112/2576 2528/7263/2632
f 2465/7147/2553 2587/7264/2647 2407/6869/2513
f 2521/7265/2648 2452/7266/2549 2502/7267/2617
f 2522/7248/2638 2513/7247/2639 2523/7268/2649
f 2534/7155/2589 2469/7154/2590 2535/7269/2650
f 2546/7254/2644 2326/6857/2442 2446/7027/2568
f 2515/7270/2643 2477/7271/2607 2487/7272/2606
f 2431/7073/2550 2420/7072/2538 2558/7273/2651
f 2558/7274/2651 2420/7275/2538 2495/7276/2630
f 2526/7277/2652 2478/7179/2608 2546/7256/2644
f 2559/7278/2653 2479/7279/2598 2496/7280/2565
f 2559/7281/2653 2496/7282/2565 2494/7283/2592
f 2488/7284/2609 2478/7179/2608 2526/7277/2652
f 2472/7285/2582 2424/7261/2557 2538/7286/2654
f 2518/7262/2646 2472/7078/2582 2489/7221/2620
f 2460/7085/2585 2506/7192/2621 2461/7021/2566
f 2498/7232/2634 2422/6878/2517 2528/7263/2632
f 2528/7287/2632 2499/7288/2622 2510/7289/2603
f 2602/7290/2655 2475/7117/2595 2407/6869/2513
f 2484/7291/2579 2507/7242/2635 2453/7070/2580
f 2552/7292/2656 2512/7244/2637 2553/7243/2636
f 2530/7293/2657 2540/7294/2658 2532/7295/2659
f 2503/7296/2642 2533/7297/2641 2508/7298/2660
f 2524/7299/2661 2543/7300/2662 2514/7301/2663
f 2581/7302/2664 2514/7301/2663 2543/7300/2662
f 2492/7249/2640 2534/7303/2589 2533/7250/2641
f 2515/7252/2643 2486/7200/2605 2557/7199/2626
f 2401/7152/2531 2557/7199/2626 2493/7226/2618
f 2401/7304/2531 2485/7227/2604 2557/7305/2626
f 2471/7306/2581 2537/7307/2665 2494/7308/2592
f 2517/7309/2645 2441/7310/2563 2538/7286/2654
f 2538/7286/2654 2424/7261/2557 2518/7260/2646
f 2483/7190/2602 2509/7311/2631 2586/7233/2545
f 2447/7171/2614 2384/7170/2501 2560/7312/2666
f 2450/7023/2567 2500/7093/2587 2510/7146/2603
f 2552/7313/2656 2539/7314/2667 2512/7246/2637
f 2576/7315/2668 2540/7316/2658 2530/7317/2657
f 2530/7318/2657 2555/7319/2669 2588/7320/2670
f 2522/7321/2638 2523/7322/2649 2531/7323/2671
f 2532/7295/2659 2541/7324/2672 2530/7293/2657
f 2476/7123/2597 2435/7122/2556 2563/7325/2673
f 2542/7326/2674 2543/7327/2662 2524/7328/2661
f 2485/7329/2604 2581/7302/2664 2543/7300/2662
f 2504/7330/2627 2584/7331/2675 2469/7154/2590
f 2477/7271/2607 2515/7270/2643 2545/7332/2676
f 2441/7310/2563 2472/7285/2582 2538/7286/2654
f 2518/7262/2646 2489/7221/2620 2560/7333/2666
f 2447/7171/2614 2560/7312/2666 2489/7334/2620
f 2506/7192/2621 2460/7085/2585 2549/7335/2677
f 2449/7336/2571 2462/7337/2586 2587/7264/2647
f 2449/7336/2571 2587/7264/2647 2465/7147/2553
f 2334/6556/2424 2604/7338/2678 2439/6988/2554
f 2501/7044/2561 2551/7339/2679 2550/7196/2624
f 2507/7242/2635 2484/7291/2579 2619/7340/2680
f 2561/7341/2681 2576/7315/2668 2530/7317/2657
f 2476/7342/2597 2563/7343/2673 2502/7267/2617
f 2593/7344/2682 2555/7345/2669 2507/7346/2635
f 2588/7347/2670 2555/7348/2669 2593/7349/2682
f 2539/7314/2667 2554/7350/2683 2512/7246/2637
f 2540/7294/2658 2594/7351/2684 2532/7295/2659
f 2512/7246/2637 2554/7350/2683 2513/7247/2639
f 2525/7352/2625 2507/7353/2635 2555/7354/2669
f 2530/7318/2657 2541/7355/2672 2555/7319/2669
f 2541/7324/2672 2532/7295/2659 2556/7356/2685
f 2557/7199/2626 2610/7357/2686 2515/7252/2643
f 2431/7073/2550 2558/7273/2651 2435/7122/2556
f 2492/7358/2640 2544/7359/2687 2534/7360/2589
f 2470/7206/2591 2584/7361/2675 2504/7362/2627
f 2477/7271/2607 2545/7332/2676 2493/7363/2618
f 2495/7276/2630 2547/7364/2688 2558/7274/2651
f 2518/7262/2646 2460/7085/2585 2442/7015/2564
f 2599/7145/2570 2519/7365/2689 2406/6866/2512
f 2528/7366/2632 2510/7146/2603 2591/7367/2690
f 2417/7148/2533 2443/6987/2519 2474/7116/2594
f 2511/7241/2623 2604/7338/2678 2334/6556/2424
f 2561/7341/2681 2530/7317/2657 2588/7368/2670
f 2553/7369/2636 2522/7370/2638 2562/7371/2691
f 2522/7372/2638 2531/7373/2671 2562/7374/2691
f 2563/7325/2673 2435/7122/2556 2579/7375/2692
f 2503/7376/2642 2566/7377/2693 2492/7378/2640
f 2566/7377/2693 2544/7379/2687 2492/7378/2640
f 2533/7250/2641 2611/7380/2694 2567/7381/2695
f 2469/7154/2590 2584/7331/2675 2535/7269/2650
f 2544/7359/2687 2611/7382/2694 2534/7360/2589
f 2505/7205/2628 2584/7361/2675 2470/7206/2591
f 2494/7283/2592 2537/7383/2665 2559/7281/2653
f 2498/7232/2634 2586/7384/2545 2509/7231/2631
f 2506/7192/2621 2568/7385/2696 2462/7089/2586
f 2587/7264/2647 2602/7290/2655 2407/6869/2513
f 2642/7386/2697 2423/6943/2520 2529/7225/2633
f 2571/7387/2698 2520/6965/2546 2439/7025/2554
f 2573/7388/2699 2501/7008/2561 2452/6971/2549
f 2576/7389/2668 2577/7390/2700 2540/7391/2658
f 2553/7369/2636 2562/7371/2691 2575/7392/2701
f 2562/7374/2691 2531/7373/2671 2578/7393/2702
f 2542/7394/2674 2580/7395/2703 2543/7396/2662
f 2523/7322/2649 2564/7397/2704 2531/7323/2671
f 2565/7398/2705 2514/7399/2663 2581/7400/2664
f 2580/7395/2703 2557/7401/2626 2543/7396/2662
f 2485/7402/2604 2543/7403/2662 2557/7404/2626
f 2525/7197/2625 2546/7254/2644 2446/7027/2568
f 2582/7405/2706 2533/7250/2641 2534/7303/2589
f 2585/7406/2707 2454/7047/2573 2493/7178/2618
f 2536/7407/2619 2479/7408/2598 2628/7409/2708
f 2488/7259/2609 2527/7410/2709 2518/7260/2646
f 2600/7411/2710 2463/7066/2577 2374/7412/2482
f 2548/7413/2711 2406/6866/2512 2519/7365/2689
f 2600/7411/2710 2385/6907/2526 2463/7066/2577
f 2462/7337/2586 2569/7414/2712 2587/7264/2647
f 2474/7116/2594 2443/6987/2519 2603/7415/2713
f 2603/7415/2713 2443/6987/2519 2466/7416/2616
f 2604/7417/2678 2571/7387/2698 2439/7025/2554
f 2575/7418/2701 2552/7292/2656 2553/7243/2636
f 2563/7419/2673 2579/7420/2692 2539/7314/2667
f 2539/7314/2667 2579/7420/2692 2554/7350/2683
f 2532/7295/2659 2594/7351/2684 2556/7356/2685
f 2435/7122/2556 2558/7273/2651 2579/7375/2692
f 2533/7250/2641 2582/7405/2706 2611/7380/2694
f 2534/7421/2589 2535/7422/2650 2582/7423/2706
f 2583/7424/2714 2471/7425/2581 2534/7426/2589
f 2479/7279/2598 2559/7278/2653 2628/7427/2708
f 2536/7212/2619 2590/7428/2715 2495/7213/2630
f 2527/7429/2709 2488/7284/2609 2526/7277/2652
f 2560/7430/2666 2384/7431/2501 2638/7090/2544
f 2638/7090/2544 2385/6907/2526 2600/7411/2710
f 2548/7413/2711 2433/7007/2560 2406/6866/2512
f 2592/7432/2716 2587/7264/2647 2569/7414/2712
f 2570/7433/2615 2423/6943/2520 2642/7386/2697
f 2456/7119/2596 2398/6845/2505 2550/7196/2624
f 2445/6967/2547 2632/7434/2717 2484/7435/2579
f 2521/7265/2648 2573/7436/2699 2452/7266/2549
f 2484/7291/2579 2574/7437/2718 2619/7340/2680
f 2561/7438/2681 2588/7347/2670 2593/7349/2682
f 2502/7267/2617 2563/7439/2673 2539/7440/2667
f 2514/7441/2663 2605/7442/2719 2524/7443/2661
f 2533/7444/2641 2652/7445/2720 2508/7446/2660
f 2514/7441/2663 2565/7447/2705 2605/7442/2719
f 2525/7448/2625 2541/7355/2672 2595/7449/2721
f 2525/7448/2625 2555/7319/2669 2541/7355/2672
f 2582/7405/2706 2583/7450/2714 2611/7380/2694
f 2535/7269/2650 2584/7331/2675 2611/7451/2694
f 2534/7452/2589 2611/7453/2694 2583/7454/2714
f 2582/7455/2706 2535/7269/2650 2583/7456/2714
f 2493/7178/2618 2545/7457/2676 2585/7406/2707
f 2505/7205/2628 2596/7458/2722 2584/7361/2675
f 2471/7459/2581 2583/7460/2714 2537/7461/2665
f 2480/7462/2599 2426/7463/2543 2505/7464/2628
f 2495/7213/2630 2590/7428/2715 2598/7465/2723
f 2495/7466/2630 2598/7467/2723 2547/7468/2688
f 2538/7469/2654 2518/7470/2646 2560/7471/2666
f 2592/7472/2716 2569/7473/2712 2601/7474/2724
f 2510/7146/2603 2500/7093/2587 2640/7475/2725
f 2484/7291/2579 2632/7476/2717 2574/7437/2718
f 2552/7313/2656 2634/7477/2726 2539/7314/2667
f 2593/7344/2682 2507/7346/2635 2619/7478/2680
f 2503/7479/2642 2508/7298/2660 2566/7480/2693
f 2542/7481/2674 2606/7482/2727 2580/7483/2703
f 2594/7351/2684 2607/7484/2728 2556/7356/2685
f 2567/7381/2695 2611/7485/2694 2608/7486/2729
f 2611/7485/2694 2584/7487/2675 2608/7486/2729
f 2485/7488/2604 2624/7489/2730 2581/7490/2664
f 2513/7491/2639 2613/7492/2731 2523/7493/2649
f 2556/7494/2685 2637/7495/2732 2541/7355/2672
f 2545/7332/2676 2515/7270/2643 2610/7496/2686
f 2517/7257/2645 2636/7497/2733 2516/7258/2629
f 2537/7383/2665 2628/7498/2708 2559/7281/2653
f 2636/7499/2733 2517/7500/2645 2614/7501/2734
f 2546/7256/2644 2597/7502/2735 2526/7277/2652
f 2517/7309/2645 2538/7286/2654 2614/7503/2734
f 2590/7428/2715 2615/7504/2736 2598/7465/2723
f 2497/7004/2559 2680/7505/2737 2374/7005/2482
f 2498/7506/2634 2598/7507/2723 2586/7508/2545
f 2591/7509/2690 2656/7510/2738 2528/7263/2632
f 2462/7089/2586 2616/7511/2739 2569/7512/2712
f 2630/7513/2740 2591/7514/2690 2601/7515/2724
f 2592/7516/2741 2616/7517/2739 2462/7518/2586
f 2592/7516/2716 2601/7519/2724 2616/7517/2742
f 2462/7089/2586 2617/7520/2743 2592/7521/2741
f 2592/7432/2716 2616/7522/2742 2587/7264/2647
f 2592/7523/2741 2617/7524/2743 2616/7525/2739
f 2601/7526/2724 2587/7527/2647 2616/7528/2742
f 2587/7264/2647 2657/7529/2744 2602/7290/2655
f 2602/7290/2655 2682/7530/2745 2475/7117/2595
f 2501/7531/2561 2572/7532/2746 2551/7533/2679
f 2501/7008/2561 2573/7388/2699 2572/7534/2746
f 2658/7535/2747 2561/7341/2681 2593/7344/2682
f 2576/7389/2668 2620/7536/2748 2577/7390/2700
f 2540/7391/2658 2577/7390/2700 2594/7351/2684
f 2531/7537/2671 2622/7538/2749 2578/7539/2702
f 2531/7537/2671 2564/7540/2704 2622/7538/2749
f 2508/7298/2660 2652/7541/2720 2589/7542/2750
f 2610/7543/2686 2609/7544/2751 2623/7545/2752
f 2557/7199/2626 2580/7546/2703 2610/7357/2686
f 2583/7547/2714 2535/7548/2650 2625/7549/2753
f 2564/7540/2704 2523/7550/2649 2626/7551/2754
f 2525/7197/2625 2597/7552/2735 2546/7254/2644
f 2485/7553/2604 2516/7554/2629 2624/7555/2730
f 2624/7556/2730 2516/7557/2629 2636/7558/2733
f 2537/7383/2665 2583/7559/2714 2544/7560/2687
f 2628/7561/2708 2590/7428/2715 2536/7212/2619
f 2547/7364/2688 2649/7562/2755 2558/7274/2651
f 2518/7262/2646 2549/7335/2677 2460/7085/2585
f 2374/7005/2482 2680/7505/2737 2600/7563/2710
f 2462/7089/2586 2568/7385/2696 2617/7520/2743
f 2569/7473/2712 2630/7564/2740 2601/7474/2724
f 2616/7565/2739 2630/7564/2740 2569/7473/2712
f 2616/7565/2739 2617/7566/2743 2630/7564/2740
f 2520/6965/2546 2631/7567/2756 2529/7225/2633
f 2520/6965/2546 2571/7387/2698 2631/7567/2756
f 2467/7097/2588 2618/7568/2757 2440/6989/2555
f 2440/6989/2555 2632/7569/2717 2445/6967/2547
f 2658/7535/2747 2593/7344/2682 2619/7478/2680
f 2633/7570/2758 2576/7315/2668 2561/7341/2681
f 2539/7440/2667 2634/7571/2726 2502/7267/2617
f 2508/7572/2660 2589/7573/2750 2675/7574/2759
f 2580/7575/2703 2606/7576/2727 2635/7577/2760
f 2610/7357/2686 2580/7546/2703 2635/7577/2760
f 2609/7578/2751 2612/7579/2761 2623/7580/2752
f 2544/7359/2687 2625/7581/2753 2611/7382/2694
f 2611/7382/2694 2625/7581/2753 2535/7582/2650
f 2558/7273/2651 2678/7583/2762 2579/7375/2692
f 2523/7584/2649 2613/7585/2731 2626/7586/2754
f 2627/7587/2763 2636/7499/2733 2614/7501/2734
f 2454/7047/2573 2629/7588/2764 2497/7163/2559
f 2547/7364/2688 2598/7589/2723 2649/7562/2755
f 2538/7286/2654 2560/7590/2666 2638/7591/2544
f 2615/7592/2736 2586/7508/2545 2598/7507/2723
f 2528/7263/2632 2639/7593/2765 2498/7232/2634
f 2591/7509/2690 2630/7594/2740 2656/7510/2738
f 2591/7367/2690 2669/7595/2766 2601/7596/2724
f 2510/7146/2603 2640/7475/2725 2591/7367/2690
f 2682/7530/2745 2641/7597/2767 2475/7117/2595
f 2475/7117/2595 2641/7597/2767 2511/7194/2623
f 2467/7097/2588 2456/7119/2596 2705/7598/2768
f 2575/7418/2701 2634/7599/2726 2552/7292/2656
f 2521/7265/2648 2502/7267/2617 2685/7600/2769
f 2620/7536/2748 2643/7601/2770 2577/7390/2700
f 2575/7392/2701 2562/7371/2691 2644/7602/2771
f 2562/7371/2691 2673/7603/2772 2644/7602/2771
f 2621/7604/2773 2578/7605/2702 2594/7351/2684
f 2542/7481/2674 2524/7606/2661 2605/7607/2719
f 2542/7481/2674 2605/7607/2719 2606/7482/2727
f 2578/7605/2702 2607/7484/2728 2594/7351/2684
f 2533/7250/2641 2567/7381/2695 2692/7608/2774
f 2610/7357/2686 2635/7577/2760 2609/7609/2751
f 2567/7610/2695 2608/7611/2729 2584/7361/2675
f 2567/7610/2695 2584/7361/2675 2596/7612/2722
f 2554/7613/2683 2579/7375/2692 2678/7583/2762
f 2625/7614/2753 2544/7615/2687 2645/7616/2775
f 2564/7540/2704 2626/7617/2754 2622/7538/2749
f 2541/7355/2672 2637/7495/2732 2646/7618/2776
f 2544/7619/2687 2583/7620/2714 2645/7621/2775
f 2590/7428/2715 2628/7561/2708 2615/7504/2736
f 2527/7622/2709 2526/7623/2652 2518/7624/2646
f 2500/7093/2587 2474/7116/2594 2640/7475/2725
f 2529/7225/2633 2631/7567/2756 2642/7386/2697
f 2456/7119/2596 2550/7196/2624 2651/7625/2777
f 2561/7341/2681 2658/7535/2747 2633/7570/2758
f 2505/7464/2628 2663/7626/2778 2596/7627/2722
f 2541/7355/2672 2646/7618/2776 2595/7449/2721
f 2583/7628/2714 2647/7629/2779 2645/7621/2775
f 2433/7630/2560 2548/7631/2711 2668/7632/2780
f 2586/7633/2545 2655/7634/2781 2599/7635/2570
f 2591/7367/2690 2640/7475/2725 2669/7595/2766
f 2602/7290/2655 2657/7529/2744 2682/7530/2745
f 2466/7636/2616 2570/7637/2615 2603/7638/2713
f 2576/7389/2668 2633/7639/2758 2620/7536/2748
f 2562/7371/2691 2659/7640/2782 2673/7603/2772
f 2594/7351/2684 2577/7390/2700 2621/7604/2773
f 2533/7444/2641 2692/7641/2774 2652/7445/2720
f 2660/7642/2783 2544/7379/2687 2566/7377/2693
f 2567/7643/2695 2661/7644/2784 2677/7645/2785
f 2596/7627/2722 2661/7644/2784 2567/7643/2695
f 2610/7646/2686 2623/7580/2752 2545/7647/2676
f 2545/7332/2676 2623/7648/2752 2653/7649/2786
f 2662/7650/2787 2556/7356/2685 2607/7484/2728
f 2544/7560/2687 2686/7651/2788 2537/7383/2665
f 2554/7350/2683 2613/7585/2731 2513/7247/2639
f 2537/7383/2665 2686/7651/2788 2628/7498/2708
f 2637/7495/2732 2556/7494/2685 2648/7652/2789
f 2538/7653/2654 2667/7654/2790 2614/7501/2734
f 2558/7274/2651 2649/7562/2755 2666/7655/2791
f 2518/7656/2646 2526/7657/2652 2549/7658/2677
f 2601/7659/2724 2669/7660/2766 2587/7264/2647
f 2587/7264/2647 2669/7660/2766 2657/7529/2744
f 2474/7116/2594 2603/7415/2713 2640/7475/2725
f 2573/7661/2699 2671/7662/2792 2572/7532/2746
f 2575/7418/2701 2672/7663/2793 2684/7664/2794
f 2658/7535/2747 2619/7478/2680 2727/7665/2795
f 2575/7418/2701 2644/7666/2771 2672/7663/2793
f 2620/7536/2748 2644/7667/2771 2673/7668/2772
f 2620/7536/2748 2673/7668/2772 2643/7601/2770
f 2578/7393/2702 2621/7669/2773 2562/7374/2691
f 2562/7374/2691 2621/7669/2773 2659/7670/2782
f 2566/7480/2693 2508/7298/2660 2675/7671/2759
f 2605/7672/2719 2676/7673/2796 2606/7674/2727
f 2581/7400/2664 2706/7675/2797 2565/7398/2705
f 2578/7605/2702 2622/7676/2749 2607/7484/2728
f 2609/7677/2751 2635/7678/2760 2612/7679/2761
f 2581/7400/2664 2624/7556/2730 2706/7675/2797
f 2544/7379/2687 2660/7642/2783 2686/7680/2788
f 2624/7556/2730 2636/7558/2733 2700/7681/2798
f 2583/7682/2714 2625/7683/2753 2647/7684/2779
f 2554/7350/2683 2678/7685/2762 2613/7585/2731
f 2636/7497/2733 2627/7686/2763 2700/7687/2798
f 2595/7688/2721 2597/7552/2735 2525/7197/2625
f 2627/7686/2763 2679/7689/2799 2700/7687/2798
f 2654/7690/2800 2679/7689/2799 2627/7686/2763
f 2454/7691/2573 2585/7692/2707 2629/7693/2764
f 2433/7630/2560 2668/7632/2780 2426/7463/2543
f 2538/7653/2654 2638/7694/2544 2667/7654/2790
f 2615/7695/2736 2655/7696/2781 2586/7697/2545
f 2498/7232/2634 2681/7698/2801 2598/7699/2723
f 2599/7145/2570 2655/7700/2781 2519/7365/2689
f 2506/7192/2621 2549/7335/2677 2650/7701/2802
f 2656/7510/2738 2703/7702/2803 2528/7263/2632
f 2570/7703/2615 2642/7704/2697 2603/7415/2713
f 2696/7705/2804 2604/7706/2678 2511/7194/2623
f 2521/7265/2648 2683/7707/2805 2573/7436/2699
f 2633/7639/2758 2698/7708/2806 2620/7536/2748
f 2698/7709/2806 2644/7666/2771 2620/7710/2748
f 2692/7711/2774 2567/7712/2695 2677/7713/2785
f 2623/7714/2752 2612/7715/2761 2635/7716/2760
f 2661/7644/2784 2596/7627/2722 2663/7626/2778
f 2626/7617/2754 2687/7717/2807 2622/7538/2749
f 2505/7464/2628 2647/7718/2779 2663/7626/2778
f 2626/7586/2754 2613/7585/2731 2688/7719/2808
f 2627/7720/2763 2614/7721/2734 2689/7722/2809
f 2615/7723/2736 2628/7498/2708 2723/7724/2810
f 2426/7463/2543 2668/7632/2780 2690/7725/2811
f 2650/7701/2802 2568/7385/2696 2506/7192/2621
f 2682/7530/2745 2704/7726/2812 2641/7597/2767
f 2467/7097/2588 2705/7598/2768 2618/7568/2757
f 2572/7532/2746 2671/7662/2792 2697/7727/2813
f 2683/7707/2805 2521/7265/2648 2685/7600/2769
f 2634/7599/2726 2575/7418/2701 2684/7664/2794
f 2574/7728/2718 2727/7665/2795 2619/7478/2680
f 2672/7663/2793 2644/7666/2771 2698/7709/2806
f 2652/7445/2720 2692/7641/2774 2691/7729/2814
f 2653/7730/2786 2585/7731/2707 2545/7732/2676
f 2647/7733/2779 2625/7734/2753 2663/7735/2778
f 2595/7449/2721 2646/7618/2776 2693/7736/2815
f 2686/7651/2788 2729/7737/2816 2628/7498/2708
f 2595/7688/2721 2693/7738/2815 2597/7552/2735
f 2505/7464/2628 2426/7463/2543 2647/7718/2779
f 2614/7739/2734 2701/7740/2817 2689/7741/2809
f 2426/7463/2543 2690/7725/2811 2647/7718/2779
f 2598/7699/2723 2681/7698/2801 2649/7562/2755
f 2641/7597/2767 2704/7726/2812 2511/7194/2623
f 2456/7119/2596 2651/7625/2777 2670/7742/2818
f 2440/6989/2555 2618/7568/2757 2632/7569/2717
f 2652/7743/2720 2767/7744/2819 2589/7745/2750
f 2713/7746/2820 2699/7747/2821 2635/7678/2760
f 2624/7748/2730 2714/7749/2822 2706/7750/2797
f 2635/7751/2760 2699/7752/2821 2623/7753/2752
f 2624/7556/2730 2700/7681/2798 2714/7754/2822
f 2607/7755/2728 2622/7538/2749 2708/7756/2823
f 2558/7273/2651 2666/7757/2791 2678/7583/2762
f 2664/7758/2824 2665/7759/2825 2723/7760/2810
f 2689/7741/2809 2702/7761/2826 2627/7762/2763
f 2627/7762/2763 2702/7761/2826 2654/7763/2800
f 2701/7740/2817 2614/7739/2734 2702/7761/2827
f 2667/7764/2790 2730/7765/2828 2614/7766/2734
f 2497/7163/2559 2629/7588/2764 2680/7767/2737
f 2568/7385/2696 2718/7768/2829 2617/7520/2743
f 2704/7726/2812 2696/7705/2804 2511/7194/2623
f 2696/7769/2804 2571/7387/2698 2604/7417/2678
f 2632/7476/2717 2739/7770/2830 2574/7437/2718
f 2502/7267/2617 2634/7571/2726 2685/7600/2769
f 2605/7771/2719 2674/7772/2831 2676/7773/2796
f 2606/7774/2727 2713/7775/2820 2635/7577/2760
f 2653/7776/2786 2707/7777/2832 2585/7406/2707
f 2628/7498/2708 2729/7737/2816 2723/7724/2810
f 2613/7585/2731 2678/7685/2762 2688/7778/2808
f 2689/7779/2809 2654/7780/2800 2702/7781/2826
f 2689/7741/2809 2701/7740/2817 2654/7782/2800
f 2614/7739/2734 2730/7783/2828 2702/7761/2827
f 2702/7784/2827 2730/7785/2828 2701/7786/2817
f 2597/7552/2735 2716/7787/2833 2526/7788/2652
f 2498/7232/2634 2639/7593/2765 2681/7698/2801
f 2682/7530/2745 2657/7529/2744 2704/7726/2812
f 2603/7415/2713 2642/7704/2697 2726/7789/2834
f 2550/7196/2624 2551/7339/2679 2712/7790/2835
f 2605/7442/2719 2565/7791/2705 2766/7792/2836
f 2677/7793/2785 2721/7794/2837 2692/7795/2774
f 2663/7796/2778 2625/7797/2753 2722/7798/2838
f 2663/7799/2778 2722/7800/2838 2661/7801/2784
f 2707/7777/2832 2715/7802/2839 2585/7406/2707
f 2679/7803/2799 2654/7804/2800 2733/7805/2840
f 2730/7806/2828 2654/7807/2800 2701/7808/2817
f 2723/7809/2810 2655/7634/2781 2615/7810/2736
f 2638/7090/2544 2600/7411/2710 2709/7811/2841
f 2694/7812/2842 2717/7813/2843 2710/7814/2844
f 2694/7815/2842 2711/7816/2845 2695/7817/2846
f 2528/7263/2632 2703/7702/2803 2639/7593/2765
f 2640/7475/2725 2603/7415/2713 2726/7789/2834
f 2726/7818/2834 2642/7386/2697 2631/7567/2756
f 2574/7819/2718 2739/7820/2830 2727/7665/2795
f 2634/7599/2726 2684/7664/2794 2720/7821/2847
f 2692/7711/2774 2721/7822/2837 2691/7823/2814
f 2606/7674/2727 2676/7673/2796 2728/7824/2848
f 2677/7825/2785 2661/7801/2784 2793/7826/2849
f 2623/7648/2752 2699/7827/2821 2653/7649/2786
f 2625/7828/2753 2645/7829/2775 2722/7830/2838
f 2647/7831/2779 2722/7832/2838 2645/7833/2775
f 2664/7834/2824 2723/7835/2810 2729/7836/2816
f 2585/7837/2707 2715/7838/2839 2750/7839/2850
f 2585/7837/2707 2750/7839/2850 2629/7840/2764
f 2688/7778/2808 2678/7685/2762 2724/7841/2851
f 2693/7738/2815 2716/7787/2833 2597/7552/2735
f 2688/7842/2808 2687/7717/2807 2626/7551/2754
f 2680/7843/2737 2709/7844/2841 2600/7845/2710
f 2456/7119/2596 2670/7742/2818 2705/7598/2768
f 2605/7846/2719 2766/7847/2836 2674/7848/2831
f 2675/7574/2759 2589/7573/2750 2767/7849/2819
f 2606/7774/2727 2728/7850/2848 2713/7775/2820
f 2665/7851/2825 2664/7852/2824 2729/7737/2816
f 2647/7718/2779 2690/7725/2811 2734/7853/2852
f 2654/7854/2800 2730/7855/2828 2733/7856/2840
f 2556/7356/2685 2753/7857/2853 2648/7858/2789
f 2694/7859/2842 2695/7860/2846 2736/7861/2854
f 2568/7385/2696 2650/7701/2802 2725/7862/2855
f 2657/7529/2744 2669/7863/2766 2704/7726/2812
f 2640/7475/2725 2726/7789/2834 2669/7595/2766
f 2696/7864/2804 2631/7567/2756 2571/7387/2698
f 2573/7436/2699 2683/7707/2805 2787/7865/2856
f 2643/7866/2770 2732/7867/2857 2577/7868/2700
f 2566/7869/2693 2675/7870/2759 2660/7871/2783
f 2653/7872/2786 2755/7873/2858 2707/7777/2832
f 2647/7718/2779 2734/7853/2852 2722/7874/2838
f 2734/7875/2852 2690/7876/2811 2735/7877/2859
f 2655/7634/2781 2723/7809/2810 2819/7878/2860
f 2629/7588/2764 2752/7879/2861 2680/7767/2737
f 2655/7700/2781 2758/7880/2862 2519/7365/2689
f 2694/7812/2842 2737/7881/2863 2711/7882/2845
f 2694/7812/2842 2710/7814/2844 2737/7881/2863
f 2568/7883/2696 2725/7884/2855 2718/7885/2829
f 2656/7510/2738 2738/7886/2864 2703/7702/2803
f 2656/7887/2738 2630/7888/2740 2719/7889/2865
f 2704/7726/2812 2669/7863/2766 2726/7890/2834
f 2550/7196/2624 2712/7790/2835 2651/7625/2777
f 2740/7891/2866 2633/7570/2758 2658/7535/2747
f 2684/7664/2794 2788/7892/2867 2720/7821/2847
f 2685/7600/2769 2731/7893/2868 2683/7707/2805
f 2685/7600/2769 2634/7571/2726 2731/7893/2868
f 2577/7868/2700 2732/7867/2857 2621/7894/2773
f 2714/7895/2822 2744/7896/2869 2706/7897/2797
f 2699/7752/2821 2755/7873/2858 2653/7872/2786
f 2665/7898/2825 2741/7899/2870 2723/7809/2810
f 2556/7356/2685 2662/7650/2787 2753/7857/2853
f 2690/7725/2811 2668/7632/2780 2770/7900/2871
f 2638/7901/2544 2709/7811/2841 2796/7902/2872
f 2736/7903/2854 2717/7904/2843 2694/7905/2842
f 2548/7413/2711 2519/7365/2689 2758/7880/2862
f 2656/7510/2738 2719/7906/2865 2738/7886/2864
f 2726/7818/2834 2631/7567/2756 2704/7907/2812
f 2704/7907/2812 2631/7567/2756 2696/7864/2804
f 2731/7893/2868 2634/7571/2726 2720/7908/2847
f 2675/7870/2759 2768/7909/2873 2660/7871/2783
f 2676/7910/2796 2743/7911/2874 2728/7824/2848
f 2660/7912/2783 2779/7913/2875 2686/7914/2788
f 2722/7800/2838 2793/7826/2849 2661/7801/2784
f 2779/7915/2875 2729/7737/2816 2686/7651/2788
f 2745/7916/2876 2722/7800/2838 2734/7917/2852
f 2622/7538/2749 2687/7717/2807 2708/7756/2823
f 2715/7918/2839 2746/7919/2877 2750/7920/2850
f 2733/7921/2840 2730/7922/2828 2667/7923/2790
f 2741/7899/2870 2819/7878/2860 2723/7809/2810
f 2819/7878/2860 2758/7924/2862 2655/7634/2781
f 2526/7277/2652 2786/7925/2878 2549/7335/2677
f 2572/7532/2746 2697/7727/2813 2712/7926/2835
f 2652/7445/2720 2791/7927/2879 2767/7928/2819
f 2652/7445/2720 2691/7729/2814 2791/7927/2879
f 2793/7826/2849 2748/7929/2880 2677/7825/2785
f 2629/7588/2764 2750/7930/2850 2751/7931/2881
f 2717/7813/2843 2754/7932/2882 2710/7814/2844
f 2786/7925/2878 2650/7701/2802 2549/7335/2677
f 2551/7933/2679 2572/7934/2746 2712/7935/2835
f 2742/7936/2883 2659/7937/2782 2621/7938/2773
f 2777/7939/2884 2766/7792/2836 2565/7791/2705
f 2674/7772/2831 2743/7940/2874 2676/7773/2796
f 2777/7939/2884 2706/7941/2797 2744/7942/2869
f 2699/7747/2821 2713/7746/2820 2778/7943/2885
f 2749/7944/2886 2744/7896/2869 2714/7895/2822
f 2779/7945/2875 2660/7946/2783 2768/7947/2873
f 2756/7948/2887 2715/7949/2839 2707/7950/2832
f 2690/7876/2811 2770/7951/2871 2735/7877/2859
f 2757/7952/2888 2733/7805/2840 2667/7953/2790
f 2751/7954/2881 2752/7955/2861 2629/7956/2764
f 2678/7583/2762 2666/7757/2791 2724/7957/2851
f 2667/7654/2790 2638/7694/2544 2796/7958/2872
f 2803/7959/2889 2709/7811/2841 2680/7960/2737
f 2736/7961/2854 2760/7962/2890 2717/7963/2843
f 2759/7964/2891 2760/7962/2890 2736/7961/2854
f 2761/7965/2892 2754/7966/2882 2717/7963/2843
f 2761/7967/2892 2710/7814/2844 2754/7932/2882
f 2762/7968/2893 2761/7969/2894 2754/7970/2895
f 2761/7967/2892 2760/7971/2890 2710/7814/2844
f 2760/7971/2890 2737/7881/2863 2710/7814/2844
f 2740/7891/2866 2747/7972/2896 2633/7570/2758
f 2789/7973/2897 2672/7663/2793 2698/7709/2806
f 2778/7943/2885 2755/7974/2858 2699/7747/2821
f 2679/7975/2799 2733/7976/2840 2757/7977/2888
f 2729/7978/2816 2769/7979/2898 2665/7980/2825
f 2607/7981/2728 2708/7982/2823 2784/7983/2899
f 2665/7898/2825 2769/7984/2898 2741/7899/2870
f 2667/7953/2790 2771/7985/2900 2757/7952/2888
f 2772/7986/2901 2770/7987/2871 2668/7988/2780
f 2773/7989/2902 2648/7652/2789 2753/7990/2853
f 2648/7991/2789 2774/7992/2903 2637/7993/2732
f 2666/7757/2791 2649/7994/2755 2775/7995/2904
f 2695/7996/2846 2759/7997/2891 2736/7998/2854
f 2761/7965/2892 2717/7963/2843 2760/7962/2890
f 2695/7817/2846 2711/7816/2845 2776/7999/2905
f 2617/8000/2743 2763/8001/2906 2630/8002/2740
f 2740/7891/2866 2658/7535/2747 2727/7665/2795
f 2659/7640/2782 2765/8003/2907 2673/7603/2772
f 2675/8004/2759 2767/8005/2819 2768/8006/2873
f 2706/8007/2797 2777/7939/2884 2565/7791/2705
f 2713/7775/2820 2728/7850/2848 2778/8008/2885
f 2674/7772/2831 2766/8009/2836 2743/7940/2874
f 2677/7793/2785 2748/8010/2880 2721/8011/2837
f 2700/7687/2798 2679/7689/2799 2780/8012/2908
f 2735/8013/2859 2770/7900/2871 2781/8014/2909
f 2735/8015/2859 2783/8016/2910 2734/8017/2852
f 2750/7930/2850 2782/8018/2911 2751/7931/2881
f 2769/8019/2898 2785/8020/2912 2741/8021/2870
f 2711/7816/2845 2737/8022/2863 2776/7999/2905
f 2630/7888/2740 2763/8023/2906 2719/7889/2865
f 2698/8024/2806 2633/8025/2758 2789/8026/2897
f 2659/7937/2782 2742/7936/2883 2790/8027/2913
f 2743/7911/2874 2792/8028/2914 2728/7824/2848
f 2714/7754/2822 2700/7681/2798 2780/8029/2908
f 2745/8030/2876 2793/8031/2849 2722/8032/2838
f 2729/7737/2816 2807/8033/2915 2769/8034/2898
f 2745/8035/2876 2734/8036/2852 2794/8037/2916
f 2750/7920/2850 2746/7919/2877 2817/8038/2917
f 2734/8036/2852 2783/8039/2910 2772/8040/2901
f 2607/7484/2728 2784/8041/2899 2662/7650/2787
f 2801/8042/2918 2772/7986/2901 2668/7988/2780
f 2741/8043/2870 2795/8044/2919 2819/8045/2860
f 2741/8043/2870 2785/8046/2912 2795/8044/2919
f 2649/7562/2755 2681/8047/2801 2775/8048/2904
f 2651/7625/2777 2712/7790/2835 2811/8049/2920
f 2671/8050/2792 2573/7436/2699 2787/7865/2856
f 2797/8051/2921 2684/7664/2794 2672/7663/2793
f 2840/8052/2922 2643/8053/2770 2673/8054/2772
f 2742/8055/2883 2621/7894/2773 2732/7867/2857
f 2814/8056/2923 2768/7909/2873 2767/7744/2819
f 2791/7927/2879 2691/7729/2814 2799/8057/2924
f 2714/7754/2822 2780/8029/2908 2749/8058/2886
f 2757/7977/2888 2771/8059/2900 2824/8060/2925
f 2800/8061/2926 2708/7756/2823 2687/7717/2807
f 2752/7955/2861 2751/7954/2881 2746/8062/2877
f 2783/8063/2910 2770/7987/2871 2772/7986/2901
f 2801/8042/2918 2668/7988/2780 2802/8064/2927
f 2802/8064/2927 2668/7988/2780 2548/7413/2711
f 2803/7959/2889 2680/7960/2737 2752/7955/2861
f 2637/7495/2732 2774/8065/2903 2646/7618/2776
f 2716/8066/2833 2804/8067/2928 2526/7277/2652
f 2804/8067/2928 2786/7925/2878 2526/7277/2652
f 2695/7996/2846 2776/8068/2905 2759/7997/2891
f 2670/7742/2818 2651/7625/2777 2811/8049/2920
f 2798/8069/2929 2764/8070/2930 2720/7821/2847
f 2788/7892/2867 2798/8069/2929 2720/7821/2847
f 2691/7823/2814 2721/7822/2837 2799/8071/2924
f 2744/8072/2869 2806/8073/2931 2777/8074/2884
f 2744/8072/2869 2749/8075/2886 2806/8073/2931
f 2815/8076/2932 2729/7737/2816 2779/7915/2875
f 2780/8077/2908 2679/8078/2799 2757/8079/2888
f 2746/7919/2877 2751/8080/2881 2817/8038/2917
f 2802/8064/2927 2548/7413/2711 2758/7880/2862
f 2796/7902/2872 2709/7811/2841 2803/7959/2889
f 2646/7618/2776 2774/8065/2903 2808/8081/2933
f 2774/8082/2903 2760/7962/2890 2759/7964/2891
f 2632/8083/2717 2813/8084/2934 2739/8085/2830
f 2720/7908/2847 2683/7707/2805 2731/7893/2868
f 2659/7937/2782 2790/8027/2913 2765/8086/2907
f 2782/8087/2911 2750/8088/2850 2817/8089/2917
f 2772/8040/2901 2794/8037/2916 2734/8036/2852
f 2781/8014/2909 2770/7900/2871 2809/8090/2935
f 2770/7987/2871 2783/8063/2910 2809/8091/2935
f 2820/8092/2936 2804/8093/2928 2716/7787/2833
f 2670/7742/2818 2828/8094/2937 2705/7598/2768
f 2618/7568/2757 2812/8095/2938 2632/7569/2717
f 2829/8096/2939 2683/7707/2805 2720/7908/2847
f 2767/7744/2819 2791/8097/2879 2814/8056/2923
f 2768/7909/2873 2815/8076/2932 2779/7915/2875
f 2745/8035/2876 2794/8037/2916 2816/8098/2940
f 2801/8042/2918 2802/8064/2927 2794/8099/2916
f 2708/8100/2823 2826/8101/2941 2784/8041/2899
f 2662/7650/2787 2784/8041/2899 2753/7857/2853
f 2785/8046/2912 2821/8102/2942 2795/8044/2919
f 2810/8103/2943 2776/8104/2905 2760/7962/2890
f 2760/8105/2890 2776/8106/2905 2737/8107/2863
f 2718/7768/2829 2947/8108/2944 2617/7520/2743
f 2947/8108/2944 2854/8109/2945 2617/7520/2743
f 2617/7520/2743 2854/8109/2945 2763/8023/2906
f 2866/8110/2946 2747/7972/2896 2740/7891/2866
f 2739/7820/2830 2740/7891/2866 2727/7665/2795
f 2643/7601/2770 2874/8111/2947 2732/8112/2857
f 2777/8074/2884 2806/8073/2931 2830/8113/2948
f 2815/8076/2932 2831/8114/2949 2729/7737/2816
f 2729/7737/2816 2831/8114/2949 2807/8033/2915
f 2745/7916/2876 2816/8115/2940 2793/7826/2849
f 2715/7949/2839 2752/8116/2861 2746/8117/2877
f 2782/8118/2911 2825/8119/2950 2751/7954/2881
f 2771/7985/2900 2845/8120/2951 2824/8121/2925
f 2820/8092/2936 2693/7738/2815 2846/8122/2952
f 2688/7842/2808 2827/8123/2953 2687/7717/2807
f 2724/7957/2851 2666/7757/2791 2863/8124/2954
f 2693/7738/2815 2820/8092/2936 2716/7787/2833
f 2648/7991/2789 2773/8125/2902 2774/7992/2903
f 2760/7962/2890 2774/8082/2903 2810/8103/2943
f 2681/7698/2801 2822/8126/2955 2775/8048/2904
f 2759/7997/2891 2776/8068/2905 2810/8127/2943
f 2764/8128/2930 2829/8129/2939 2720/8130/2847
f 2768/7909/2873 2814/8056/2923 2815/8076/2932
f 2778/7943/2885 2823/8131/2956 2755/7974/2858
f 2755/7873/2858 2823/8132/2956 2707/7777/2832
f 2707/7777/2832 2823/8132/2956 2832/8133/2957
f 2780/8077/2908 2757/8079/2888 2834/8134/2958
f 2757/8079/2888 2824/8135/2925 2834/8134/2958
f 2735/8015/2859 2835/8136/2959 2783/8016/2910
f 2715/7949/2839 2851/8137/2960 2752/8116/2861
f 2783/8016/2910 2835/8136/2959 2837/8138/2961
f 2751/7954/2881 2825/8119/2950 2817/8139/2917
f 2667/8140/2790 2796/8141/2872 2818/8142/2962
f 2769/8143/2898 2880/8144/2963 2785/8145/2912
f 2667/8146/2790 2845/8147/2951 2771/8148/2900
f 2819/8149/2860 2839/8150/2964 2758/7880/2862
f 2796/8151/2872 2803/8152/2889 2838/8153/2965
f 2725/7862/2855 2947/8108/2944 2718/7768/2829
f 2788/7892/2867 2805/8154/2966 2798/8069/2929
f 2728/7850/2848 2792/8155/2914 2778/8008/2885
f 2766/8009/2836 2841/8156/2967 2743/7940/2874
f 2748/8010/2880 2847/8157/2968 2721/8011/2837
f 2807/8158/2915 2831/8159/2949 2887/8160/2969
f 2835/8161/2959 2735/8162/2859 2843/8163/2970
f 2843/8164/2970 2735/8165/2859 2837/8166/2961
f 2735/8167/2859 2809/8168/2935 2837/8169/2961
f 2794/8170/2916 2772/8171/2901 2844/8172/2971
f 2836/8173/2972 2844/8172/2971 2772/8171/2901
f 2844/8174/2971 2801/8175/2918 2794/8176/2916
f 2772/8177/2901 2801/8178/2918 2836/8179/2972
f 2837/8180/2961 2809/8091/2935 2783/8063/2910
f 2802/8064/2927 2839/8150/2964 2794/8099/2916
f 2708/7756/2823 2800/8061/2926 2826/8181/2941
f 2796/7958/2872 2838/8182/2965 2818/8183/2962
f 2667/8146/2790 2818/8184/2962 2845/8147/2951
f 2687/7717/2807 2882/8185/2973 2800/8061/2926
f 2693/7736/2815 2646/7618/2776 2846/8186/2952
f 2774/8187/2903 2759/7997/2891 2808/8188/2933
f 2632/8083/2717 2812/8189/2938 2813/8084/2934
f 2797/8051/2921 2672/7663/2793 2789/7973/2897
f 2799/8071/2924 2875/8190/2974 2791/8097/2879
f 2721/8011/2837 2847/8157/2968 2799/8191/2924
f 2743/8192/2874 2841/8193/2967 2792/8155/2914
f 2816/8115/2940 2833/8194/2975 2793/7826/2849
f 2780/8077/2908 2834/8134/2958 2858/8195/2976
f 2735/7877/2859 2781/8196/2909 2848/8197/2977
f 2817/8089/2917 2849/8198/2978 2782/8087/2911
f 2817/8089/2917 2832/8199/2957 2849/8198/2978
f 2715/8200/2839 2756/8201/2887 2851/8202/2960
f 2817/8089/2917 2850/8203/2979 2832/8199/2957
f 2809/8204/2935 2835/8205/2959 2843/8206/2970
f 2781/8014/2909 2809/8090/2935 2842/8207/2980
f 2794/8099/2916 2839/8150/2964 2816/8115/2940
f 2835/8208/2959 2836/8209/2972 2837/8210/2961
f 2837/8210/2961 2836/8209/2972 2843/8211/2970
f 2843/8212/2970 2836/8213/2972 2809/8214/2935
f 2895/8215/2981 2852/8216/2982 2752/8217/2861
f 2752/8217/2861 2852/8216/2982 2803/8218/2889
f 2880/8144/2963 2821/8219/2942 2785/8145/2912
f 2758/7880/2862 2839/8150/2964 2802/8064/2927
f 2819/8220/2860 2853/8221/2983 2897/8222/2984
f 2646/7618/2776 2808/8081/2933 2846/8186/2952
f 2819/8223/2860 2795/8224/2919 2853/8225/2983
f 2687/7717/2807 2827/8123/2953 2882/8185/2973
f 2684/8226/2794 2797/8227/2921 2788/8228/2867
f 2739/7820/2830 2813/8229/2934 2740/7891/2866
f 2815/8076/2932 2814/8056/2923 2906/8230/2985
f 2778/8231/2885 2857/8232/2986 2823/8233/2956
f 2707/8234/2832 2859/8235/2987 2886/8236/2988
f 2707/8234/2832 2832/8237/2957 2859/8235/2987
f 2782/8087/2911 2861/8238/2989 2860/8239/2990
f 2849/8198/2978 2861/8238/2989 2782/8087/2911
f 2735/7877/2859 2848/8197/2977 2809/8204/2935
f 2848/8197/2977 2835/8205/2959 2809/8204/2935
f 2860/8239/2990 2825/8240/2950 2782/8087/2911
f 2835/8205/2959 2844/8172/2971 2836/8173/2972
f 2817/8139/2917 2825/8241/2950 2850/8242/2979
f 2887/8243/2969 2769/8244/2898 2807/8245/2915
f 2821/8246/2942 2881/8247/2991 2795/8248/2919
f 2870/8249/2992 2688/7778/2808 2724/7841/2851
f 2633/8250/2758 2891/8251/2993 2789/8252/2897
f 2643/8053/2770 2840/8052/2922 2874/8253/2947
f 2732/7867/2857 2856/8254/2994 2742/8055/2883
f 2742/7936/2883 2856/8255/2994 2790/8027/2913
f 2766/7847/2836 2777/8256/2884 2867/8257/2995
f 2777/8258/2884 2830/8259/2948 2867/8260/2995
f 2793/7826/2849 2833/8194/2975 2879/8261/2996
f 2886/8262/2988 2859/8263/2987 2849/8264/2978
f 2849/8265/2978 2832/8133/2957 2886/8266/2988
f 2752/7955/2861 2851/8267/2960 2895/8268/2981
f 2801/8269/2918 2896/8270/2997 2836/8271/2972
f 2845/8147/2951 2818/8184/2962 2889/8272/2998
f 2868/8273/2999 2784/8041/2899 2826/8101/2941
f 2839/8150/2964 2819/8149/2860 2897/8274/2984
f 2795/8224/2919 2869/8275/3000 2853/8225/2983
f 2827/8123/2953 2688/7842/2808 2871/8276/3001
f 2753/7990/2853 2862/8277/3002 2773/7989/2902
f 2787/8278/2856 2864/8279/3003 2671/8280/2792
f 2865/8281/3004 2866/8110/2946 2740/7891/2866
f 2787/7865/2856 2683/7707/2805 2884/8282/3005
f 2799/8283/2924 2847/8157/2968 2875/8284/2974
f 2823/8233/2956 2857/8232/2986 2877/8285/3006
f 2749/8075/2886 2780/8286/2908 2806/8073/2931
f 2847/8287/2968 2878/8288/3007 2876/8289/3008
f 2847/8290/2968 2748/7929/2880 2879/8261/2996
f 2748/7929/2880 2793/7826/2849 2879/8261/2996
f 2823/8291/2956 2886/8292/2988 2832/8293/2957
f 2707/8234/2832 2886/8236/2988 2756/8294/2887
f 2836/8295/2972 2842/8296/2980 2809/8091/2935
f 2887/8297/2969 2880/8144/2963 2769/8143/2898
f 2824/8298/2925 2845/8147/2951 2889/8272/2998
f 2803/7959/2889 2852/8299/2982 2838/8300/2965
f 2724/7957/2851 2863/8124/2954 2870/8301/2992
f 2666/7757/2791 2775/7995/2904 2863/8124/2954
f 2773/8125/2902 2883/8302/3009 2774/7992/2903
f 2774/7992/2903 2883/8302/3009 2810/8303/2943
f 2650/7701/2802 2872/8304/3010 2725/7862/2855
f 2703/7702/2803 2738/8305/2864 2914/8306/3011
f 2719/8307/2865 2914/8308/3011 2738/8309/2864
f 2618/8310/2757 2855/8311/3012 2812/8312/2938
f 2829/8096/2939 2884/8282/3005 2683/7707/2805
f 2747/8313/2896 2891/8251/2993 2633/8250/2758
f 2814/8314/2923 2791/8315/2879 2924/8316/3013
f 2875/8190/2974 2847/8317/2968 2885/8318/3014
f 2847/8317/2968 2876/8319/3008 2885/8318/3014
f 2847/8320/2968 2879/8321/2996 2878/8322/3007
f 2844/8172/2971 2835/8205/2959 2888/8323/3015
f 2825/8241/2950 2859/8324/2987 2850/8242/2979
f 2824/8135/2925 2889/8325/2998 2834/8134/2958
f 2896/8326/2997 2888/8327/3015 2836/8295/2972
f 2881/8328/2991 2869/8329/3000 2795/8330/2919
f 2852/8331/2982 2961/8332/3016 2838/8333/2965
f 2681/7698/2801 2639/7593/2765 2822/8126/2955
f 2712/7926/2835 2904/8334/3017 2811/8335/2920
f 2873/8336/3018 2805/8337/2966 2788/7892/2867
f 2673/7603/2772 2765/8003/2907 2840/8338/2922
f 2732/8339/2857 2892/8340/3019 2856/8255/2994
f 2814/8056/2923 2924/8341/3013 2906/8230/2985
f 2778/8231/2885 2792/8155/2914 2893/8342/3020
f 2780/8012/2908 2858/8343/2976 2901/8344/3021
f 2823/8132/2956 2877/8345/3006 2886/8346/2988
f 2781/8347/2909 2842/8348/2980 2848/8349/2977
f 2849/8350/2978 2825/8351/2950 2861/8352/2989
f 2859/8353/2987 2825/8354/2950 2849/8355/2978
f 2835/8356/2959 2848/8357/2977 2888/8358/3015
f 2836/8295/2972 2848/8359/2977 2842/8296/2980
f 2844/8360/2971 2896/8270/2997 2801/8269/2918
f 2688/7778/2808 2870/8249/2992 2871/8361/3001
f 2703/7702/2803 2890/8362/3022 2639/7593/2765
f 2898/8363/3023 2828/8094/2937 2670/7742/2818
f 2747/8313/2896 2916/8364/3024 2891/8251/2993
f 2766/8009/2836 2899/8365/3025 2841/8156/2967
f 2867/8260/2995 2830/8259/2948 2806/8366/2931
f 2780/8286/2908 2901/8367/3021 2806/8073/2931
f 2886/8236/2988 2851/8267/2960 2756/8294/2887
f 2816/8115/2940 2919/8368/3026 2833/8194/2975
f 2844/8172/2971 2888/8323/3015 2902/8369/3027
f 2860/8370/2990 2861/8371/2989 2825/8241/2950
f 2848/8359/2977 2836/8295/2972 2888/8327/3015
f 2889/8372/2998 2818/8373/2962 2903/8374/3028
f 2827/8123/2953 3031/8375/3029 2882/8185/2973
f 2670/7742/2818 2811/8049/2920 2898/8363/3023
f 2873/8376/3018 2788/8377/2867 2922/8378/3030
f 2766/8009/2836 2900/8379/3031 2899/8365/3025
f 2867/8257/2995 2900/8380/3031 2766/7847/2836
f 2841/8193/2967 2893/8342/3020 2792/8155/2914
f 2815/8076/2932 2906/8230/2985 2831/8114/2949
f 2887/8381/2969 2831/8114/2949 2928/8382/3032
f 2919/8368/3026 2879/8261/2996 2833/8194/2975
f 2832/8199/2957 2907/8383/3033 2859/8384/2987
f 2816/8115/2940 2839/8150/2964 2919/8368/3026
f 2895/8268/2981 2851/8267/2960 2910/8385/3034
f 2859/8324/2987 2911/8386/3035 2850/8242/2979
f 2844/8360/2971 2909/8387/3036 2896/8270/2997
f 2910/8388/3034 2944/8389/3037 2895/8390/2981
f 2852/8331/2982 2895/8390/2981 2944/8389/3037
f 2838/8300/2965 2961/8391/3016 2818/8392/2962
f 2881/8247/2991 2821/8246/2942 2920/8393/3038
f 2846/8186/2952 2808/8081/2933 2912/8394/3039
f 2650/7701/2802 2913/8395/3040 2872/8304/3010
f 2915/8396/3041 2719/7889/2865 2763/8023/2906
f 2855/8397/3012 2618/7568/2757 2705/7598/2768
f 2916/8398/3024 2747/7972/2896 2866/8110/2946
f 2905/8399/3042 2797/8051/2921 2789/7973/2897
f 2732/8400/2857 2956/8401/3043 2892/8402/3019
f 2968/8403/3044 2892/8402/3019 2956/8401/3043
f 2935/8404/3045 2790/8027/2913 2856/8255/2994
f 2892/8340/3019 2917/8405/3046 2856/8255/2994
f 2958/8406/3047 2917/8407/3046 2892/8402/3019
f 2918/8408/3048 2875/8190/2974 2885/8318/3014
f 2857/8232/2986 2778/8231/2885 2893/8342/3020
f 2906/8230/2985 2929/8409/3049 2831/8114/2949
f 2928/8382/3032 2831/8114/2949 2929/8409/3049
f 2851/8410/2960 2886/8411/2988 2877/8412/3006
f 2931/8413/3050 2858/8195/2976 2834/8414/2958
f 2902/8415/3027 2909/8387/3036 2844/8360/2971
f 2907/8416/3033 2911/8386/3035 2859/8324/2987
f 2952/8417/3051 2880/8418/2963 2887/8243/2969
f 2952/8419/3051 2920/8420/3038 2880/8421/2963
f 2880/8421/2963 2920/8420/3038 2821/8422/2942
f 2808/8081/2933 2759/8423/2891 2993/8424/3052
f 2914/8425/3011 2890/8426/3022 2703/8427/2803
f 2763/8023/2906 2854/8109/2945 2921/8428/3053
f 2915/8429/3041 2914/8308/3011 2719/8307/2865
f 2787/7865/2856 2923/8430/3054 2864/8431/3003
f 2934/8432/3055 2956/8433/3043 2732/8434/2857
f 2892/8402/3019 2968/8403/3044 2958/8406/3047
f 2841/8193/2967 2899/8435/3025 2949/8436/3056
f 2791/8097/2879 2875/8190/2974 2924/8437/3013
f 2885/8318/3014 2876/8319/3008 2918/8438/3048
f 2867/8257/2995 2806/8073/2931 2936/8439/3057
f 2806/8440/2931 2901/8441/3021 2936/8442/3057
f 2939/8443/3058 2929/8409/3049 2906/8230/2985
f 2876/8289/3008 2878/8288/3007 2927/8444/3059
f 2901/8344/3021 2858/8343/2976 2931/8445/3050
f 2879/8321/2996 2942/8446/3060 2878/8322/3007
f 2928/8447/3032 2985/8448/3061 2887/8243/2969
f 2908/8449/3062 2907/8383/3033 2832/8199/2957
f 2834/8450/2958 2943/8451/3063 2931/8452/3050
f 2832/8453/2957 2850/8454/2979 2908/8455/3062
f 2834/8450/2958 2889/8456/2998 2932/8457/3064
f 2933/8458/3065 2818/8459/2962 2961/8460/3016
f 2987/8461/3066 2945/8462/3067 2881/8247/2991
f 2881/8463/2991 2945/8464/3067 2869/8465/3000
f 2759/8423/2891 2810/8466/2943 2993/8424/3052
f 2789/7973/2897 2891/8467/2993 2905/8399/3042
f 2874/8253/2947 2934/8432/3055 2732/8434/2857
f 2867/8257/2995 2937/8468/3068 2900/8380/3031
f 2937/8468/3068 2867/8257/2995 2936/8439/3057
f 2875/8190/2974 2918/8408/3048 2925/8469/3069
f 2875/8190/2974 2938/8470/3070 2924/8437/3013
f 2857/8471/2986 2930/8472/3071 2877/8473/3006
f 2901/8474/3021 2931/8413/3050 2960/8475/3072
f 2928/8476/3032 2929/8477/3049 2926/8478/3073
f 2940/8479/3074 2941/8480/3075 2851/8481/2960
f 2919/8368/3026 2942/8482/3060 2879/8261/2996
f 2985/8448/3061 3003/8483/3076 2887/8243/2969
f 2839/8150/2964 2894/8484/3077 2919/8368/3026
f 2851/8267/2960 2991/8485/3078 2910/8385/3034
f 2888/8486/3015 2974/8487/3079 2902/8488/3027
f 2839/8489/2964 2909/8490/3036 2894/8491/3077
f 2897/8274/2984 3006/8492/3080 2839/8150/2964
f 2818/8392/2962 2933/8493/3065 2903/8494/3028
f 2773/8495/2902 2862/8496/3002 2883/8497/3009
f 2822/8126/2955 2639/7593/2765 2946/8498/3081
f 2872/8304/3010 2947/8108/2944 2725/7862/2855
f 2811/8335/2920 3008/8499/3082 2898/8500/3023
f 2904/8334/3017 2712/7926/2835 2697/7727/2813
f 2805/8154/2966 3038/8501/3083 2798/8502/2929
f 2788/8377/2867 2797/8503/2921 2922/8504/3030
f 2765/8505/2907 2790/8027/2913 2955/8506/3084
f 2841/8193/2967 2949/8507/3056 2893/8342/3020
f 2969/8508/3085 2929/8409/3049 2939/8443/3058
f 2950/8509/3086 2951/8510/3087 2926/8511/3073
f 2926/8478/3073 2929/8477/3049 2950/8512/3086
f 2926/8513/3073 2951/8514/3087 2928/8447/3032
f 2839/8489/2964 3006/8515/3080 2909/8490/3036
f 2889/8516/2998 2903/8517/3028 2932/8518/3064
f 2897/8519/2984 2853/8520/2983 3006/8515/3080
f 2827/8521/2953 2871/8522/3001 3031/8523/3029
f 2786/7925/2878 2913/8395/3040 2650/7701/2802
f 2787/7865/2856 2884/8282/3005 2923/8430/3054
f 2840/8052/2922 2765/8524/2907 2967/8525/3088
f 2935/8404/3045 2955/8506/3084 2790/8027/2913
f 2935/8526/3045 2957/8527/3089 2948/8528/3090
f 2935/8404/3045 2856/8255/2994 2957/8529/3089
f 2969/8508/3085 2939/8443/3058 2981/8530/3091
f 2925/8531/3069 2938/8532/3070 2875/8533/2974
f 2936/8534/3057 2901/8441/3021 2977/8535/3092
f 2924/8316/3013 2959/8536/3093 2906/8537/2985
f 2924/8437/3013 2938/8470/3070 2959/8538/3093
f 2969/8508/3085 2950/8539/3086 2929/8409/3049
f 2910/8540/3034 2991/8541/3078 2962/8542/3094
f 2991/8541/3078 2961/8543/3016 2962/8542/3094
f 2991/8541/3078 2944/8544/3037 2961/8543/3016
f 2944/8545/3037 2933/8546/3065 2962/8547/3094
f 2910/8540/3034 2962/8542/3094 2933/8548/3065
f 2933/8549/3065 2961/8550/3016 2910/8551/3034
f 2910/8552/3034 2961/8553/3016 2944/8554/3037
f 2908/8455/3062 2850/8454/2979 2911/8555/3035
f 2933/8493/3065 2991/8485/3078 2932/8457/3064
f 2932/8556/3064 2903/8557/3028 2933/8558/3065
f 2881/8247/2991 2920/8393/3038 2987/8461/3066
f 2868/8273/2999 2963/8559/3095 2784/8041/2899
f 2753/8560/2853 2784/8561/2899 2963/8562/3095
f 2811/8335/2920 2904/8334/3017 3008/8499/3082
f 2671/8280/2792 2864/8279/3003 2966/8563/3096
f 2764/8070/2930 2798/8069/2929 3041/8564/3097
f 2813/8229/2934 2865/8281/3004 2740/7891/2866
f 2948/8565/3090 2976/8566/3098 2935/8567/3045
f 2856/8255/2994 2972/8568/3099 2957/8529/3089
f 2939/8443/3058 2995/8569/3100 2981/8530/3091
f 2939/8443/3058 2906/8230/2985 2995/8569/3100
f 2856/8255/2994 2917/8405/3046 2972/8568/3099
f 2876/8570/3008 2927/8571/3059 2918/8572/3048
f 2960/8475/3072 2931/8413/3050 2958/8573/3047
f 2944/8574/3037 2991/8485/3078 2933/8493/3065
f 2887/8243/2969 3003/8483/3076 2952/8417/3051
f 2909/8575/3036 2974/8576/3079 2896/8326/2997
f 2888/8327/3015 2896/8326/2997 2974/8576/3079
f 2869/8275/3000 3005/8577/3101 2853/8578/2983
f 2775/7995/2904 2822/8579/2955 2863/8124/2954
f 2965/8580/3102 2993/8581/3052 2810/8582/2943
f 2872/8304/3010 2975/8583/3103 2947/8108/2944
f 2840/8052/2922 2967/8525/3088 2989/8584/3104
f 2874/8253/2947 2840/8052/2922 2989/8584/3104
f 2937/8468/3068 2956/8433/3043 2934/8585/3055
f 2976/8586/3098 2955/8506/3084 2935/8404/3045
f 2976/8566/3098 2969/8508/3085 2981/8530/3091
f 2976/8566/3098 2948/8565/3090 2969/8508/3085
f 2956/8401/3043 2977/8587/3092 2968/8403/3044
f 2936/8534/3057 2977/8535/3092 2956/8588/3043
f 2957/8527/3089 2970/8589/3105 2948/8528/3090
f 2957/8529/3089 2971/8590/3106 2970/8591/3105
f 2948/8592/3090 2950/8593/3086 2969/8594/3085
f 2949/8595/3056 2978/8596/3107 2893/8597/3020
f 2979/8598/3108 2949/8599/3056 2899/8600/3025
f 2973/8601/3109 2857/8232/2986 2893/8342/3020
f 2960/8602/3072 2977/8603/3092 2901/8344/3021
f 2957/8604/3089 2972/8605/3099 2971/8606/3106
f 2950/8509/3086 2971/8607/3106 2951/8510/3087
f 2980/8608/3110 2917/8407/3046 2958/8406/3047
f 2972/8605/3099 2951/8514/3087 2971/8606/3106
f 2985/8448/3061 2951/8514/3087 2972/8605/3099
f 2941/8609/3075 2991/8485/3078 2851/8267/2960
f 2940/8610/3074 2851/8611/2960 2877/8612/3006
f 2930/8613/3071 2940/8610/3074 2877/8612/3006
f 2943/8451/3063 2986/8614/3111 2931/8452/3050
f 2919/8368/3026 2894/8484/3077 3000/8615/3112
f 2988/8616/3113 2902/8617/3027 2974/8618/3079
f 2909/8619/3036 2902/8620/3027 2988/8621/3113
f 2932/8457/3064 3002/8622/3114 2834/8450/2958
f 2943/8451/3063 2834/8450/2958 3002/8622/3114
f 2894/8623/3077 2909/8619/3036 2988/8621/3113
f 3002/8622/3114 2932/8457/3064 2991/8485/3078
f 2908/8624/3062 2944/8545/3037 2962/8547/3094
f 2987/8625/3066 2920/8626/3038 2952/8627/3051
f 3021/8628/3115 2852/8331/2982 2944/8389/3037
f 3021/8628/3115 2961/8332/3016 2852/8331/2982
f 2846/8629/2952 2964/8630/3116 2820/8631/2936
f 2964/8632/3116 2804/8093/2928 2820/8092/2936
f 2883/8302/3009 2965/8633/3102 2810/8303/2943
f 2953/8634/3117 2763/8023/2906 2921/8428/3053
f 3041/8635/3097 2829/8129/2939 2764/8128/2930
f 2967/8636/3088 2765/8637/2907 2955/8638/3084
f 2937/8468/3068 2936/8439/3057 2956/8433/3043
f 2977/8603/3092 2960/8602/3072 2968/8639/3044
f 2968/8639/3044 2960/8602/3072 2958/8640/3047
f 2970/8641/3105 2950/8642/3086 2948/8528/3090
f 2899/8365/3025 2900/8379/3031 2979/8643/3108
f 2970/8644/3105 2971/8607/3106 2950/8509/3086
f 2906/8537/2985 2959/8536/3093 2995/8645/3100
f 2978/8646/3107 2973/8647/3109 2982/8648/3118
f 2978/8649/3107 2982/8650/3118 2979/8651/3108
f 2893/8652/3020 2978/8653/3107 2984/8654/3119
f 2979/8598/3108 2984/8655/3119 2978/8656/3107
f 2931/8413/3050 2986/8657/3111 2958/8573/3047
f 2985/8448/3061 2928/8447/3032 2951/8514/3087
f 2894/8658/3077 2988/8659/3113 3000/8660/3112
f 2987/8461/3066 2952/8661/3051 3003/8662/3076
f 3004/8663/3120 2945/8462/3067 2987/8461/3066
f 2945/8464/3067 3005/8664/3101 2869/8465/3000
f 3006/8665/3080 2853/8578/2983 3005/8577/3101
f 2863/8124/2954 3022/8666/3121 2870/8301/2992
f 2805/8667/2966 2873/8668/3018 3038/8669/3083
f 2989/8584/3104 2990/8670/3122 2874/8253/2947
f 2949/8595/3056 2973/8671/3109 2978/8596/3107
f 2893/8672/3020 2982/8673/3118 2973/8674/3109
f 2949/8599/3056 2982/8675/3118 2984/8676/3119
f 2949/8599/3056 2984/8676/3119 2973/8677/3109
f 2949/8599/3056 2979/8598/3108 2982/8675/3118
f 2918/8572/3048 2997/8678/3123 2925/8679/3069
f 2918/8572/3048 2927/8571/3059 2997/8678/3123
f 2893/8672/3020 2984/8680/3119 2982/8673/3118
f 2857/8471/2986 2983/8681/3124 2930/8472/3071
f 2919/8368/3026 3000/8615/3112 2992/8682/3125
f 2907/8683/3033 2908/8684/3062 3001/8685/3126
f 2987/8461/3066 3003/8662/3076 3004/8663/3120
f 2911/8686/3035 3021/8628/3115 2908/8687/3062
f 2908/8687/3062 3021/8628/3115 2944/8389/3037
f 2753/7857/2853 2963/8688/3095 2862/8689/3002
f 2993/8424/3052 3007/8690/3127 2808/8081/2933
f 2804/8067/2928 2994/8691/3128 2786/7925/2878
f 2914/8306/3011 3037/8692/3129 2890/8362/3022
f 2947/8108/2944 2921/8428/3053 2854/8109/2945
f 2874/8253/2947 2990/8670/3122 2934/8432/3055
f 2979/8693/3108 3010/8694/3130 2996/8695/3131
f 2857/8471/2986 2973/8696/3109 2983/8681/3124
f 2984/8676/3119 2979/8598/3108 2973/8677/3109
f 2925/8531/3069 3019/8697/3132 2938/8532/3070
f 2958/8573/3047 2986/8657/3111 2998/8698/3133
f 2999/8699/3134 2942/8700/3060 2919/8368/3026
f 3001/8701/3126 2908/8624/3062 2962/8547/3094
f 3028/8702/3135 3004/8703/3120 3003/8704/3076
f 2909/8490/3036 3006/8515/3080 2974/8705/3079
f 2866/8110/2946 3026/8706/3136 2916/8398/3024
f 2955/8638/3084 3016/8707/3137 2967/8636/3088
f 2976/8708/3098 2981/8709/3091 3017/8710/3138
f 2900/8711/3031 2937/8712/3068 3009/8713/3139
f 2995/8645/3100 3017/8710/3138 2981/8714/3091
f 3009/8713/3139 3010/8715/3130 2900/8716/3031
f 2900/8717/3031 3010/8694/3130 2979/8693/3108
f 2917/8718/3046 3061/8719/3140 2972/8720/3099
f 2917/8718/3046 2980/8721/3110 3061/8719/3140
f 2991/8485/3078 2941/8609/3075 3034/8722/3141
f 3034/8722/3141 3002/8723/3114 2991/8485/3078
f 2942/8724/3060 3011/8725/3142 2878/8726/3007
f 2985/8448/3061 3028/8727/3135 3003/8483/3076
f 2992/8682/3125 3000/8615/3112 3004/8663/3120
f 2945/8462/3067 3004/8663/3120 3000/8615/3112
f 3000/8728/3112 2988/8621/3113 3030/8729/3143
f 2974/8730/3079 3030/8729/3143 2988/8621/3113
f 2800/8061/2926 3012/8731/3144 2826/8732/2941
f 2846/8629/2952 2912/8733/3039 2964/8630/3116
f 2872/8304/3010 2913/8395/3040 2975/8583/3103
f 2947/8108/2944 2975/8583/3103 2921/8428/3053
f 2914/8308/3011 3013/8734/3145 3037/8735/3129
f 2705/7598/2768 2828/8094/2937 2954/8736/3146
f 2705/7598/2768 2954/8736/3146 2855/8397/3012
f 2855/8311/3012 3092/8737/3147 2812/8312/2938
f 2813/8229/2934 3014/8738/3148 2865/8281/3004
f 3041/8635/3097 3015/8739/3149 2829/8129/2939
f 2829/8129/2939 3015/8739/3149 2884/8740/3005
f 2905/8399/3042 3081/8741/3150 2797/8051/2921
f 2955/8638/3084 2976/8708/3098 3016/8707/3137
f 2976/8708/3098 3017/8710/3138 3016/8707/3137
f 2979/8693/3108 2996/8695/3131 2973/8601/3109
f 2959/8536/3093 3018/8742/3151 2995/8645/3100
f 2938/8470/3070 3018/8743/3151 2959/8538/3093
f 2878/8726/3007 3011/8725/3142 2927/8744/3059
f 3001/8701/3126 2962/8547/3094 3029/8745/3152
f 3001/8746/3126 2911/8747/3035 2907/8748/3033
f 2808/8081/2933 3007/8690/3127 2912/8394/3039
f 2890/8362/3022 3037/8692/3129 3023/8749/3153
f 2914/8308/3011 2915/8429/3041 3013/8734/3145
f 2865/8750/3004 3026/8751/3136 2866/8752/2946
f 2937/8468/3068 2934/8585/3055 3009/8753/3139
f 2925/8754/3069 2997/8755/3123 3019/8756/3132
f 2958/8406/3047 2998/8757/3133 3040/8758/3154
f 2958/8406/3047 3040/8758/3154 2980/8608/3110
f 3027/8759/3155 3028/8727/3135 2985/8448/3061
f 3002/8723/3114 3034/8722/3141 3020/8760/3156
f 3029/8745/3152 2962/8547/3094 2940/8761/3074
f 2800/8061/2926 3031/8762/3029 3012/8731/3144
f 2800/8061/2926 2882/8185/2973 3031/8762/3029
f 2639/7593/2765 2890/8362/3022 2946/8498/3081
f 2975/8583/3103 2913/8395/3040 3024/8763/3157
f 2763/8764/2906 2953/8765/3117 2915/8429/3041
f 2671/7662/2792 2966/8766/3096 2697/7727/2813
f 2797/8503/2921 3032/8767/3158 2922/8504/3030
f 2891/8251/2993 2916/8364/3024 2905/8768/3042
f 3055/8769/3159 2985/8770/3061 2972/8720/3099
f 2927/8744/3059 3011/8725/3142 2997/8771/3123
f 2919/8368/3026 2992/8682/3125 2999/8699/3134
f 2999/8772/3134 3030/8773/3143 2942/8774/3060
f 2983/8775/3124 2940/8610/3074 2930/8613/3071
f 3020/8760/3156 2943/8451/3063 3002/8622/3114
f 3001/8776/3126 3021/8628/3115 2911/8686/3035
f 2871/8522/3001 2870/8777/2992 3022/8778/3121
f 3022/8666/3121 2863/8124/2954 3035/8779/3160
f 2946/8498/3081 2890/8362/3022 3036/8780/3161
f 3100/8781/3162 2828/8094/2937 2898/8363/3023
f 3038/8782/3083 2922/8783/3030 3025/8784/3163
f 3038/8782/3083 2873/8785/3018 2922/8783/3030
f 3033/8786/3164 3009/8713/3139 2934/8787/3055
f 3047/8788/3165 3019/8756/3132 2997/8755/3123
f 3018/8789/3151 2938/8790/3070 3019/8791/3132
f 3053/8792/3166 3055/8769/3159 2972/8720/3099
f 3061/8719/3140 2980/8721/3110 3040/8793/3154
f 3027/8759/3155 2985/8448/3061 3055/8794/3159
f 3079/8795/3167 2941/8480/3075 2940/8479/3074
f 2983/8796/3124 3029/8797/3152 2940/8798/3074
f 3030/8773/3143 3011/8799/3142 2942/8774/3060
f 2962/8800/3094 2961/8391/3016 3021/8801/3115
f 3075/8802/3168 3021/8628/3115 3001/8776/3126
f 2822/8126/2955 2946/8498/3081 3064/8803/3169
f 2813/8084/2934 3042/8804/3170 3014/8805/3148
f 3038/8782/3083 3088/8806/3171 2798/8807/2929
f 3071/8808/3172 3017/8710/3138 3044/8809/3173
f 3017/8710/3138 2995/8645/3100 3044/8809/3173
f 3010/8715/3130 3009/8713/3139 3046/8810/3174
f 3044/8809/3173 2995/8645/3100 3018/8742/3151
f 3010/8811/3130 3039/8812/3175 2996/8813/3131
f 3010/8715/3130 3046/8810/3174 3039/8814/3175
f 3046/8810/3174 3048/8815/3176 3039/8814/3175
f 2972/8720/3099 3061/8719/3140 3053/8792/3166
f 2941/8816/3075 3050/8817/3177 3034/8818/3141
f 3049/8819/3178 2992/8682/3125 3004/8663/3120
f 3049/8819/3178 3004/8663/3120 3028/8820/3135
f 3074/8821/3179 2941/8609/3075 3079/8822/3167
f 2940/8823/3074 2962/8824/3094 3079/8825/3167
f 3000/8826/3112 3030/8827/3143 3084/8828/3180
f 2974/8730/3079 3080/8829/3181 3030/8729/3143
f 2826/8732/2941 3097/8830/3182 2868/8831/2999
f 2863/8124/2954 2822/8579/2955 3035/8779/3160
f 2890/8362/3022 3023/8749/3153 3036/8780/3161
f 2812/8189/2938 3052/8832/3183 2813/8084/2934
f 2865/8833/3004 3066/8834/3184 3026/8751/3136
f 2798/8835/2929 3088/8836/3171 3041/8837/3097
f 2922/8378/3030 3032/8767/3158 3025/8838/3163
f 2967/8636/3088 3068/8839/3185 2989/8840/3104
f 3016/8707/3137 3068/8839/3185 2967/8636/3088
f 2934/8787/3055 2990/8841/3122 3033/8786/3164
f 3045/8842/3186 3053/8843/3166 3043/8844/3187
f 3071/8845/3172 3054/8846/3188 3045/8847/3186
f 3045/8847/3186 3055/8769/3159 3053/8792/3166
f 3045/8848/3186 3054/8849/3188 3056/8850/3189
f 3058/8851/3190 3056/8852/3191 3055/8853/3159
f 3055/8854/3159 3056/8855/3191 3057/8856/3192
f 2996/8813/3131 3039/8812/3175 3074/8857/3179
f 3046/8858/3174 3059/8859/3193 3048/8860/3176
f 3018/8861/3151 3019/8862/3132 3060/8863/3194
f 3039/8812/3175 3048/8864/3176 3074/8857/3179
f 3018/8865/3151 3060/8866/3194 3044/8867/3173
f 3055/8794/3159 3073/8868/3195 3027/8759/3155
f 2941/8816/3075 3074/8869/3179 3050/8817/3177
f 3049/8870/3178 3062/8871/3196 2992/8872/3125
f 2986/8614/3111 3020/8760/3156 3063/8873/3197
f 3028/8820/3135 3027/8874/3155 3049/8819/3178
f 2986/8614/3111 2943/8451/3063 3020/8760/3156
f 3000/8826/3112 3084/8828/3180 2945/8464/3067
f 2945/8464/3067 3084/8828/3180 3005/8664/3101
f 3006/8515/3080 3085/8875/3198 2974/8705/3079
f 3013/8876/3145 3065/8877/3199 3037/8878/3129
f 3026/8751/3136 3067/8879/3200 2916/8364/3024
f 3067/8879/3200 2905/8768/3042 2916/8364/3024
f 2989/8880/3104 3069/8881/3201 2990/8841/3122
f 3016/8707/3137 3017/8710/3138 3070/8882/3202
f 3017/8710/3138 3071/8808/3172 3070/8882/3202
f 3070/8883/3202 3045/8847/3186 3043/8884/3187
f 3053/8885/3166 3070/8883/3202 3043/8884/3187
f 3071/8845/3172 3044/8886/3173 3054/8846/3188
f 3045/8887/3186 3058/8888/3190 3055/8854/3159
f 3045/8848/3186 3056/8850/3189 3058/8889/3190
f 2996/8813/3131 3072/8890/3203 2973/8891/3109
f 3058/8892/3204 3073/8893/3195 3057/8894/3192
f 3058/8895/3204 3057/8896/3192 3056/8897/3191
f 3058/8889/3204 3056/8850/3189 3073/8898/3195
f 3056/8850/3189 3054/8849/3188 3073/8898/3195
f 3057/8899/3192 3073/8900/3195 3055/8901/3159
f 2973/8696/3109 3102/8902/3205 2983/8681/3124
f 2998/8903/3133 2986/8614/3111 3063/8873/3197
f 2999/8699/3134 2992/8682/3125 3062/8904/3196
f 3034/8905/3141 3050/8906/3177 3020/8907/3156
f 3030/8908/3143 3080/8909/3181 3011/8910/3142
f 3029/8911/3152 3075/8912/3168 3001/8913/3126
f 3005/8577/3101 3084/8914/3180 3006/8915/3080
f 2912/8733/3039 3076/8916/3206 2964/8630/3116
f 3031/8523/3029 2871/8522/3001 3118/8917/3207
f 2797/8503/2921 3077/8918/3208 3032/8767/3158
f 2797/8503/2921 3081/8919/3150 3077/8918/3208
f 3045/8847/3186 3070/8883/3202 3071/8845/3172
f 3078/8920/3209 3046/8810/3174 3009/8713/3139
f 2996/8813/3131 3074/8857/3179 3072/8890/3203
f 2973/8696/3109 3072/8921/3203 3102/8902/3205
f 3019/8922/3132 3082/8923/3210 2999/8924/3134
f 2997/8678/3123 3107/8925/3211 3047/8926/3165
f 3060/8927/3194 3019/8928/3132 3062/8929/3196
f 3019/8928/3132 2999/8930/3134 3062/8929/3196
f 2983/8796/3124 3079/8931/3167 3029/8797/3152
f 3084/8914/3180 3085/8932/3198 3006/8915/3080
f 2826/8732/2941 3012/8731/3144 3097/8830/3182
f 2865/8281/3004 3014/8738/3148 3066/8933/3184
f 2884/8282/3005 3015/8934/3149 2923/8430/3054
f 3033/8786/3164 3089/8935/3212 3009/8713/3139
f 3089/8935/3212 3078/8920/3209 3009/8713/3139
f 3053/8885/3166 3090/8936/3213 3070/8883/3202
f 3053/8885/3166 3061/8719/3140 3090/8936/3213
f 3046/8937/3174 3078/8938/3209 3059/8939/3193
f 3019/8756/3132 3047/8788/3165 3082/8940/3210
f 3044/8941/3173 3049/8942/3178 3054/8849/3188
f 3063/8873/3197 3091/8943/3214 2998/8903/3133
f 3027/8874/3155 3073/8944/3195 3083/8945/3215
f 3048/8946/3176 3050/8947/3177 3074/8821/3179
f 3079/8822/3167 3095/8948/3216 3074/8821/3179
f 3029/8911/3152 3079/8949/3167 3075/8912/3168
f 2962/8824/3094 3021/8950/3115 3079/8825/3167
f 3021/8950/3115 3075/8951/3168 3079/8825/3167
f 3080/8952/3181 2974/8705/3079 3085/8875/3198
f 2862/8496/3002 2963/8562/3095 2883/8497/3009
f 2993/8581/3052 2965/8580/3102 3007/8953/3127
f 3037/8954/3129 3065/8955/3199 3023/8956/3153
f 2812/8312/2938 3092/8737/3147 3052/8957/3183
f 2990/8841/3122 3069/8881/3201 3033/8786/3164
f 3078/8958/3209 3089/8935/3212 3091/8959/3214
f 3054/8849/3188 3083/8960/3215 3073/8898/3195
f 2998/8903/3133 3091/8943/3214 3040/8793/3154
f 3054/8849/3188 3049/8942/3178 3083/8960/3215
f 3060/8961/3194 3062/8962/3196 3044/8963/3173
f 3063/8964/3197 3048/8815/3176 3059/8965/3193
f 3044/8963/3173 3062/8962/3196 3049/8966/3178
f 3027/8874/3155 3083/8945/3215 3049/8819/3178
f 3011/8967/3142 3107/8925/3211 2997/8678/3123
f 3050/8947/3177 3048/8946/3176 3063/8873/3197
f 3050/8947/3177 3063/8873/3197 3020/8760/3156
f 3080/8909/3181 3107/8968/3211 3011/8910/3142
f 3102/8969/3205 3079/8931/3167 2983/8796/3124
f 3022/8778/3121 3098/8970/3217 2871/8522/3001
f 3007/8690/3127 3076/8971/3206 2912/8394/3039
f 3068/8972/3185 3093/8973/3218 2989/8974/3104
f 3068/8839/3185 3016/8707/3137 3094/8975/3219
f 3016/8707/3137 3070/8882/3202 3094/8975/3219
f 3061/8719/3140 3040/8793/3154 3090/8936/3213
f 3089/8976/3212 3040/8793/3154 3091/8943/3214
f 3074/8857/3179 3095/8977/3216 3072/8890/3203
f 3080/8978/3181 3085/8979/3198 3084/8980/3180
f 2868/8981/2999 3097/8982/3182 2963/8562/3095
f 2871/8522/3001 3098/8970/3217 3118/8917/3207
f 3024/8763/3157 3108/8983/3220 2975/8583/3103
f 2975/8984/3103 3086/8985/3221 2921/8986/3053
f 3052/8832/3183 3042/8804/3170 2813/8084/2934
f 3066/8834/3184 3123/8987/3222 3026/8751/3136
f 3033/8786/3164 3069/8881/3201 3089/8935/3212
f 3090/8936/3213 3040/8793/3154 3089/8976/3212
f 3059/8965/3193 3078/8920/3209 3063/8964/3197
f 3091/8988/3214 3063/8989/3197 3078/8920/3209
f 2999/8924/3134 3082/8923/3210 3096/8990/3223
f 3030/8773/3143 2999/8772/3134 3096/8991/3223
f 2822/8126/2955 3064/8803/3169 3051/8992/3224
f 3099/8993/3225 3036/8994/3161 3023/8956/3153
f 3108/8995/3220 3086/8985/3221 2975/8984/3103
f 2898/8996/3023 3008/8499/3082 3105/8997/3226
f 2697/7727/2813 2966/8766/3096 3087/8998/3227
f 3015/8999/3149 3101/9000/3228 2923/9001/3054
f 2989/9002/3104 3093/9003/3218 3069/8881/3201
f 3070/8883/3202 3090/8936/3213 3094/9004/3219
f 2963/8562/3095 3120/9005/3229 2883/8497/3009
f 2964/8630/3116 3103/9006/3230 2804/9007/2928
f 2921/8986/3053 3104/9008/3231 2953/9009/3117
f 2954/8736/3146 3092/9010/3147 2855/8397/3012
f 2904/8334/3017 3130/9011/3232 3008/8499/3082
f 2697/7727/2813 3087/8998/3227 2904/8334/3017
f 3026/8751/3136 3123/8987/3222 3067/8879/3200
f 3015/8739/3149 3106/9012/3233 3101/9013/3228
f 3030/8773/3143 3096/8991/3223 3084/9014/3180
f 3113/9015/3234 3086/8985/3221 3108/8995/3220
f 3099/8993/3225 3023/8956/3153 3065/8955/3199
f 2953/8765/3117 3104/9016/3231 2915/8429/3041
f 2828/8094/2937 3100/9017/3162 2954/8736/3146
f 2904/8334/3017 3087/8998/3227 3109/9018/3235
f 3041/8635/3097 3106/9012/3233 3015/8739/3149
f 3077/8918/3208 3110/9019/3236 3032/8767/3158
f 3069/9020/3201 3090/8936/3213 3089/8976/3212
f 3047/9021/3165 3107/9022/3211 3082/8923/3210
f 3084/9023/3180 3096/9024/3223 3080/8909/3181
f 2822/8126/2955 3051/8992/3224 3121/9025/3237
f 3036/8780/3161 3112/9026/3238 2946/8498/3081
f 2915/8429/3041 3114/9027/3239 3013/8734/3145
f 3093/9003/3218 3116/9028/3240 3069/8881/3201
f 3068/8839/3185 3117/9029/3241 3093/9030/3218
f 3072/8921/3203 3095/9031/3216 3102/8902/3205
f 2804/8093/2928 3103/9032/3230 2994/9033/3128
f 2786/7925/2878 2994/8691/3128 2913/8395/3040
f 2898/8363/3023 3105/9034/3226 3100/9035/3162
f 3025/8838/3163 3032/8767/3158 3110/9019/3236
f 2905/8768/3042 3067/8879/3200 3111/9036/3242
f 2905/8768/3042 3111/9036/3242 3115/9037/3243
f 2905/8768/3042 3115/9037/3243 3081/9038/3150
f 3093/9030/3218 3117/9029/3241 3116/9039/3240
f 3116/9028/3240 3119/9040/3244 3069/8881/3201
f 3068/8839/3185 3094/8975/3219 3117/9029/3241
f 3127/9041/3245 3117/9042/3241 3090/8936/3213
f 3069/9020/3201 3127/9041/3245 3090/8936/3213
f 3102/9043/3205 3095/8948/3216 3079/8822/3167
f 3012/9044/3144 3031/8523/3029 3118/8917/3207
f 2883/8497/3009 3120/9005/3229 2965/8580/3102
f 3035/8779/3160 2822/8579/2955 3121/9045/3237
f 3099/8993/3225 3122/9046/3246 3036/8994/3161
f 3013/8876/3145 3114/9047/3239 3065/9048/3199
f 3105/8997/3226 3008/8499/3082 3130/9011/3232
f 2864/8279/3003 2923/9001/3054 3101/9000/3228
f 3090/8936/3213 3117/9042/3241 3094/9004/3219
f 3080/8909/3181 3096/9024/3223 3107/8968/3211
f 2964/8630/3116 3150/9049/3247 3103/9006/3230
f 2964/8630/3116 3076/8916/3206 3150/9049/3247
f 3007/8953/3127 2965/8580/3102 3120/9005/3229
f 3108/8995/3220 3133/9050/3248 3113/9015/3234
f 3122/9046/3246 3124/9051/3249 3036/8994/3161
f 3113/9052/3234 3125/9053/3250 3086/9054/3221
f 3101/9000/3228 3132/9055/3251 2864/8279/3003
f 3014/8805/3148 3126/9056/3252 3066/9057/3184
f 3066/9058/3184 3126/9059/3252 3123/9060/3222
f 3077/8918/3208 3081/8919/3150 3115/9061/3243
f 3119/9040/3244 3127/9062/3245 3069/8881/3201
f 3082/9063/3210 3107/8968/3211 3096/9024/3223
f 2994/8691/3128 3129/9064/3253 2913/8395/3040
f 3038/8782/3083 3025/8784/3163 3131/9065/3254
f 3123/8987/3222 3142/9066/3255 3067/8879/3200
f 2913/8395/3040 3129/9064/3253 3024/8763/3157
f 3036/9067/3161 3124/9068/3249 3112/9069/3238
f 3099/9070/3225 3065/9071/3199 3137/9072/3256
f 3104/9016/3231 3114/9027/3239 2915/8429/3041
f 3088/8836/3171 3134/9073/3257 3041/8837/3097
f 3041/8635/3097 3134/9074/3257 3106/9012/3233
f 3113/9015/3234 3133/9075/3248 3125/9076/3250
f 3099/9070/3225 3137/9072/3256 3122/9077/3246
f 3086/8985/3221 3104/9008/3231 2921/8986/3053
f 3100/9017/3162 3153/9078/3258 2954/8736/3146
f 3014/8805/3148 3042/8804/3170 3126/9056/3252
f 3067/8879/3200 3142/9066/3255 3143/9079/3259
f 3097/8982/3182 3144/9080/3260 2963/8562/3095
f 2963/8562/3095 3144/9080/3260 3120/9005/3229
f 3076/8916/3206 3007/8953/3127 3140/9081/3261
f 3024/8763/3157 3129/9064/3253 3108/8983/3220
f 3114/9027/3239 3137/9082/3256 3065/8955/3199
f 3126/9059/3252 3138/9083/3262 3123/9060/3222
f 3120/9005/3229 3140/9081/3261 3007/8953/3127
f 3126/9056/3252 3042/8804/3170 3138/9084/3262
f 3038/8782/3083 3131/9085/3254 3088/9086/3171
f 3101/9087/3228 3106/9088/3233 3132/9089/3251
f 3116/9090/3240 3139/9091/3263 3119/9092/3244
f 3097/8982/3182 3012/9093/3144 3136/9094/3264
f 3076/8916/3206 3140/9081/3261 3150/9049/3247
f 3146/9095/3265 3133/9050/3248 3108/8995/3220
f 3092/8737/3147 3148/9096/3266 3052/8957/3183
f 2864/8279/3003 3141/9097/3267 2966/8563/3096
f 2864/8279/3003 3132/9055/3251 3141/9097/3267
f 3067/8879/3200 3143/9079/3259 3111/9036/3242
f 3127/9041/3245 3156/9098/3268 3117/9042/3241
f 3022/8778/3121 3035/9099/3160 3128/9100/3269
f 3118/8917/3207 3098/8970/3217 3135/9101/3270
f 3103/9102/3230 3145/9103/3271 2994/8691/3128
f 3129/9064/3253 3146/9104/3265 3108/8983/3220
f 3112/9105/3238 3124/9106/3249 3147/9107/3272
f 3088/9086/3171 3131/9108/3254 3134/9109/3257
f 3138/9084/3262 3149/9110/3273 3123/8987/3222
f 3128/9100/3269 3098/8970/3217 3022/8778/3121
f 3168/9111/3274 3114/9027/3239 3104/9016/3231
f 3025/8838/3163 3110/9019/3236 3152/9112/3275
f 3025/8784/3163 3152/9113/3275 3131/9065/3254
f 3128/9100/3269 3035/9099/3160 3121/9114/3237
f 3100/9115/3162 3105/9116/3226 3158/9117/3276
f 2954/8736/3146 3151/9118/3277 3092/9010/3147
f 2904/8334/3017 3109/9018/3235 3130/9011/3232
f 3106/9119/3233 3160/9120/3278 3132/9055/3251
f 3155/9121/3279 3110/9122/3236 3077/9123/3208
f 3077/8918/3208 3115/9061/3243 3155/9124/3279
f 3012/9093/3144 3118/8917/3207 3136/9094/3264
f 3064/9125/3169 2946/8498/3081 3051/9126/3224
f 3124/9106/3249 3167/9127/3280 3147/9107/3272
f 3100/9115/3162 3158/9117/3276 3153/9128/3258
f 3119/9040/3244 3161/9129/3281 3127/9130/3245
f 3136/9094/3264 3144/9080/3260 3097/8982/3182
f 3128/9100/3269 3121/9114/3237 3162/9131/3282
f 3121/9025/3237 3051/8992/3224 3177/9132/3283
f 3125/9133/3250 3174/9134/3284 3086/9135/3221
f 3138/9084/3262 3042/8804/3170 3163/9136/3285
f 3106/9012/3233 3134/9074/3257 3165/9137/3286
f 3119/9040/3244 3139/9138/3263 3161/9129/3281
f 3118/8917/3207 3135/9101/3270 3171/9139/3287
f 3105/8997/3226 3130/9011/3232 3169/9140/3288
f 3109/9018/3235 3087/8998/3227 3170/9141/3289
f 3087/8998/3227 2966/8766/3096 3170/9141/3289
f 3134/9109/3257 3131/9108/3254 3164/9142/3290
f 3159/9143/3291 3143/9079/3259 3142/9066/3255
f 3116/9039/3240 3117/9029/3241 3166/9144/3292
f 3161/9145/3281 3156/9146/3268 3127/9147/3245
f 3156/9098/3268 3166/9148/3292 3117/9042/3241
f 3118/8917/3207 3171/9139/3287 3136/9094/3264
f 3147/9107/3272 3178/9149/3293 3112/9105/3238
f 3125/9076/3250 3179/9150/3294 3174/9151/3284
f 3123/9152/3222 3149/9153/3273 3142/9154/3255
f 3160/9120/3278 3176/9155/3295 3132/9055/3251
f 3116/9090/3240 3212/9156/3296 3139/9091/3263
f 3128/9100/3269 3222/9157/3297 3098/8970/3217
f 3103/9006/3230 3197/9158/3298 3145/9159/3271
f 3112/9105/3238 3172/9160/3299 2946/9161/3081
f 3133/9050/3248 3146/9095/3265 3173/9162/3300
f 3151/9118/3277 2954/8736/3146 3153/9078/3258
f 3042/8804/3170 3052/8832/3183 3163/9136/3285
f 3131/9108/3254 3152/9163/3275 3164/9142/3290
f 3163/9136/3285 3149/9110/3273 3138/9084/3262
f 3166/9144/3292 3212/9164/3296 3116/9039/3240
f 3214/9165/3301 3162/9131/3282 3121/9114/3237
f 3098/8970/3217 3222/9157/3297 3135/9101/3270
f 3133/9166/3248 3179/9167/3294 3125/9168/3250
f 3174/9151/3284 3175/9169/3302 3086/8985/3221
f 3086/8985/3221 3175/9169/3302 3104/9008/3231
f 3134/9074/3257 3181/9170/3303 3165/9137/3286
f 3128/9100/3269 3162/9131/3282 3222/9157/3297
f 3150/9049/3247 3140/9081/3261 3233/9171/3304
f 3167/9127/3280 3183/9172/3305 3147/9107/3272
f 3157/9173/3306 3179/9167/3294 3133/9166/3248
f 3137/9082/3256 3114/9027/3239 3184/9174/3307
f 3105/9175/3226 3180/9176/3308 3158/9177/3276
f 3111/9036/3242 3154/9178/3309 3115/9037/3243
f 3106/9119/3233 3165/9179/3286 3160/9180/3278
f 3136/9094/3264 3203/9181/3310 3144/9080/3260
f 2994/8691/3128 3145/9103/3271 3129/9064/3253
f 3137/9182/3256 3193/9183/3311 3122/9184/3246
f 3105/9185/3226 3187/9186/3312 3180/9187/3308
f 3151/9118/3277 3153/9078/3258 3185/9188/3313
f 3109/9018/3235 3207/9189/3314 3130/9011/3232
f 3132/9055/3251 3176/9155/3295 3141/9097/3267
f 3111/9190/3242 3143/9191/3259 3154/9192/3309
f 3149/9153/3273 3188/9193/3315 3142/9154/3255
f 3110/9019/3236 3155/9124/3279 3152/9112/3275
f 3165/9137/3286 3189/9194/3316 3186/9195/3317
f 3165/9137/3286 3186/9195/3317 3190/9196/3318
f 3165/9179/3286 3190/9197/3318 3160/9180/3278
f 3189/9194/3316 3190/9196/3318 3186/9195/3317
f 3186/9195/3319 3190/9196/3320 3191/9198/3321
f 3150/9049/3247 3233/9171/3304 3204/9199/3322
f 3121/9114/3237 3192/9200/3323 3214/9165/3301
f 3120/9005/3229 3215/9201/3324 3140/9081/3261
f 2946/8498/3081 3172/9202/3299 3051/9126/3224
f 3178/9149/3293 3172/9160/3299 3112/9105/3238
f 3133/9203/3248 3173/9204/3300 3157/9205/3306
f 3122/9206/3246 3193/9207/3311 3194/9208/3325
f 3122/9206/3246 3194/9208/3325 3124/9209/3249
f 3114/9027/3239 3168/9111/3274 3292/9210/3326
f 2966/8766/3096 3141/9211/3267 3170/9141/3289
f 3134/9074/3257 3164/9212/3290 3181/9170/3303
f 3115/9037/3243 3154/9178/3309 3155/9213/3279
f 3165/9137/3286 3181/9170/3303 3189/9194/3316
f 3190/9197/3318 3189/9214/3316 3160/9180/3278
f 3103/9006/3230 3150/9049/3247 3205/9215/3327
f 3177/9216/3283 3051/9217/3224 3198/9218/3328
f 3124/9106/3249 3194/9219/3325 3167/9127/3280
f 3130/9011/3232 3195/9220/3329 3169/9140/3288
f 3158/9221/3276 3180/9222/3308 3247/9223/3330
f 3092/8737/3147 3151/9224/3277 3148/9096/3266
f 3154/9178/3309 3199/9225/3331 3155/9213/3279
f 3166/9226/3292 3196/9227/3332 3212/9156/3296
f 3147/9107/3272 3183/9172/3305 3178/9149/3293
f 3114/9027/3239 3292/9210/3326 3184/9228/3307
f 3188/9229/3315 3159/9143/3291 3142/9066/3255
f 3166/9230/3292 3200/9231/3333 3196/9232/3332
f 3203/9181/3310 3136/9094/3264 3171/9139/3287
f 3150/9049/3247 3204/9199/3322 3205/9215/3327
f 3203/9181/3310 3182/9233/3334 3144/9080/3260
f 3144/9080/3260 3182/9233/3334 3120/9005/3229
f 3121/9025/3237 3177/9132/3283 3192/9234/3323
f 3137/9182/3256 3184/9235/3307 3193/9183/3311
f 3105/9236/3226 3169/9237/3288 3187/9238/3312
f 3155/9124/3279 3218/9239/3335 3152/9112/3275
f 3139/9091/3263 3220/9240/3336 3161/9241/3281
f 3156/9242/3268 3202/9243/3337 3166/9244/3292
f 3166/9245/3292 3202/9246/3337 3200/9247/3333
f 3163/9136/3285 3219/9248/3338 3149/9110/3273
f 3199/9249/3331 3211/9250/3339 3155/9124/3279
f 3199/9249/3331 3139/9251/3263 3211/9250/3339
f 3139/9251/3263 3212/9252/3296 3211/9250/3339
f 3156/9146/3268 3161/9145/3281 3202/9246/3337
f 3196/9253/3332 3200/9231/3333 3213/9254/3340
f 3120/9005/3229 3182/9233/3334 3215/9201/3324
f 3145/9103/3271 3217/9255/3341 3129/9064/3253
f 3153/9256/3258 3201/9257/3342 3185/9258/3313
f 3130/9011/3232 3207/9189/3314 3206/9259/3343
f 3170/9141/3289 3228/9260/3344 3109/9018/3235
f 3154/9178/3309 3210/9261/3345 3199/9225/3331
f 3196/9262/3332 3221/9263/3346 3212/9264/3296
f 3202/9265/3337 3203/9181/3310 3224/9266/3347
f 3224/9266/3347 3203/9181/3310 3171/9139/3287
f 3140/9081/3261 3215/9201/3324 3225/9267/3348
f 3135/9101/3270 3222/9157/3297 3216/9268/3349
f 3103/9006/3230 3205/9215/3327 3197/9158/3298
f 3051/9126/3224 3172/9202/3299 3198/9269/3328
f 3129/9270/3253 3217/9271/3341 3146/9095/3265
f 3158/9117/3276 3201/9272/3342 3153/9273/3258
f 3148/9096/3266 3151/9224/3277 3227/9274/3350
f 3052/8957/3183 3148/9096/3266 3208/9275/3351
f 3141/9097/3267 3176/9155/3295 3209/9276/3352
f 3052/8832/3183 3208/9277/3351 3223/9278/3353
f 3159/9279/3291 3154/9280/3309 3143/9079/3259
f 3149/9153/3273 3219/9281/3338 3188/9193/3315
f 3155/9124/3279 3211/9250/3339 3218/9239/3335
f 3210/9261/3345 3220/9282/3336 3199/9225/3331
f 3220/9282/3336 3139/9283/3263 3199/9225/3331
f 3196/9253/3332 3213/9254/3340 3221/9284/3346
f 3202/9285/3337 3224/9286/3347 3200/9231/3333
f 3204/9287/3322 3233/9288/3304 3249/9289/3354
f 3233/9171/3304 3140/9081/3261 3225/9267/3348
f 3171/9139/3287 3135/9101/3270 3216/9268/3349
f 3173/9162/3300 3246/9290/3355 3157/9291/3306
f 3193/9183/3311 3184/9235/3307 3262/9292/3356
f 3141/9211/3267 3209/9293/3352 3170/9141/3289
f 3052/8832/3183 3223/9278/3353 3163/9136/3285
f 3188/9229/3315 3240/9294/3357 3159/9143/3291
f 3152/9295/3275 3218/9296/3335 3164/9142/3290
f 3212/9252/3296 3221/9284/3346 3211/9250/3339
f 3254/9297/3358 3205/9215/3327 3204/9199/3322
f 3249/9289/3354 3233/9288/3304 3255/9298/3359
f 3179/9167/3294 3157/9173/3306 3268/9299/3360
f 3174/9151/3284 3179/9150/3294 3278/9300/3361
f 3278/9300/3361 3175/9301/3302 3174/9151/3284
f 3158/9117/3276 3247/9302/3330 3201/9272/3342
f 3148/9096/3266 3229/9303/3362 3208/9275/3351
f 3240/9294/3357 3239/9304/3363 3159/9143/3291
f 3161/9145/3281 3231/9305/3364 3202/9246/3337
f 3254/9297/3358 3204/9199/3322 3249/9306/3354
f 3214/9165/3301 3232/9307/3365 3162/9131/3282
f 3224/9286/3347 3171/9308/3287 3243/9309/3366
f 3173/9162/3300 3146/9095/3265 3217/9271/3341
f 3183/9310/3305 3167/9311/3280 3226/9312/3367
f 3226/9313/3367 3167/9127/3280 3194/9219/3325
f 3168/9314/3274 3104/9315/3231 3175/9316/3302
f 3195/9220/3329 3187/9317/3312 3169/9140/3288
f 3207/9189/3314 3109/9018/3235 3228/9260/3344
f 3230/9318/3368 3170/9141/3289 3209/9293/3352
f 3159/9319/3291 3242/9320/3369 3154/9192/3309
f 3242/9321/3369 3210/9261/3345 3154/9178/3309
f 3189/9214/3316 3234/9322/3370 3160/9180/3278
f 3211/9323/3339 3221/9324/3346 3218/9325/3335
f 3202/9246/3337 3231/9305/3364 3203/9326/3310
f 3232/9307/3365 3214/9165/3301 3234/9327/3370
f 3232/9307/3365 3222/9157/3297 3162/9131/3282
f 3214/9328/3301 3192/9329/3323 3235/9330/3371
f 3198/9269/3328 3172/9202/3299 3236/9331/3372
f 3206/9332/3343 3207/9333/3314 3237/9334/3373
f 3164/9335/3290 3238/9336/3374 3181/9337/3303
f 3181/9170/3303 3238/9338/3374 3189/9194/3316
f 3219/9281/3338 3240/9339/3357 3188/9193/3315
f 3239/9340/3363 3242/9341/3369 3159/9342/3291
f 3218/9343/3335 3241/9344/3375 3164/9335/3290
f 3233/9288/3304 3225/9345/3348 3255/9346/3359
f 3171/9139/3287 3216/9268/3349 3243/9347/3366
f 3197/9348/3298 3217/9349/3341 3145/9350/3271
f 3183/9351/3305 3226/9352/3367 3245/9353/3376
f 3185/9188/3313 3201/9354/3342 3151/9118/3277
f 3180/9355/3308 3187/9186/3312 3247/9356/3330
f 3227/9274/3350 3251/9357/3377 3148/9096/3266
f 3163/9136/3285 3223/9278/3353 3219/9248/3338
f 3210/9358/3345 3242/9359/3369 3220/9360/3336
f 3221/9284/3346 3253/9361/3378 3218/9239/3335
f 3220/9362/3336 3231/9363/3364 3161/9364/3281
f 3224/9286/3347 3258/9365/3379 3200/9231/3333
f 3224/9286/3347 3243/9309/3366 3258/9365/3379
f 3254/9297/3358 3272/9366/3380 3205/9215/3327
f 3203/9367/3310 3259/9368/3381 3182/9369/3334
f 3214/9370/3301 3235/9371/3371 3260/9372/3382
f 3178/9149/3293 3183/9172/3305 3245/9373/3376
f 3194/9219/3325 3261/9374/3383 3226/9313/3367
f 3176/9155/3295 3160/9180/3278 3252/9375/3384
f 3189/9194/3316 3238/9338/3374 3234/9376/3370
f 3234/9322/3370 3252/9375/3384 3160/9180/3278
f 3242/9341/3369 3239/9340/3363 3264/9377/3385
f 3219/9281/3338 3249/9289/3354 3240/9339/3357
f 3219/9378/3338 3254/9297/3358 3249/9306/3354
f 3221/9379/3346 3213/9380/3340 3253/9381/3378
f 3214/9370/3301 3260/9372/3382 3234/9322/3370
f 3255/9346/3359 3225/9345/3348 3248/9382/3386
f 3192/9329/3323 3177/9383/3283 3235/9330/3371
f 3177/9216/3283 3198/9218/3328 3244/9384/3387
f 3173/9162/3300 3250/9385/3388 3246/9290/3355
f 3246/9386/3355 3268/9387/3360 3157/9388/3306
f 3228/9260/3344 3263/9389/3389 3207/9189/3314
f 3170/9141/3289 3230/9390/3368 3228/9260/3344
f 3223/9278/3353 3272/9391/3380 3219/9248/3338
f 3164/9335/3290 3241/9344/3375 3238/9336/3374
f 3253/9361/3378 3241/9392/3375 3218/9239/3335
f 3234/9376/3370 3238/9338/3374 3232/9393/3365
f 3240/9339/3357 3249/9289/3354 3248/9382/3386
f 3220/9362/3336 3276/9394/3390 3231/9363/3364
f 3219/9248/3338 3272/9391/3380 3254/9395/3358
f 3249/9289/3354 3255/9346/3359 3248/9382/3386
f 3200/9231/3333 3258/9365/3379 3213/9254/3340
f 3231/9305/3364 3259/9396/3381 3203/9326/3310
f 3271/9397/3391 3216/9268/3349 3222/9157/3297
f 3232/9398/3365 3271/9399/3391 3222/9400/3297
f 3193/9401/3311 3262/9402/3356 3291/9403/3392
f 3175/9301/3302 3278/9300/3361 3296/9404/3393
f 3193/9207/3311 3291/9405/3392 3194/9208/3325
f 3130/9011/3232 3206/9259/3343 3195/9406/3329
f 3151/9118/3277 3201/9354/3342 3256/9407/3394
f 3207/9189/3314 3263/9389/3389 3257/9408/3395
f 3240/9409/3357 3264/9410/3385 3239/9411/3363
f 3231/9305/3364 3276/9412/3390 3259/9396/3381
f 3275/9413/3396 3215/9201/3324 3182/9233/3334
f 3173/9162/3300 3217/9271/3341 3267/9414/3397
f 3227/9415/3350 3151/9118/3277 3256/9407/3394
f 3230/9318/3368 3209/9293/3352 3270/9416/3398
f 3220/9417/3336 3242/9418/3369 3276/9412/3390
f 3213/9254/3340 3258/9365/3379 3253/9361/3378
f 3234/9322/3370 3260/9372/3382 3252/9375/3384
f 3238/9338/3374 3271/9419/3391 3232/9420/3365
f 3275/9413/3396 3182/9233/3334 3276/9421/3390
f 3276/9421/3390 3182/9233/3334 3259/9422/3381
f 3243/9309/3366 3216/9423/3349 3258/9365/3379
f 3225/9424/3348 3215/9425/3324 3275/9426/3396
f 3197/9348/3298 3205/9427/3327 3265/9428/3399
f 3266/9429/3400 3217/9349/3341 3197/9348/3298
f 3173/9162/3300 3267/9414/3397 3250/9385/3388
f 3256/9430/3394 3273/9431/3401 3227/9432/3350
f 3176/9155/3295 3252/9375/3384 3209/9276/3352
f 3276/9412/3390 3242/9418/3369 3264/9433/3385
f 3253/9361/3378 3258/9365/3379 3241/9392/3375
f 3225/9424/3348 3275/9426/3396 3248/9382/3386
f 3271/9397/3391 3241/9434/3375 3216/9268/3349
f 3177/9383/3283 3244/9435/3387 3235/9330/3371
f 3245/9353/3376 3226/9352/3367 3283/9436/3402
f 3268/9437/3360 3278/9300/3361 3179/9150/3294
f 3175/9438/3302 3284/9439/3403 3168/9440/3274
f 3206/9441/3343 3237/9442/3373 3195/9443/3329
f 3207/9444/3314 3257/9445/3395 3237/9446/3373
f 3251/9357/3377 3274/9447/3404 3148/9096/3266
f 3148/9096/3266 3300/9448/3405 3229/9303/3362
f 3240/9409/3357 3275/9426/3396 3264/9410/3385
f 3240/9409/3357 3248/9382/3386 3275/9426/3396
f 3241/9344/3375 3271/9449/3391 3238/9336/3374
f 3258/9450/3379 3216/9268/3349 3241/9434/3375
f 3197/9348/3298 3265/9428/3399 3266/9429/3400
f 3291/9451/3392 3285/9452/3406 3194/9453/3325
f 3230/9390/3368 3270/9416/3398 3228/9260/3344
f 3275/9454/3396 3276/9455/3390 3264/9410/3385
f 3217/9271/3341 3331/9456/3407 3267/9414/3397
f 3178/9149/3293 3245/9373/3376 3277/9457/3408
f 3296/9404/3393 3284/9458/3403 3175/9301/3302
f 3237/9442/3373 3269/9459/3409 3195/9443/3329
f 3148/9096/3266 3274/9447/3404 3300/9448/3405
f 3228/9260/3344 3270/9416/3398 3286/9460/3410
f 3209/9276/3352 3252/9375/3384 3281/9461/3411
f 3223/9278/3353 3208/9277/3351 3272/9391/3380
f 3245/9353/3376 3283/9436/3402 3277/9462/3408
f 3247/9463/3330 3187/9464/3312 3201/9354/3342
f 3187/9464/3312 3195/9443/3329 3297/9465/3412
f 3227/9466/3350 3273/9467/3401 3251/9468/3377
f 3279/9469/3413 3298/9470/3414 3280/9471/3415
f 3244/9384/3387 3198/9472/3328 3319/9473/3416
f 3250/9474/3388 3268/9299/3360 3246/9475/3355
f 3289/9476/3417 3278/9300/3361 3268/9437/3360
f 3251/9357/3377 3282/9477/3418 3274/9447/3404
f 3229/9303/3362 3287/9478/3419 3208/9275/3351
f 3208/9277/3351 3288/9479/3420 3272/9391/3380
f 3272/9391/3380 3288/9479/3420 3205/9480/3327
f 3308/9481/3421 3266/9429/3400 3265/9428/3399
f 3172/9160/3299 3178/9149/3293 3236/9482/3372
f 3289/9483/3417 3268/9299/3360 3250/9474/3388
f 3261/9374/3383 3283/9484/3402 3226/9485/3367
f 3273/9467/3401 3279/9469/3413 3251/9468/3377
f 3298/9470/3414 3290/9486/3422 3280/9487/3415
f 3263/9389/3389 3299/9488/3423 3257/9408/3395
f 3228/9260/3344 3286/9460/3410 3263/9389/3389
f 3209/9293/3352 3281/9489/3411 3270/9416/3398
f 3205/9490/3327 3288/9491/3420 3308/9481/3421
f 3205/9492/3327 3308/9481/3421 3265/9428/3399
f 3266/9429/3400 3331/9493/3407 3217/9349/3341
f 3309/9494/3424 3236/9482/3372 3178/9149/3293
f 3194/9219/3325 3285/9495/3406 3261/9374/3383
f 3237/9496/3373 3293/9497/3425 3269/9498/3409
f 3298/9470/3414 3294/9499/3426 3290/9500/3422
f 3279/9501/3413 3282/9477/3418 3251/9357/3377
f 3281/9461/3411 3252/9375/3384 3260/9372/3382
f 3178/9149/3293 3277/9457/3408 3309/9494/3424
f 3269/9459/3409 3297/9465/3412 3195/9443/3329
f 3273/9467/3401 3298/9470/3414 3279/9469/3413
f 3287/9478/3419 3288/9491/3420 3208/9275/3351
f 3260/9372/3382 3235/9371/3371 3295/9502/3427
f 3235/9371/3371 3244/9503/3387 3295/9502/3427
f 3198/9472/3328 3236/9482/3372 3319/9504/3416
f 3257/9408/3395 3299/9488/3423 3294/9505/3426
f 3281/9461/3411 3260/9372/3382 3303/9506/3428
f 3289/9507/3417 3250/9508/3388 3301/9509/3429
f 3296/9510/3393 3289/9511/3417 3301/9512/3429
f 3296/9404/3393 3304/9513/3430 3284/9458/3403
f 3278/9300/3361 3289/9476/3417 3296/9404/3393
f 3279/9514/3413 3302/9515/3431 3282/9516/3418
f 3280/9517/3415 3305/9518/3432 3279/9514/3413
f 3229/9303/3362 3300/9448/3405 3287/9478/3419
f 3303/9519/3428 3270/9416/3398 3281/9489/3411
f 3244/9520/3387 3314/9521/3433 3295/9522/3427
f 3244/9384/3387 3319/9473/3416 3314/9523/3433
f 3296/9404/3393 3301/9524/3429 3304/9513/3430
f 3306/9525/3434 3285/9452/3406 3291/9451/3392
f 3261/9374/3383 3285/9495/3406 3283/9484/3402
f 3297/9465/3412 3201/9354/3342 3187/9464/3312
f 3260/9526/3382 3295/9527/3427 3303/9519/3428
f 3277/9457/3408 3306/9528/3434 3309/9494/3424
f 3277/9529/3408 3283/9530/3402 3306/9525/3434
f 3262/9402/3356 3306/9528/3434 3291/9403/3392
f 3306/9525/3434 3283/9530/3402 3285/9452/3406
f 3284/9439/3403 3310/9531/3435 3168/9440/3274
f 3237/9446/3373 3257/9445/3395 3293/9532/3425
f 3294/9499/3426 3293/9532/3425 3257/9445/3395
f 3279/9514/3413 3305/9518/3432 3302/9515/3431
f 3282/9477/3418 3311/9533/3436 3274/9447/3404
f 3318/9534/3437 3256/9407/3394 3201/9354/3342
f 3313/9535/3438 3298/9470/3414 3273/9467/3401
f 3293/9532/3425 3294/9499/3426 3298/9470/3414
f 3294/9536/3426 3326/9537/3439 3290/9538/3422
f 3250/9539/3388 3321/9540/3440 3301/9524/3429
f 3315/9541/3441 3293/9532/3425 3298/9470/3414
f 3299/9542/3423 3263/9543/3389 3316/9544/3442
f 3263/9389/3389 3286/9460/3410 3316/9545/3442
f 3287/9478/3419 3308/9481/3421 3288/9491/3420
f 3267/9546/3397 3321/9540/3440 3250/9539/3388
f 3297/9465/3412 3307/9547/3443 3201/9354/3342
f 3280/9517/3415 3290/9548/3422 3326/9549/3439
f 3300/9448/3405 3274/9447/3404 3311/9533/3436
f 3303/9519/3428 3312/9550/3444 3270/9416/3398
f 3309/9494/3424 3332/9551/3445 3236/9482/3372
f 3306/9528/3434 3262/9402/3356 3322/9552/3446
f 3201/9354/3342 3307/9547/3443 3318/9534/3437
f 3269/9553/3409 3293/9554/3425 3297/9555/3412
f 3294/9536/3426 3320/9556/3447 3326/9537/3439
f 3286/9460/3410 3270/9416/3398 3312/9550/3444
f 3287/9478/3419 3317/9557/3448 3308/9481/3421
f 3298/9470/3414 3313/9535/3438 3315/9541/3441
f 3299/9488/3423 3320/9558/3447 3294/9559/3426
f 3287/9478/3419 3300/9448/3405 3317/9557/3448
f 3308/9481/3421 3323/9560/3449 3266/9561/3400
f 3266/9561/3400 3323/9560/3449 3331/9493/3407
f 3309/9494/3424 3306/9528/3434 3332/9551/3445
f 3256/9562/3394 3318/9563/3437 3273/9564/3401
f 3312/9550/3444 3303/9519/3428 3325/9565/3450
f 3295/9527/3427 3325/9565/3450 3303/9519/3428
f 3317/9557/3448 3323/9560/3449 3308/9481/3421
f 3319/9504/3416 3236/9482/3372 3338/9566/3451
f 3331/9456/3407 3324/9567/3452 3267/9414/3397
f 3310/9531/3435 3284/9439/3403 3304/9568/3430
f 3305/9518/3432 3280/9517/3415 3330/9569/3453
f 3327/9570/3454 3300/9448/3405 3311/9533/3436
f 3307/9571/3443 3297/9572/3412 3293/9573/3425
f 3307/9574/3443 3293/9575/3425 3315/9576/3441
f 3307/9577/3443 3313/9535/3438 3318/9578/3437
f 3307/9579/3443 3315/9580/3441 3313/9581/3438
f 3316/9545/3442 3286/9460/3410 3329/9582/3455
f 3295/9527/3427 3314/9583/3433 3325/9565/3450
f 3324/9567/3452 3321/9540/3440 3267/9414/3397
f 3262/9292/3356 3184/9235/3307 3346/9584/3456
f 3310/9585/3435 3328/9586/3457 3168/9314/3274
f 3299/9488/3423 3329/9582/3455 3320/9558/3447
f 3316/9545/3442 3329/9582/3455 3299/9488/3423
f 3332/9551/3445 3338/9566/3451 3236/9482/3372
f 3322/9552/3446 3339/9587/3458 3306/9528/3434
f 3282/9516/3418 3302/9515/3431 3311/9588/3436
f 3326/9549/3439 3330/9569/3453 3280/9517/3415
f 3332/9551/3445 3349/9589/3459 3338/9566/3451
f 3306/9528/3434 3339/9587/3458 3332/9551/3445
f 3333/9590/3460 3304/9513/3430 3301/9524/3429
f 3262/9292/3356 3340/9591/3461 3322/9592/3446
f 3168/9314/3274 3328/9586/3457 3292/9593/3326
f 3318/9578/3437 3313/9535/3438 3273/9467/3401
f 3302/9594/3431 3305/9595/3432 3311/9533/3436
f 3311/9533/3436 3305/9595/3432 3327/9570/3454
f 3320/9596/3447 3329/9597/3455 3326/9598/3439
f 3329/9582/3455 3286/9460/3410 3312/9550/3444
f 3317/9557/3448 3334/9599/3462 3323/9560/3449
f 3314/9523/3433 3319/9473/3416 3325/9600/3450
f 3334/9599/3462 3331/9493/3407 3323/9560/3449
f 3325/9600/3450 3319/9473/3416 3342/9601/3463
f 3321/9540/3440 3333/9590/3460 3301/9524/3429
f 3329/9582/3455 3312/9550/3444 3335/9602/3464
f 3300/9448/3405 3327/9570/3454 3341/9603/3465
f 3300/9448/3405 3341/9603/3465 3317/9557/3448
f 3319/9604/3416 3338/9605/3451 3342/9606/3463
f 3339/9587/3458 3322/9552/3446 3340/9607/3461
f 3330/9608/3453 3336/9609/3466 3305/9595/3432
f 3305/9595/3432 3336/9609/3466 3327/9570/3454
f 3334/9599/3462 3337/9610/3467 3331/9493/3407
f 3330/9569/3453 3326/9549/3439 3356/9611/3468
f 3312/9550/3444 3325/9565/3450 3335/9602/3464
f 3317/9557/3448 3343/9612/3469 3334/9599/3462
f 3326/9549/3439 3329/9582/3455 3356/9611/3468
f 3329/9582/3455 3335/9602/3464 3348/9613/3470
f 3341/9603/3465 3343/9612/3469 3317/9557/3448
f 3341/9603/3465 3344/9614/3471 3343/9612/3469
f 3345/9615/3472 3344/9616/3473 3343/9617/3474
f 3344/9614/3471 3341/9603/3465 3334/9599/3462
f 3343/9612/3469 3344/9614/3471 3334/9599/3462
f 3331/9493/3407 3337/9610/3467 3324/9618/3452
f 3329/9582/3455 3348/9613/3470 3347/9619/3475
f 3333/9620/3460 3350/9621/3476 3304/9622/3430
f 3350/9621/3476 3310/9623/3435 3304/9622/3430
f 3184/9624/3307 3292/9210/3326 3354/9625/3477
f 3329/9582/3455 3347/9619/3475 3356/9611/3468
f 3341/9603/3465 3327/9570/3454 3351/9626/3478
f 3325/9600/3450 3342/9601/3463 3335/9627/3464
f 3333/9620/3460 3352/9628/3479 3350/9621/3476
f 3350/9621/3476 3361/9629/3480 3310/9623/3435
f 3262/9292/3356 3346/9584/3456 3340/9591/3461
f 3342/9606/3463 3353/9630/3481 3335/9602/3464
f 3334/9599/3462 3367/9631/3482 3337/9610/3467
f 3324/9632/3452 3352/9633/3479 3321/9634/3440
f 3339/9587/3458 3340/9607/3461 3332/9551/3445
f 3332/9551/3445 3340/9607/3461 3349/9589/3459
f 3321/9635/3440 3352/9628/3479 3333/9620/3460
f 3346/9584/3456 3184/9235/3307 3354/9636/3477
f 3335/9602/3464 3353/9630/3481 3348/9613/3470
f 3341/9603/3465 3355/9637/3483 3334/9599/3462
f 3330/9608/3453 3356/9638/3468 3336/9609/3466
f 3351/9626/3478 3355/9637/3483 3341/9603/3465
f 3357/9639/3484 3342/9606/3463 3338/9605/3451
f 3336/9609/3466 3351/9626/3478 3327/9570/3454
f 3342/9640/3463 3357/9641/3484 3353/9642/3481
f 3347/9619/3475 3348/9613/3470 3356/9611/3468
f 3355/9637/3483 3367/9631/3482 3334/9599/3462
f 3337/9643/3467 3364/9644/3485 3324/9632/3452
f 3349/9589/3459 3340/9607/3461 3338/9645/3451
f 3324/9632/3452 3364/9644/3485 3352/9633/3479
f 3352/9646/3479 3364/9647/3485 3350/9648/3476
f 3340/9649/3461 3346/9650/3456 3368/9651/3486
f 3348/9652/3470 3353/9642/3481 3358/9653/3487
f 3340/9607/3461 3368/9654/3486 3338/9645/3451
f 3361/9655/3480 3328/9656/3457 3310/9531/3435
f 3292/9210/3326 3328/9657/3457 3354/9658/3477
f 3356/9638/3468 3359/9659/3488 3336/9609/3466
f 3358/9660/3487 3363/9661/3489 3348/9613/3470
f 3351/9626/3478 3367/9631/3482 3355/9637/3483
f 3353/9642/3481 3357/9641/3484 3358/9662/3487
f 3358/9662/3487 3357/9641/3484 3363/9663/3489
f 3367/9664/3482 3364/9665/3485 3337/9666/3467
f 3368/9654/3486 3346/9667/3456 3360/9668/3490
f 3351/9626/3478 3362/9669/3491 3367/9631/3482
f 3357/9641/3484 3338/9645/3451 3368/9654/3486
f 3364/9670/3485 3360/9671/3490 3350/9648/3476
f 3350/9648/3476 3365/9672/3492 3361/9655/3480
f 3356/9611/3468 3348/9613/3470 3359/9673/3488
f 3336/9609/3466 3359/9659/3488 3351/9626/3478
f 3359/9659/3488 3362/9669/3491 3351/9626/3478
f 3348/9613/3470 3363/9661/3489 3366/9674/3493
f 3360/9668/3490 3364/9644/3485 3368/9654/3486
f 3360/9671/3490 3365/9672/3492 3350/9648/3476
f 3360/9671/3490 3346/9675/3456 3365/9672/3492
f 3348/9613/3470 3366/9674/3493 3359/9673/3488
f 3363/9663/3489 3368/9654/3486 3366/9676/3493
f 3357/9641/3484 3368/9654/3486 3363/9663/3489
f 3367/9677/3482 3368/9654/3486 3364/9644/3485
f 3365/9672/3492 3328/9656/3457 3361/9655/3480
f 3359/9659/3488 3367/9631/3482 3362/9669/3491
f 3366/9676/3493 3368/9654/3486 3367/9677/3482
f 3346/9675/3456 3354/9678/3477 3365/9672/3492
f 3365/9672/3492 3354/9678/3477 3328/9656/3457
f 3359/9659/3488 3366/9679/3493 3367/9631/3482
